scenario_number,scenario_id,profile_type,direction,duration_hours,metric,method_a,method_b,difference_definition,lower_is_better,n_anchor_pairs,median_difference_hours,ci95_low,ci95_high,bootstrap_repeats
1,constant_24h,constant,none,,primary_rmse_hours,STFT,CWT_pyBOAT,method_b_minus_method_a,True,53,-0.0778919014989437,-0.09606844110903062,-0.05840572837789979,2000
1,constant_24h,constant,none,,primary_rmse_hours,STFT,Hilbert,method_b_minus_method_a,True,53,0.1322251671999869,0.09167402865932628,0.1402499863309873,2000
1,constant_24h,constant,none,,primary_rmse_hours,CWT_pyBOAT,Hilbert,method_b_minus_method_a,True,53,0.20266886215868535,0.19658592423897273,0.22628151629254792,2000
1,constant_24h,constant,none,,full_trajectory_rmse_hours,STFT,CWT_pyBOAT,method_b_minus_method_a,True,53,-0.0778919014989437,-0.09606844110903062,-0.05840572837789979,2000
1,constant_24h,constant,none,,full_trajectory_rmse_hours,STFT,Hilbert,method_b_minus_method_a,True,53,0.1322251671999869,0.09167402865932628,0.1402499863309873,2000
1,constant_24h,constant,none,,full_trajectory_rmse_hours,CWT_pyBOAT,Hilbert,method_b_minus_method_a,True,53,0.20266886215868535,0.19658592423897273,0.22638415756433147,2000
2,linear_21to27h,linear_chirp,lengthening,,primary_rmse_hours,STFT,CWT_pyBOAT,method_b_minus_method_a,True,53,-0.05405325422400051,-0.0702221324604303,-0.043808377869701584,2000
2,linear_21to27h,linear_chirp,lengthening,,primary_rmse_hours,STFT,Hilbert,method_b_minus_method_a,True,53,0.2514261973023847,0.22162027609157983,0.27212219691554207,2000
2,linear_21to27h,linear_chirp,lengthening,,primary_rmse_hours,CWT_pyBOAT,Hilbert,method_b_minus_method_a,True,53,0.3158640354945273,0.2811436918923072,0.35853370071528146,2000
2,linear_21to27h,linear_chirp,lengthening,,full_trajectory_rmse_hours,STFT,CWT_pyBOAT,method_b_minus_method_a,True,53,-0.05405325422400051,-0.0702221324604303,-0.043808377869701584,2000
2,linear_21to27h,linear_chirp,lengthening,,full_trajectory_rmse_hours,STFT,Hilbert,method_b_minus_method_a,True,53,0.2514261973023847,0.22162027609157983,0.27212219691554207,2000
2,linear_21to27h,linear_chirp,lengthening,,full_trajectory_rmse_hours,CWT_pyBOAT,Hilbert,method_b_minus_method_a,True,53,0.3158640354945273,0.2830771158803837,0.35853370071528146,2000
3,linear_27to21h,linear_chirp,shortening,,primary_rmse_hours,STFT,CWT_pyBOAT,method_b_minus_method_a,True,53,-0.05975497780376794,-0.07650383514027616,-0.028779251676889175,2000
3,linear_27to21h,linear_chirp,shortening,,primary_rmse_hours,STFT,Hilbert,method_b_minus_method_a,True,53,0.1727463085043744,0.16125428282376641,0.2096605593109093,2000
3,linear_27to21h,linear_chirp,shortening,,primary_rmse_hours,CWT_pyBOAT,Hilbert,method_b_minus_method_a,True,53,0.24939703111167288,0.2417667478362649,0.2739351181600728,2000
3,linear_27to21h,linear_chirp,shortening,,full_trajectory_rmse_hours,STFT,CWT_pyBOAT,method_b_minus_method_a,True,53,-0.05975497780376794,-0.07650383514027616,-0.028779251676889175,2000
3,linear_27to21h,linear_chirp,shortening,,full_trajectory_rmse_hours,STFT,Hilbert,method_b_minus_method_a,True,53,0.1727463085043744,0.16125428282376641,0.2096605593109093,2000
3,linear_27to21h,linear_chirp,shortening,,full_trajectory_rmse_hours,CWT_pyBOAT,Hilbert,method_b_minus_method_a,True,53,0.24939703111167288,0.2417667478362649,0.2739351181600728,2000
4,sustained_lengthening_24h,causal_sustained_transition,lengthening,24.0,primary_rmse_hours,STFT,CWT_pyBOAT,method_b_minus_method_a,True,53,0.3097427864969174,0.3026561141547918,0.34103373429218853,2000
4,sustained_lengthening_24h,causal_sustained_transition,lengthening,24.0,primary_rmse_hours,STFT,Hilbert,method_b_minus_method_a,True,53,0.0772217932693835,0.07149161011029498,0.13543688513950447,2000
4,sustained_lengthening_24h,causal_sustained_transition,lengthening,24.0,primary_rmse_hours,CWT_pyBOAT,Hilbert,method_b_minus_method_a,True,53,-0.22995581411888477,-0.23134304028032265,-0.20526640206508423,2000
4,sustained_lengthening_24h,causal_sustained_transition,lengthening,24.0,full_trajectory_rmse_hours,STFT,CWT_pyBOAT,method_b_minus_method_a,True,53,0.13711404827066542,0.13228611698387538,0.15370602056917423,2000
4,sustained_lengthening_24h,causal_sustained_transition,lengthening,24.0,full_trajectory_rmse_hours,STFT,Hilbert,method_b_minus_method_a,True,53,0.16182444653974842,0.1436285452552959,0.1913141909715424,2000
4,sustained_lengthening_24h,causal_sustained_transition,lengthening,24.0,full_trajectory_rmse_hours,CWT_pyBOAT,Hilbert,method_b_minus_method_a,True,53,0.028430123035471377,0.015031229462728168,0.0542962319761332,2000
8,sustained_lengthening_48h,causal_sustained_transition,lengthening,48.0,primary_rmse_hours,STFT,CWT_pyBOAT,method_b_minus_method_a,True,53,0.22306130237574737,0.22013561561302666,0.22755909630164198,2000
8,sustained_lengthening_48h,causal_sustained_transition,lengthening,48.0,primary_rmse_hours,STFT,Hilbert,method_b_minus_method_a,True,53,0.05570737520723193,0.05245216519096965,0.06230035152784483,2000
8,sustained_lengthening_48h,causal_sustained_transition,lengthening,48.0,primary_rmse_hours,CWT_pyBOAT,Hilbert,method_b_minus_method_a,True,53,-0.17340446809078486,-0.17802889984986148,-0.1505667648244841,2000
8,sustained_lengthening_48h,causal_sustained_transition,lengthening,48.0,full_trajectory_rmse_hours,STFT,CWT_pyBOAT,method_b_minus_method_a,True,53,0.10380260545748021,0.10063093001480994,0.10749757302864749,2000
8,sustained_lengthening_48h,causal_sustained_transition,lengthening,48.0,full_trajectory_rmse_hours,STFT,Hilbert,method_b_minus_method_a,True,53,0.17586142265651225,0.15757398290971378,0.21047351033354744,2000
8,sustained_lengthening_48h,causal_sustained_transition,lengthening,48.0,full_trajectory_rmse_hours,CWT_pyBOAT,Hilbert,method_b_minus_method_a,True,53,0.06882893751789942,0.05092133646620095,0.09917676167761608,2000
12,sustained_lengthening_72h,causal_sustained_transition,lengthening,72.0,primary_rmse_hours,STFT,CWT_pyBOAT,method_b_minus_method_a,True,53,0.12737239539400036,0.12435534959772149,0.1325274340044211,2000
12,sustained_lengthening_72h,causal_sustained_transition,lengthening,72.0,primary_rmse_hours,STFT,Hilbert,method_b_minus_method_a,True,53,0.10857815654521391,0.07195533849124794,0.2037612914091839,2000
12,sustained_lengthening_72h,causal_sustained_transition,lengthening,72.0,primary_rmse_hours,CWT_pyBOAT,Hilbert,method_b_minus_method_a,True,53,-0.0034083523013793693,-0.039429323198887534,0.02827103012372062,2000
12,sustained_lengthening_72h,causal_sustained_transition,lengthening,72.0,full_trajectory_rmse_hours,STFT,CWT_pyBOAT,method_b_minus_method_a,True,53,0.06242896561939154,0.058264121751169684,0.06463799158080549,2000
12,sustained_lengthening_72h,causal_sustained_transition,lengthening,72.0,full_trajectory_rmse_hours,STFT,Hilbert,method_b_minus_method_a,True,53,0.22576255699981085,0.17912148013961837,0.25106784688324557,2000
12,sustained_lengthening_72h,causal_sustained_transition,lengthening,72.0,full_trajectory_rmse_hours,CWT_pyBOAT,Hilbert,method_b_minus_method_a,True,53,0.12260302781270582,0.10228833927195694,0.17486032548220437,2000
6,sustained_shortening_24h,causal_sustained_transition,shortening,24.0,primary_rmse_hours,STFT,CWT_pyBOAT,method_b_minus_method_a,True,53,0.2585230633220421,0.2540161602167429,0.262131458686738,2000
6,sustained_shortening_24h,causal_sustained_transition,shortening,24.0,primary_rmse_hours,STFT,Hilbert,method_b_minus_method_a,True,53,0.10687370146911501,0.10263381288128565,0.12317603618009837,2000
6,sustained_shortening_24h,causal_sustained_transition,shortening,24.0,primary_rmse_hours,CWT_pyBOAT,Hilbert,method_b_minus_method_a,True,53,-0.1535456439593058,-0.15497307713330855,-0.15288121485717066,2000
6,sustained_shortening_24h,causal_sustained_transition,shortening,24.0,full_trajectory_rmse_hours,STFT,CWT_pyBOAT,method_b_minus_method_a,True,53,0.1350761338543973,0.12910745969944165,0.13820123837195217,2000
6,sustained_shortening_24h,causal_sustained_transition,shortening,24.0,full_trajectory_rmse_hours,STFT,Hilbert,method_b_minus_method_a,True,53,0.2721442543560927,0.2605394392599568,0.2823581975224467,2000
6,sustained_shortening_24h,causal_sustained_transition,shortening,24.0,full_trajectory_rmse_hours,CWT_pyBOAT,Hilbert,method_b_minus_method_a,True,53,0.1347601846874179,0.11484249094743382,0.1429407734856265,2000
10,sustained_shortening_48h,causal_sustained_transition,shortening,48.0,primary_rmse_hours,STFT,CWT_pyBOAT,method_b_minus_method_a,True,53,0.17417377535126666,0.1596133841671048,0.17562181881934225,2000
10,sustained_shortening_48h,causal_sustained_transition,shortening,48.0,primary_rmse_hours,STFT,Hilbert,method_b_minus_method_a,True,53,0.08615305180770577,0.07404454957897932,0.1094849103682165,2000
10,sustained_shortening_48h,causal_sustained_transition,shortening,48.0,primary_rmse_hours,CWT_pyBOAT,Hilbert,method_b_minus_method_a,True,53,-0.08549260342609294,-0.09234983245053585,-0.07406589583748124,2000
10,sustained_shortening_48h,causal_sustained_transition,shortening,48.0,full_trajectory_rmse_hours,STFT,CWT_pyBOAT,method_b_minus_method_a,True,53,0.08772641390917196,0.08288597182597054,0.09718940320409378,2000
10,sustained_shortening_48h,causal_sustained_transition,shortening,48.0,full_trajectory_rmse_hours,STFT,Hilbert,method_b_minus_method_a,True,53,0.27825916593998223,0.2300172235864977,0.2984010587743696,2000
10,sustained_shortening_48h,causal_sustained_transition,shortening,48.0,full_trajectory_rmse_hours,CWT_pyBOAT,Hilbert,method_b_minus_method_a,True,53,0.17796130285625386,0.14119090210923807,0.20346365271002684,2000
14,sustained_shortening_72h,causal_sustained_transition,shortening,72.0,primary_rmse_hours,STFT,CWT_pyBOAT,method_b_minus_method_a,True,53,0.11128023237306468,0.10992736702159371,0.1129212733394384,2000
14,sustained_shortening_72h,causal_sustained_transition,shortening,72.0,primary_rmse_hours,STFT,Hilbert,method_b_minus_method_a,True,53,0.1506418057857974,0.12872994349964761,0.3113398120507477,2000
14,sustained_shortening_72h,causal_sustained_transition,shortening,72.0,primary_rmse_hours,CWT_pyBOAT,Hilbert,method_b_minus_method_a,True,53,0.04117463724745765,0.019002048077138622,0.1830888691482298,2000
14,sustained_shortening_72h,causal_sustained_transition,shortening,72.0,full_trajectory_rmse_hours,STFT,CWT_pyBOAT,method_b_minus_method_a,True,53,0.052367302917535746,0.040697801500411024,0.05615640643779099,2000
14,sustained_shortening_72h,causal_sustained_transition,shortening,72.0,full_trajectory_rmse_hours,STFT,Hilbert,method_b_minus_method_a,True,53,0.2714220130642756,0.22518948332803804,0.3249123417050241,2000
14,sustained_shortening_72h,causal_sustained_transition,shortening,72.0,full_trajectory_rmse_hours,CWT_pyBOAT,Hilbert,method_b_minus_method_a,True,53,0.23350552298204832,0.18007281851958182,0.2675836542190001,2000
5,transient_lengthening_24h,causal_transient_pulse,lengthening,24.0,primary_rmse_hours,STFT,CWT_pyBOAT,method_b_minus_method_a,True,53,0.22480697984105524,0.22238541060239225,0.2256991009567294,2000
5,transient_lengthening_24h,causal_transient_pulse,lengthening,24.0,primary_rmse_hours,STFT,Hilbert,method_b_minus_method_a,True,53,0.14512054100892446,0.13638889115875275,0.17045938267446314,2000
5,transient_lengthening_24h,causal_transient_pulse,lengthening,24.0,primary_rmse_hours,CWT_pyBOAT,Hilbert,method_b_minus_method_a,True,53,-0.08270727677427347,-0.08654155470067726,-0.05595684987687288,2000
5,transient_lengthening_24h,causal_transient_pulse,lengthening,24.0,full_trajectory_rmse_hours,STFT,CWT_pyBOAT,method_b_minus_method_a,True,53,0.114250498028242,0.11284278272694037,0.11599770121160469,2000
5,transient_lengthening_24h,causal_transient_pulse,lengthening,24.0,full_trajectory_rmse_hours,STFT,Hilbert,method_b_minus_method_a,True,53,0.1340343941722929,0.12094868627870381,0.14733664431217208,2000
5,transient_lengthening_24h,causal_transient_pulse,lengthening,24.0,full_trajectory_rmse_hours,CWT_pyBOAT,Hilbert,method_b_minus_method_a,True,53,0.020396179999395636,0.00840280181847336,0.03191387181475247,2000
9,transient_lengthening_48h,causal_transient_pulse,lengthening,48.0,primary_rmse_hours,STFT,CWT_pyBOAT,method_b_minus_method_a,True,53,0.4603436296176179,0.44778958986031014,0.4742391891596349,2000
9,transient_lengthening_48h,causal_transient_pulse,lengthening,48.0,primary_rmse_hours,STFT,Hilbert,method_b_minus_method_a,True,53,0.2812898718257269,0.27373285854229745,0.2998289007075365,2000
9,transient_lengthening_48h,causal_transient_pulse,lengthening,48.0,primary_rmse_hours,CWT_pyBOAT,Hilbert,method_b_minus_method_a,True,53,-0.19446698555853892,-0.1962451967187946,-0.17871205185985628,2000
9,transient_lengthening_48h,causal_transient_pulse,lengthening,48.0,full_trajectory_rmse_hours,STFT,CWT_pyBOAT,method_b_minus_method_a,True,53,0.27842820565002396,0.2700409241734122,0.2846264427911751,2000
9,transient_lengthening_48h,causal_transient_pulse,lengthening,48.0,full_trajectory_rmse_hours,STFT,Hilbert,method_b_minus_method_a,True,53,0.21040353546816415,0.19966405119926606,0.22083378012177157,2000
9,transient_lengthening_48h,causal_transient_pulse,lengthening,48.0,full_trajectory_rmse_hours,CWT_pyBOAT,Hilbert,method_b_minus_method_a,True,53,-0.07172063560476855,-0.07954503062193796,-0.06020060282249845,2000
13,transient_lengthening_72h,causal_transient_pulse,lengthening,72.0,primary_rmse_hours,STFT,CWT_pyBOAT,method_b_minus_method_a,True,53,0.5070378799825427,0.4892292489216782,0.5092075847596578,2000
13,transient_lengthening_72h,causal_transient_pulse,lengthening,72.0,primary_rmse_hours,STFT,Hilbert,method_b_minus_method_a,True,53,0.2928397345218311,0.27351197017218476,0.30254968861337406,2000
13,transient_lengthening_72h,causal_transient_pulse,lengthening,72.0,primary_rmse_hours,CWT_pyBOAT,Hilbert,method_b_minus_method_a,True,53,-0.19758966576408887,-0.20520142834432076,-0.19433882858296891,2000
13,transient_lengthening_72h,causal_transient_pulse,lengthening,72.0,full_trajectory_rmse_hours,STFT,CWT_pyBOAT,method_b_minus_method_a,True,53,0.32850616052780945,0.3224212787829349,0.33893527035615356,2000
13,transient_lengthening_72h,causal_transient_pulse,lengthening,72.0,full_trajectory_rmse_hours,STFT,Hilbert,method_b_minus_method_a,True,53,0.22578714710895195,0.20817630142954321,0.2330605977088078,2000
13,transient_lengthening_72h,causal_transient_pulse,lengthening,72.0,full_trajectory_rmse_hours,CWT_pyBOAT,Hilbert,method_b_minus_method_a,True,53,-0.10173241299393587,-0.11299643912952378,-0.09119600467971528,2000
7,transient_shortening_24h,causal_transient_pulse,shortening,24.0,primary_rmse_hours,STFT,CWT_pyBOAT,method_b_minus_method_a,True,53,0.1880785493934488,0.18780358415361664,0.18921053804100563,2000
7,transient_shortening_24h,causal_transient_pulse,shortening,24.0,primary_rmse_hours,STFT,Hilbert,method_b_minus_method_a,True,53,0.13371527100398972,0.10077479030116387,0.13972227448171481,2000
7,transient_shortening_24h,causal_transient_pulse,shortening,24.0,primary_rmse_hours,CWT_pyBOAT,Hilbert,method_b_minus_method_a,True,53,-0.05408831314962692,-0.08763019665702654,-0.04972838895580556,2000
7,transient_shortening_24h,causal_transient_pulse,shortening,24.0,full_trajectory_rmse_hours,STFT,CWT_pyBOAT,method_b_minus_method_a,True,53,0.09369200908543807,0.09267876357312183,0.0989840280914111,2000
7,transient_shortening_24h,causal_transient_pulse,shortening,24.0,full_trajectory_rmse_hours,STFT,Hilbert,method_b_minus_method_a,True,53,0.12352722477398653,0.10996839572739375,0.14196667081350933,2000
7,transient_shortening_24h,causal_transient_pulse,shortening,24.0,full_trajectory_rmse_hours,CWT_pyBOAT,Hilbert,method_b_minus_method_a,True,53,0.021661595782661858,0.014373709776920651,0.04619388936576668,2000
11,transient_shortening_48h,causal_transient_pulse,shortening,48.0,primary_rmse_hours,STFT,CWT_pyBOAT,method_b_minus_method_a,True,53,0.38730084788105407,0.3847466956900848,0.3877944743122965,2000
11,transient_shortening_48h,causal_transient_pulse,shortening,48.0,primary_rmse_hours,STFT,Hilbert,method_b_minus_method_a,True,53,0.21506137198242226,0.18331935445943515,0.23748098218859837,2000
11,transient_shortening_48h,causal_transient_pulse,shortening,48.0,primary_rmse_hours,CWT_pyBOAT,Hilbert,method_b_minus_method_a,True,53,-0.14962146914489072,-0.20285012819303905,-0.14834712700769037,2000
11,transient_shortening_48h,causal_transient_pulse,shortening,48.0,full_trajectory_rmse_hours,STFT,CWT_pyBOAT,method_b_minus_method_a,True,53,0.2237013411548388,0.22123179237825324,0.22971703135783822,2000
11,transient_shortening_48h,causal_transient_pulse,shortening,48.0,full_trajectory_rmse_hours,STFT,Hilbert,method_b_minus_method_a,True,53,0.1894397211174032,0.1618166646408291,0.19419167978984336,2000
11,transient_shortening_48h,causal_transient_pulse,shortening,48.0,full_trajectory_rmse_hours,CWT_pyBOAT,Hilbert,method_b_minus_method_a,True,53,-0.04345439313817662,-0.0571939375605654,-0.031692478939405244,2000
15,transient_shortening_72h,causal_transient_pulse,shortening,72.0,primary_rmse_hours,STFT,CWT_pyBOAT,method_b_minus_method_a,True,53,0.3332104191003834,0.32003627755768066,0.33924346778878056,2000
15,transient_shortening_72h,causal_transient_pulse,shortening,72.0,primary_rmse_hours,STFT,Hilbert,method_b_minus_method_a,True,53,0.09637919605693585,0.08532771358844277,0.10695142781997663,2000
15,transient_shortening_72h,causal_transient_pulse,shortening,72.0,primary_rmse_hours,CWT_pyBOAT,Hilbert,method_b_minus_method_a,True,53,-0.23510925694590956,-0.24201507919106013,-0.23081798153781952,2000
15,transient_shortening_72h,causal_transient_pulse,shortening,72.0,full_trajectory_rmse_hours,STFT,CWT_pyBOAT,method_b_minus_method_a,True,53,0.21591188571408448,0.20999182920522452,0.22031529708657438,2000
15,transient_shortening_72h,causal_transient_pulse,shortening,72.0,full_trajectory_rmse_hours,STFT,Hilbert,method_b_minus_method_a,True,53,0.09706834345027371,0.08742111322777493,0.10749265744624692,2000
15,transient_shortening_72h,causal_transient_pulse,shortening,72.0,full_trajectory_rmse_hours,CWT_pyBOAT,Hilbert,method_b_minus_method_a,True,53,-0.11282263964032746,-0.12106326473860202,-0.11009409402181203,2000
