scenario_number,scenario_id,profile_type,direction,duration_hours,method,metric,primary_metric,n_anchors_total,n_anchors_valid,median,ci95_low,ci95_high,bootstrap_repeats
1,constant_24h,constant,none,,CWT_pyBOAT,primary_rmse_hours,True,53,53,0.046367721954745804,0.04069590126034195,0.051965553482090414,2000
1,constant_24h,constant,none,,CWT_pyBOAT,full_trajectory_rmse_hours,False,53,53,0.046367721954745804,0.04069590126034195,0.051747853655470806,2000
1,constant_24h,constant,none,,CWT_pyBOAT,primary_bias_hours,False,53,53,-0.028155086703720765,-0.03211373177490529,-0.02206838387750674,2000
1,constant_24h,constant,none,,CWT_pyBOAT,within_1h_fraction,False,53,53,1.0,1.0,1.0,2000
1,constant_24h,constant,none,,Hilbert,primary_rmse_hours,True,53,53,0.2497739479366653,0.23605388076841785,0.26898950956935946,2000
1,constant_24h,constant,none,,Hilbert,full_trajectory_rmse_hours,False,53,53,0.2497739479366653,0.23605388076841785,0.26898950956935946,2000
1,constant_24h,constant,none,,Hilbert,primary_bias_hours,False,53,53,0.08354770600648932,0.06881473905139934,0.09250866013671068,2000
1,constant_24h,constant,none,,Hilbert,within_1h_fraction,False,53,53,1.0,1.0,1.0,2000
1,constant_24h,constant,none,,STFT,primary_rmse_hours,True,53,53,0.1148878849487502,0.10917386712248828,0.12955325575009358,2000
1,constant_24h,constant,none,,STFT,full_trajectory_rmse_hours,False,53,53,0.1148878849487502,0.10917386712248828,0.12955325575009358,2000
1,constant_24h,constant,none,,STFT,primary_bias_hours,False,53,53,-0.06851975674212883,-0.07559663660621875,-0.065992299647811,2000
1,constant_24h,constant,none,,STFT,within_1h_fraction,False,53,53,1.0,1.0,1.0,2000
2,linear_21to27h,linear_chirp,lengthening,,CWT_pyBOAT,primary_rmse_hours,True,53,53,0.08839695043877276,0.0752153138114326,0.10135610584282438,2000
2,linear_21to27h,linear_chirp,lengthening,,CWT_pyBOAT,full_trajectory_rmse_hours,False,53,53,0.08839695043877276,0.0752153138114326,0.10135610584282438,2000
2,linear_21to27h,linear_chirp,lengthening,,CWT_pyBOAT,primary_bias_hours,False,53,53,-0.03650420331328825,-0.04096014582944562,-0.03426706095475512,2000
2,linear_21to27h,linear_chirp,lengthening,,CWT_pyBOAT,primary_pearson,False,53,53,0.9991756168836493,0.998927480226008,0.9993258588657304,2000
2,linear_21to27h,linear_chirp,lengthening,,CWT_pyBOAT,dynamic_range_ratio,False,53,53,0.9029406290712793,0.8900212543428597,0.9243290449320564,2000
2,linear_21to27h,linear_chirp,lengthening,,CWT_pyBOAT,within_1h_fraction,False,53,53,1.0,1.0,1.0,2000
2,linear_21to27h,linear_chirp,lengthening,,Hilbert,primary_rmse_hours,True,53,53,0.3969183293289751,0.36688666129428055,0.42433448351622577,2000
2,linear_21to27h,linear_chirp,lengthening,,Hilbert,full_trajectory_rmse_hours,False,53,53,0.3969183293289751,0.36688666129428055,0.42433448351622577,2000
2,linear_21to27h,linear_chirp,lengthening,,Hilbert,primary_bias_hours,False,53,53,0.011973216275119825,-0.0009629091355067375,0.016787776705925895,2000
2,linear_21to27h,linear_chirp,lengthening,,Hilbert,primary_pearson,False,53,53,0.9617736818662297,0.9558514025790136,0.9678438641754453,2000
2,linear_21to27h,linear_chirp,lengthening,,Hilbert,dynamic_range_ratio,False,53,53,1.00606482615782,0.9897192158741253,1.0194257463630958,2000
2,linear_21to27h,linear_chirp,lengthening,,Hilbert,within_1h_fraction,False,53,53,0.9473684210526315,0.9473684210526315,0.9736842105263158,2000
2,linear_21to27h,linear_chirp,lengthening,,STFT,primary_rmse_hours,True,53,53,0.14417759961460774,0.14115529344122993,0.1522122866006837,2000
2,linear_21to27h,linear_chirp,lengthening,,STFT,full_trajectory_rmse_hours,False,53,53,0.14417759961460774,0.14115529344122993,0.1522122866006837,2000
2,linear_21to27h,linear_chirp,lengthening,,STFT,primary_bias_hours,False,53,53,-0.03469752703443472,-0.03829795147174855,-0.03074629764880586,2000
2,linear_21to27h,linear_chirp,lengthening,,STFT,primary_pearson,False,53,53,0.9949212863691128,0.994794589386246,0.9954124875173103,2000
2,linear_21to27h,linear_chirp,lengthening,,STFT,dynamic_range_ratio,False,53,53,0.9705823039156373,0.9530729248542299,0.9717295643221565,2000
2,linear_21to27h,linear_chirp,lengthening,,STFT,within_1h_fraction,False,53,53,1.0,1.0,1.0,2000
3,linear_27to21h,linear_chirp,shortening,,CWT_pyBOAT,primary_rmse_hours,True,53,53,0.08844637135340516,0.0699915232088231,0.11050179390480432,2000
3,linear_27to21h,linear_chirp,shortening,,CWT_pyBOAT,full_trajectory_rmse_hours,False,53,53,0.08844637135340516,0.0699915232088231,0.11050179390480432,2000
3,linear_27to21h,linear_chirp,shortening,,CWT_pyBOAT,primary_bias_hours,False,53,53,-0.027793804136069834,-0.03708213789035778,-0.022975174385240858,2000
3,linear_27to21h,linear_chirp,shortening,,CWT_pyBOAT,primary_pearson,False,53,53,0.9990212507421028,0.9983857423720467,0.9994576200473605,2000
3,linear_27to21h,linear_chirp,shortening,,CWT_pyBOAT,dynamic_range_ratio,False,53,53,0.9137893560004091,0.8938413469401718,0.9243290449320571,2000
3,linear_27to21h,linear_chirp,shortening,,CWT_pyBOAT,within_1h_fraction,False,53,53,1.0,1.0,1.0,2000
3,linear_27to21h,linear_chirp,shortening,,Hilbert,primary_rmse_hours,True,53,53,0.32071692655959566,0.3137174069022775,0.35690993091175977,2000
3,linear_27to21h,linear_chirp,shortening,,Hilbert,full_trajectory_rmse_hours,False,53,53,0.32071692655959566,0.3137174069022775,0.35690993091175977,2000
3,linear_27to21h,linear_chirp,shortening,,Hilbert,primary_bias_hours,False,53,53,0.10231751391197083,0.09618469546874589,0.12028923638731974,2000
3,linear_27to21h,linear_chirp,shortening,,Hilbert,primary_pearson,False,53,53,0.976103139526938,0.9715977885966947,0.9775479719162531,2000
3,linear_27to21h,linear_chirp,shortening,,Hilbert,dynamic_range_ratio,False,53,53,0.965105683436485,0.9213089392729238,0.9891362519448262,2000
3,linear_27to21h,linear_chirp,shortening,,Hilbert,within_1h_fraction,False,53,53,0.9736842105263158,0.9534883720930233,0.9767441860465116,2000
3,linear_27to21h,linear_chirp,shortening,,STFT,primary_rmse_hours,True,53,53,0.14684352538379053,0.14610377702924543,0.14762564880424742,2000
3,linear_27to21h,linear_chirp,shortening,,STFT,full_trajectory_rmse_hours,False,53,53,0.14684352538379053,0.14610377702924543,0.14762564880424742,2000
3,linear_27to21h,linear_chirp,shortening,,STFT,primary_bias_hours,False,53,53,-0.03783012291444901,-0.038239439667256105,-0.03589108978522264,2000
3,linear_27to21h,linear_chirp,shortening,,STFT,primary_pearson,False,53,53,0.9952089010154963,0.9947945893862461,0.9954289175676828,2000
3,linear_27to21h,linear_chirp,shortening,,STFT,dynamic_range_ratio,False,53,53,0.9530729248542299,0.9510515612808385,0.9705823039156373,2000
3,linear_27to21h,linear_chirp,shortening,,STFT,within_1h_fraction,False,53,53,1.0,1.0,1.0,2000
4,sustained_lengthening_24h,causal_sustained_transition,lengthening,24.0,CWT_pyBOAT,primary_rmse_hours,True,53,53,0.6089318410033377,0.6087675945067249,0.6090988744634457,2000
4,sustained_lengthening_24h,causal_sustained_transition,lengthening,24.0,CWT_pyBOAT,full_trajectory_rmse_hours,False,53,53,0.3574218189107292,0.3545227090471389,0.37247993494875514,2000
4,sustained_lengthening_24h,causal_sustained_transition,lengthening,24.0,CWT_pyBOAT,primary_bias_hours,False,53,53,-0.08899705806940972,-0.09506916428531349,-0.08238656780375031,2000
4,sustained_lengthening_24h,causal_sustained_transition,lengthening,24.0,CWT_pyBOAT,primary_pearson,False,53,53,0.951722097807938,0.9509507926348694,0.9522056432550248,2000
4,sustained_lengthening_24h,causal_sustained_transition,lengthening,24.0,CWT_pyBOAT,dynamic_range_ratio,False,53,53,0.8561923838305722,0.853896522238229,0.8601281465603066,2000
4,sustained_lengthening_24h,causal_sustained_transition,lengthening,24.0,CWT_pyBOAT,timing_error_hours,False,53,53,2.255599236059794,2.2360180595891848,2.2764414726488837,2000
4,sustained_lengthening_24h,causal_sustained_transition,lengthening,24.0,CWT_pyBOAT,absolute_timing_error_hours,False,53,53,2.255599236059794,2.2360180595891848,2.2764414726488837,2000
4,sustained_lengthening_24h,causal_sustained_transition,lengthening,24.0,CWT_pyBOAT,within_1h_fraction,False,53,53,0.9285714285714286,0.9285714285714286,0.9285714285714286,2000
4,sustained_lengthening_24h,causal_sustained_transition,lengthening,24.0,Hilbert,primary_rmse_hours,True,53,53,0.37797271651693076,0.37696876434933163,0.4046080052722164,2000
4,sustained_lengthening_24h,causal_sustained_transition,lengthening,24.0,Hilbert,full_trajectory_rmse_hours,False,53,53,0.38642584661908524,0.36801462888988606,0.41353198443059325,2000
4,sustained_lengthening_24h,causal_sustained_transition,lengthening,24.0,Hilbert,primary_bias_hours,False,53,53,0.06370830370951681,0.05848348876288258,0.14395192728428569,2000
4,sustained_lengthening_24h,causal_sustained_transition,lengthening,24.0,Hilbert,primary_pearson,False,53,53,0.9671562751217266,0.9644663966031792,0.9676800741735606,2000
4,sustained_lengthening_24h,causal_sustained_transition,lengthening,24.0,Hilbert,dynamic_range_ratio,False,53,53,1.1070865974080053,1.0790274247321594,1.1388476673501,2000
4,sustained_lengthening_24h,causal_sustained_transition,lengthening,24.0,Hilbert,timing_error_hours,False,53,53,-0.5308402929258307,-2.22708785349937,-0.4471564643041859,2000
4,sustained_lengthening_24h,causal_sustained_transition,lengthening,24.0,Hilbert,absolute_timing_error_hours,False,53,53,0.5308402929258307,0.4471564643041859,2.22708785349937,2000
4,sustained_lengthening_24h,causal_sustained_transition,lengthening,24.0,Hilbert,within_1h_fraction,False,53,53,1.0,1.0,1.0,2000
4,sustained_lengthening_24h,causal_sustained_transition,lengthening,24.0,STFT,primary_rmse_hours,True,53,53,0.3003328155971629,0.2699049057486116,0.30622694033783776,2000
4,sustained_lengthening_24h,causal_sustained_transition,lengthening,24.0,STFT,full_trajectory_rmse_hours,False,53,53,0.2203077706400638,0.21756675142152776,0.22293387473498086,2000
4,sustained_lengthening_24h,causal_sustained_transition,lengthening,24.0,STFT,primary_bias_hours,False,53,53,0.0024793086505468915,-0.02268465207478216,0.016859832236867028,2000
4,sustained_lengthening_24h,causal_sustained_transition,lengthening,24.0,STFT,primary_pearson,False,53,53,0.9769088612582407,0.9759603160061039,0.9811448415428938,2000
4,sustained_lengthening_24h,causal_sustained_transition,lengthening,24.0,STFT,dynamic_range_ratio,False,53,53,1.1178167641325547,1.1178167641325547,1.1178167641325547,2000
4,sustained_lengthening_24h,causal_sustained_transition,lengthening,24.0,STFT,timing_error_hours,False,53,53,1.8330478125000127,1.832927812500003,1.8838851562500167,2000
4,sustained_lengthening_24h,causal_sustained_transition,lengthening,24.0,STFT,absolute_timing_error_hours,False,53,53,1.8330478125000127,1.832927812500003,1.8838851562500167,2000
4,sustained_lengthening_24h,causal_sustained_transition,lengthening,24.0,STFT,within_1h_fraction,False,53,53,1.0,1.0,1.0,2000
5,transient_lengthening_24h,causal_transient_pulse,lengthening,24.0,CWT_pyBOAT,primary_rmse_hours,True,53,53,0.8068428141534904,0.806573772236504,0.8075616696640382,2000
5,transient_lengthening_24h,causal_transient_pulse,lengthening,24.0,CWT_pyBOAT,full_trajectory_rmse_hours,False,53,53,0.4659594137036206,0.46547997692789206,0.49001633493049523,2000
5,transient_lengthening_24h,causal_transient_pulse,lengthening,24.0,CWT_pyBOAT,primary_bias_hours,False,53,53,-0.06858970175560739,-0.06894110914219047,-0.06792202772109844,2000
5,transient_lengthening_24h,causal_transient_pulse,lengthening,24.0,CWT_pyBOAT,primary_pearson,False,53,53,0.6373056483671472,0.6351975816958285,0.6383429462868502,2000
5,transient_lengthening_24h,causal_transient_pulse,lengthening,24.0,CWT_pyBOAT,dynamic_range_ratio,False,53,53,0.14421644370745848,0.14311971114024352,0.14421693990391798,2000
5,transient_lengthening_24h,causal_transient_pulse,lengthening,24.0,CWT_pyBOAT,timing_error_hours,False,53,53,1.2166799999997977,0.49992000000000303,2.1666000000000167,2000
5,transient_lengthening_24h,causal_transient_pulse,lengthening,24.0,CWT_pyBOAT,absolute_timing_error_hours,False,53,53,2.566600000000477,2.1666000000000167,2.581592653061648,2000
5,transient_lengthening_24h,causal_transient_pulse,lengthening,24.0,CWT_pyBOAT,within_1h_fraction,False,53,53,0.8571428571428571,0.8571428571428571,0.8571428571428571,2000
5,transient_lengthening_24h,causal_transient_pulse,lengthening,24.0,Hilbert,primary_rmse_hours,True,53,53,0.7248115736728353,0.7215499222203835,0.7500310257614194,2000
5,transient_lengthening_24h,causal_transient_pulse,lengthening,24.0,Hilbert,full_trajectory_rmse_hours,False,53,53,0.49855325689782926,0.47701709598851977,0.5058127211719502,2000
5,transient_lengthening_24h,causal_transient_pulse,lengthening,24.0,Hilbert,primary_bias_hours,False,53,53,-0.01942268950918827,-0.020916439339293293,0.00742999158052271,2000
5,transient_lengthening_24h,causal_transient_pulse,lengthening,24.0,Hilbert,primary_pearson,False,53,53,0.6680663125858404,0.6613834553202168,0.6755073640127701,2000
5,transient_lengthening_24h,causal_transient_pulse,lengthening,24.0,Hilbert,dynamic_range_ratio,False,53,53,0.2879606207272928,0.24715630677684589,0.3048040754409475,2000
5,transient_lengthening_24h,causal_transient_pulse,lengthening,24.0,Hilbert,timing_error_hours,False,53,53,-1.9039226165133414,-2.493699455143684,-1.229358515773157,2000
5,transient_lengthening_24h,causal_transient_pulse,lengthening,24.0,Hilbert,absolute_timing_error_hours,False,53,53,1.9039226165133414,1.229358515773157,2.493699455143684,2000
5,transient_lengthening_24h,causal_transient_pulse,lengthening,24.0,Hilbert,within_1h_fraction,False,53,53,0.8571428571428571,0.8571428571428571,0.9285714285714286,2000
5,transient_lengthening_24h,causal_transient_pulse,lengthening,24.0,STFT,primary_rmse_hours,True,53,53,0.5802894706819468,0.5802894706819468,0.5875248746749754,2000
5,transient_lengthening_24h,causal_transient_pulse,lengthening,24.0,STFT,full_trajectory_rmse_hours,False,53,53,0.36186742833457675,0.3542068307617465,0.3701342494047755,2000
5,transient_lengthening_24h,causal_transient_pulse,lengthening,24.0,STFT,primary_bias_hours,False,53,53,-0.006944007445261643,-0.03632385436896841,-0.0046602798482509354,2000
5,transient_lengthening_24h,causal_transient_pulse,lengthening,24.0,STFT,primary_pearson,False,53,53,0.7705695832128615,0.7705695832128614,0.7713535317083892,2000
5,transient_lengthening_24h,causal_transient_pulse,lengthening,24.0,STFT,dynamic_range_ratio,False,53,53,0.44889773710895137,0.4454839740526648,0.4488992816031998,2000
5,transient_lengthening_24h,causal_transient_pulse,lengthening,24.0,STFT,timing_error_hours,False,53,53,-2.4999599999998736,-2.4999599999998736,-0.8332799999999736,2000
5,transient_lengthening_24h,causal_transient_pulse,lengthening,24.0,STFT,absolute_timing_error_hours,False,53,53,2.4999599999998736,2.166599999999903,2.499960000000101,2000
5,transient_lengthening_24h,causal_transient_pulse,lengthening,24.0,STFT,within_1h_fraction,False,53,53,0.9285714285714286,0.9285714285714286,0.9285714285714286,2000
6,sustained_shortening_24h,causal_sustained_transition,shortening,24.0,CWT_pyBOAT,primary_rmse_hours,True,53,53,0.5466926090935066,0.5463950019124227,0.5489430407506285,2000
6,sustained_shortening_24h,causal_sustained_transition,shortening,24.0,CWT_pyBOAT,full_trajectory_rmse_hours,False,53,53,0.31768830939224874,0.3159229731387816,0.33433654943677027,2000
6,sustained_shortening_24h,causal_sustained_transition,shortening,24.0,CWT_pyBOAT,primary_bias_hours,False,53,53,-0.06310138090043058,-0.07300577854352015,-0.06011233763000539,2000
6,sustained_shortening_24h,causal_sustained_transition,shortening,24.0,CWT_pyBOAT,primary_pearson,False,53,53,0.9580128750421587,0.9565595186201472,0.9584349617373784,2000
6,sustained_shortening_24h,causal_sustained_transition,shortening,24.0,CWT_pyBOAT,dynamic_range_ratio,False,53,53,0.8968619320378094,0.8907942978294715,0.9007976947675415,2000
6,sustained_shortening_24h,causal_sustained_transition,shortening,24.0,CWT_pyBOAT,timing_error_hours,False,53,53,-1.6382854089435739,-1.6385254089435364,-1.6150090730656643,2000
6,sustained_shortening_24h,causal_sustained_transition,shortening,24.0,CWT_pyBOAT,absolute_timing_error_hours,False,53,53,1.6382854089435739,1.6150090730656643,1.6385254089435364,2000
6,sustained_shortening_24h,causal_sustained_transition,shortening,24.0,CWT_pyBOAT,within_1h_fraction,False,53,53,1.0,1.0,1.0,2000
6,sustained_shortening_24h,causal_sustained_transition,shortening,24.0,Hilbert,primary_rmse_hours,True,53,53,0.39314026334933583,0.3917793411797705,0.39409706380800363,2000
6,sustained_shortening_24h,causal_sustained_transition,shortening,24.0,Hilbert,full_trajectory_rmse_hours,False,53,53,0.4551010496091775,0.44087060476924916,0.4729003703743472,2000
6,sustained_shortening_24h,causal_sustained_transition,shortening,24.0,Hilbert,primary_bias_hours,False,53,53,-0.026786194923307756,-0.07066426742457388,-0.021706910046691723,2000
6,sustained_shortening_24h,causal_sustained_transition,shortening,24.0,Hilbert,primary_pearson,False,53,53,0.9648616927668046,0.9603209776585913,0.9653353859403834,2000
6,sustained_shortening_24h,causal_sustained_transition,shortening,24.0,Hilbert,dynamic_range_ratio,False,53,53,1.0705334099125707,1.067377509316188,1.2018772489296705,2000
6,sustained_shortening_24h,causal_sustained_transition,shortening,24.0,Hilbert,timing_error_hours,False,53,53,-1.5509664837411492,-1.6132141152840518,-0.11211303548390106,2000
6,sustained_shortening_24h,causal_sustained_transition,shortening,24.0,Hilbert,absolute_timing_error_hours,False,53,53,1.5509664837411492,0.8043919479773365,1.6132141152840518,2000
6,sustained_shortening_24h,causal_sustained_transition,shortening,24.0,Hilbert,within_1h_fraction,False,53,53,1.0,1.0,1.0,2000
6,sustained_shortening_24h,causal_sustained_transition,shortening,24.0,STFT,primary_rmse_hours,True,53,53,0.2892805044828594,0.2846915487006342,0.295135935839438,2000
6,sustained_shortening_24h,causal_sustained_transition,shortening,24.0,STFT,full_trajectory_rmse_hours,False,53,53,0.1923031284650542,0.18241847627147847,0.19451892427331163,2000
6,sustained_shortening_24h,causal_sustained_transition,shortening,24.0,STFT,primary_bias_hours,False,53,53,-0.02780500788812062,-0.033109036698728236,-0.022018620833093343,2000
6,sustained_shortening_24h,causal_sustained_transition,shortening,24.0,STFT,primary_pearson,False,53,53,0.9839882798831477,0.9832903893519493,0.9846917442488942,2000
6,sustained_shortening_24h,causal_sustained_transition,shortening,24.0,STFT,dynamic_range_ratio,False,53,53,0.9826960563802665,0.9826960563802665,0.9826960563802665,2000
6,sustained_shortening_24h,causal_sustained_transition,shortening,24.0,STFT,timing_error_hours,False,53,53,-1.3898484375000066,-1.4291171484375127,-1.3896084374999873,2000
6,sustained_shortening_24h,causal_sustained_transition,shortening,24.0,STFT,absolute_timing_error_hours,False,53,53,1.3898484375000066,1.3896084374999873,1.4291171484375127,2000
6,sustained_shortening_24h,causal_sustained_transition,shortening,24.0,STFT,within_1h_fraction,False,53,53,1.0,1.0,1.0,2000
7,transient_shortening_24h,causal_transient_pulse,shortening,24.0,CWT_pyBOAT,primary_rmse_hours,True,53,53,0.7922292367325675,0.7918469653994911,0.7934625202065073,2000
7,transient_shortening_24h,causal_transient_pulse,shortening,24.0,CWT_pyBOAT,full_trajectory_rmse_hours,False,53,53,0.4560007048208071,0.4551357852738686,0.48287446372723686,2000
7,transient_shortening_24h,causal_transient_pulse,shortening,24.0,CWT_pyBOAT,primary_bias_hours,False,53,53,-0.0024297310730203897,-0.0034839532327699224,-0.0019026199931457505,2000
7,transient_shortening_24h,causal_transient_pulse,shortening,24.0,CWT_pyBOAT,primary_pearson,False,53,53,0.6259391252889202,0.6224338302159155,0.6322526616546426,2000
7,transient_shortening_24h,causal_transient_pulse,shortening,24.0,CWT_pyBOAT,dynamic_range_ratio,False,53,53,0.16612331052223417,0.16485941409825197,0.16645522522857165,2000
7,transient_shortening_24h,causal_transient_pulse,shortening,24.0,CWT_pyBOAT,timing_error_hours,False,53,53,1.2166799999999967,0.5000400000000127,1.912547412587685,2000
7,transient_shortening_24h,causal_transient_pulse,shortening,24.0,CWT_pyBOAT,absolute_timing_error_hours,False,53,53,1.4780754098359807,0.8833199999997703,1.912547412587685,2000
7,transient_shortening_24h,causal_transient_pulse,shortening,24.0,CWT_pyBOAT,within_1h_fraction,False,53,53,0.8571428571428571,0.8571428571428571,0.8571428571428571,2000
7,transient_shortening_24h,causal_transient_pulse,shortening,24.0,Hilbert,primary_rmse_hours,True,53,53,0.7351602273200771,0.706433166881009,0.7423326290669964,2000
7,transient_shortening_24h,causal_transient_pulse,shortening,24.0,Hilbert,full_trajectory_rmse_hours,False,53,53,0.4963009417465766,0.4837490304861424,0.5055677136248559,2000
7,transient_shortening_24h,causal_transient_pulse,shortening,24.0,Hilbert,primary_bias_hours,False,53,53,-0.10104620968678901,-0.10348191470233736,-0.07024435314387542,2000
7,transient_shortening_24h,causal_transient_pulse,shortening,24.0,Hilbert,primary_pearson,False,53,53,0.6222769451405692,0.6130511245373153,0.6260826706007566,2000
7,transient_shortening_24h,causal_transient_pulse,shortening,24.0,Hilbert,dynamic_range_ratio,False,53,53,0.36402880758907663,0.33759933954102644,0.3952971772322599,2000
7,transient_shortening_24h,causal_transient_pulse,shortening,24.0,Hilbert,timing_error_hours,False,53,53,3.7988343693686772,3.1225172079651884,4.221174054022242,2000
7,transient_shortening_24h,causal_transient_pulse,shortening,24.0,Hilbert,absolute_timing_error_hours,False,53,53,3.7988343693686772,3.1225172079651884,4.221174054022242,2000
7,transient_shortening_24h,causal_transient_pulse,shortening,24.0,Hilbert,within_1h_fraction,False,53,53,0.9285714285714286,0.9285714285714286,0.9285714285714286,2000
7,transient_shortening_24h,causal_transient_pulse,shortening,24.0,STFT,primary_rmse_hours,True,53,53,0.6056589360528907,0.6056586562830512,0.6056589360528907,2000
7,transient_shortening_24h,causal_transient_pulse,shortening,24.0,STFT,full_trajectory_rmse_hours,False,53,53,0.3681061060953996,0.3620009518858546,0.36865946614624623,2000
7,transient_shortening_24h,causal_transient_pulse,shortening,24.0,STFT,primary_bias_hours,False,53,53,-0.04984807625922448,-0.04984807625922448,-0.04984807625922448,2000
7,transient_shortening_24h,causal_transient_pulse,shortening,24.0,STFT,primary_pearson,False,53,53,0.7582750928555714,0.7582750928555713,0.7582754846494004,2000
7,transient_shortening_24h,causal_transient_pulse,shortening,24.0,STFT,dynamic_range_ratio,False,53,53,0.4040079633980555,0.4009355766473976,0.4040093534428791,2000
7,transient_shortening_24h,causal_transient_pulse,shortening,24.0,STFT,timing_error_hours,False,53,53,-3.166679999999957,-3.5000399999999843,-2.5000799999999685,2000
7,transient_shortening_24h,causal_transient_pulse,shortening,24.0,STFT,absolute_timing_error_hours,False,53,53,3.166679999999957,2.5000799999999685,3.5000399999999843,2000
7,transient_shortening_24h,causal_transient_pulse,shortening,24.0,STFT,within_1h_fraction,False,53,53,0.9285714285714286,0.9285714285714286,0.9285714285714286,2000
8,sustained_lengthening_48h,causal_sustained_transition,lengthening,48.0,CWT_pyBOAT,primary_rmse_hours,True,53,53,0.40717917333288334,0.4055313084900596,0.41236190081407914,2000
8,sustained_lengthening_48h,causal_sustained_transition,lengthening,48.0,CWT_pyBOAT,full_trajectory_rmse_hours,False,53,53,0.27360605772504093,0.2691805257606943,0.28527881320953513,2000
8,sustained_lengthening_48h,causal_sustained_transition,lengthening,48.0,CWT_pyBOAT,primary_bias_hours,False,53,53,-0.07087046011578559,-0.07254377008551256,-0.06986192504913251,2000
8,sustained_lengthening_48h,causal_sustained_transition,lengthening,48.0,CWT_pyBOAT,primary_pearson,False,53,53,0.9796050930888167,0.9794631191413977,0.979757967199123,2000
8,sustained_lengthening_48h,causal_sustained_transition,lengthening,48.0,CWT_pyBOAT,dynamic_range_ratio,False,53,53,0.9185086270513368,0.9163767555727347,0.9203125183024655,2000
8,sustained_lengthening_48h,causal_sustained_transition,lengthening,48.0,CWT_pyBOAT,timing_error_hours,False,53,53,2.077396582111305,2.0279044897976632,2.077499220780936,2000
8,sustained_lengthening_48h,causal_sustained_transition,lengthening,48.0,CWT_pyBOAT,absolute_timing_error_hours,False,53,53,2.077396582111305,2.0279044897976632,2.077499220780936,2000
8,sustained_lengthening_48h,causal_sustained_transition,lengthening,48.0,CWT_pyBOAT,within_1h_fraction,False,53,53,1.0,1.0,1.0,2000
8,sustained_lengthening_48h,causal_sustained_transition,lengthening,48.0,Hilbert,primary_rmse_hours,True,53,53,0.23237299897337563,0.22704455201156268,0.2788179059588397,2000
8,sustained_lengthening_48h,causal_sustained_transition,lengthening,48.0,Hilbert,full_trajectory_rmse_hours,False,53,53,0.3445912466026692,0.3270870095679122,0.38125524582971554,2000
8,sustained_lengthening_48h,causal_sustained_transition,lengthening,48.0,Hilbert,primary_bias_hours,False,53,53,0.10913624541463168,0.1045460638539125,0.11838528900210459,2000
8,sustained_lengthening_48h,causal_sustained_transition,lengthening,48.0,Hilbert,primary_pearson,False,53,53,0.9878741715255386,0.981680735936235,0.9880248945124176,2000
8,sustained_lengthening_48h,causal_sustained_transition,lengthening,48.0,Hilbert,dynamic_range_ratio,False,53,53,1.1702233747143562,1.1648416368577859,1.1803786175266378,2000
8,sustained_lengthening_48h,causal_sustained_transition,lengthening,48.0,Hilbert,timing_error_hours,False,53,53,-1.3866921534021799,-2.03215217528043,-1.0695302644997469,2000
8,sustained_lengthening_48h,causal_sustained_transition,lengthening,48.0,Hilbert,absolute_timing_error_hours,False,53,53,1.3866921534021799,1.0695302644997469,2.03215217528043,2000
8,sustained_lengthening_48h,causal_sustained_transition,lengthening,48.0,Hilbert,within_1h_fraction,False,53,53,1.0,1.0,1.0,2000
8,sustained_lengthening_48h,causal_sustained_transition,lengthening,48.0,STFT,primary_rmse_hours,True,53,53,0.18370503376086303,0.18285418393201008,0.1893308842099163,2000
8,sustained_lengthening_48h,causal_sustained_transition,lengthening,48.0,STFT,full_trajectory_rmse_hours,False,53,53,0.17107489052274488,0.16860331870176923,0.1778919633160388,2000
8,sustained_lengthening_48h,causal_sustained_transition,lengthening,48.0,STFT,primary_bias_hours,False,53,53,-0.08068517131351349,-0.08331306644773957,-0.05883287965436937,2000
8,sustained_lengthening_48h,causal_sustained_transition,lengthening,48.0,STFT,primary_pearson,False,53,53,0.99149518479832,0.9910683242390702,0.9926629421398416,2000
8,sustained_lengthening_48h,causal_sustained_transition,lengthening,48.0,STFT,dynamic_range_ratio,False,53,53,1.1178167641325547,1.1178167641325547,1.1178167641325547,2000
8,sustained_lengthening_48h,causal_sustained_transition,lengthening,48.0,STFT,timing_error_hours,False,53,53,1.884005156249998,1.8838851562500167,2.2172451562499873,2000
8,sustained_lengthening_48h,causal_sustained_transition,lengthening,48.0,STFT,absolute_timing_error_hours,False,53,53,1.884005156249998,1.8838851562500167,2.2172451562499873,2000
8,sustained_lengthening_48h,causal_sustained_transition,lengthening,48.0,STFT,within_1h_fraction,False,53,53,1.0,1.0,1.0,2000
9,transient_lengthening_48h,causal_transient_pulse,lengthening,48.0,CWT_pyBOAT,primary_rmse_hours,True,53,53,0.814270550842659,0.8117193804806748,0.8163114207390937,2000
9,transient_lengthening_48h,causal_transient_pulse,lengthening,48.0,CWT_pyBOAT,full_trajectory_rmse_hours,False,53,53,0.5292501997944171,0.5277823102789152,0.5613028580854731,2000
9,transient_lengthening_48h,causal_transient_pulse,lengthening,48.0,CWT_pyBOAT,primary_bias_hours,False,53,53,-0.0758766638164394,-0.07620464404391747,-0.07467406964902128,2000
9,transient_lengthening_48h,causal_transient_pulse,lengthening,48.0,CWT_pyBOAT,primary_pearson,False,53,53,0.7923173133613461,0.785481862452623,0.7979661043813833,2000
9,transient_lengthening_48h,causal_transient_pulse,lengthening,48.0,CWT_pyBOAT,dynamic_range_ratio,False,53,53,0.3057664528813614,0.3055127170709315,0.3057664528813614,2000
9,transient_lengthening_48h,causal_transient_pulse,lengthening,48.0,CWT_pyBOAT,timing_error_hours,False,53,53,-0.5206333333332225,-0.5357952475245327,0.49979999999999336,2000
9,transient_lengthening_48h,causal_transient_pulse,lengthening,48.0,CWT_pyBOAT,absolute_timing_error_hours,False,53,53,0.5208733333332418,0.5000400000000127,0.6787482352941652,2000
9,transient_lengthening_48h,causal_transient_pulse,lengthening,48.0,CWT_pyBOAT,within_1h_fraction,False,53,53,0.8333333333333334,0.8333333333333334,0.8333333333333334,2000
9,transient_lengthening_48h,causal_transient_pulse,lengthening,48.0,Hilbert,primary_rmse_hours,True,53,53,0.6181550340745672,0.6149818983560591,0.6375993688792374,2000
9,transient_lengthening_48h,causal_transient_pulse,lengthening,48.0,Hilbert,full_trajectory_rmse_hours,False,53,53,0.471371516129369,0.4602240463653403,0.4833114799985267,2000
9,transient_lengthening_48h,causal_transient_pulse,lengthening,48.0,Hilbert,primary_bias_hours,False,53,53,0.02396039387321163,0.01705818041319418,0.08354220675397449,2000
9,transient_lengthening_48h,causal_transient_pulse,lengthening,48.0,Hilbert,primary_pearson,False,53,53,0.9008455740811683,0.8438090747432241,0.9022937306678578,2000
9,transient_lengthening_48h,causal_transient_pulse,lengthening,48.0,Hilbert,dynamic_range_ratio,False,53,53,0.5068263209432482,0.4980743762583289,0.5205779015925739,2000
9,transient_lengthening_48h,causal_transient_pulse,lengthening,48.0,Hilbert,timing_error_hours,False,53,53,2.2361859542744753,1.2020120700732377,2.7852583659805816,2000
9,transient_lengthening_48h,causal_transient_pulse,lengthening,48.0,Hilbert,absolute_timing_error_hours,False,53,53,2.2361859542744753,1.3215663175547832,2.7852583659805816,2000
9,transient_lengthening_48h,causal_transient_pulse,lengthening,48.0,Hilbert,within_1h_fraction,False,53,53,0.8888888888888888,0.8888888888888888,0.8888888888888888,2000
9,transient_lengthening_48h,causal_transient_pulse,lengthening,48.0,STFT,primary_rmse_hours,True,53,53,0.34460082815628823,0.34006125601924975,0.36924301179020763,2000
9,transient_lengthening_48h,causal_transient_pulse,lengthening,48.0,STFT,full_trajectory_rmse_hours,False,53,53,0.2620551203009894,0.2587278439974303,0.2652369589697032,2000
9,transient_lengthening_48h,causal_transient_pulse,lengthening,48.0,STFT,primary_bias_hours,False,53,53,-0.06494083247182046,-0.06596018219836747,-0.041177720989410735,2000
9,transient_lengthening_48h,causal_transient_pulse,lengthening,48.0,STFT,primary_pearson,False,53,53,0.9612507337377504,0.9535500958236669,0.9635285168522945,2000
9,transient_lengthening_48h,causal_transient_pulse,lengthening,48.0,STFT,dynamic_range_ratio,False,53,53,0.7700193687810447,0.7685541924086455,0.7700200291452524,2000
9,transient_lengthening_48h,causal_transient_pulse,lengthening,48.0,STFT,timing_error_hours,False,53,53,-0.49979999999996494,-0.8332799999999736,0.5000400000000411,2000
9,transient_lengthening_48h,causal_transient_pulse,lengthening,48.0,STFT,absolute_timing_error_hours,False,53,53,1.2166800000000535,0.8334000000000117,2.1665999999999883,2000
9,transient_lengthening_48h,causal_transient_pulse,lengthening,48.0,STFT,within_1h_fraction,False,53,53,1.0,1.0,1.0,2000
10,sustained_shortening_48h,causal_sustained_transition,shortening,48.0,CWT_pyBOAT,primary_rmse_hours,True,53,53,0.3473104074816341,0.3467655968438715,0.3473109734081181,2000
10,sustained_shortening_48h,causal_sustained_transition,shortening,48.0,CWT_pyBOAT,full_trajectory_rmse_hours,False,53,53,0.23103679051923862,0.22849862204549184,0.2395767402062503,2000
10,sustained_shortening_48h,causal_sustained_transition,shortening,48.0,CWT_pyBOAT,primary_bias_hours,False,53,53,-0.04535589261775266,-0.04711709223091809,-0.04361806643319177,2000
10,sustained_shortening_48h,causal_sustained_transition,shortening,48.0,CWT_pyBOAT,primary_pearson,False,53,53,0.9831464413553083,0.9830555879034362,0.9831464413553083,2000
10,sustained_shortening_48h,causal_sustained_transition,shortening,48.0,CWT_pyBOAT,dynamic_range_ratio,False,53,53,0.9614740368509173,0.9614740368509173,0.9614740368509173,2000
10,sustained_shortening_48h,causal_sustained_transition,shortening,48.0,CWT_pyBOAT,timing_error_hours,False,53,53,-1.2285501054664394,-1.2853415148624094,-1.204458479823245,2000
10,sustained_shortening_48h,causal_sustained_transition,shortening,48.0,CWT_pyBOAT,absolute_timing_error_hours,False,53,53,1.2285501054664394,1.204458479823245,1.2853415148624094,2000
10,sustained_shortening_48h,causal_sustained_transition,shortening,48.0,CWT_pyBOAT,within_1h_fraction,False,53,53,1.0,1.0,1.0,2000
10,sustained_shortening_48h,causal_sustained_transition,shortening,48.0,Hilbert,primary_rmse_hours,True,53,53,0.2619180166574004,0.2562320670253326,0.27282350635370656,2000
10,sustained_shortening_48h,causal_sustained_transition,shortening,48.0,Hilbert,full_trajectory_rmse_hours,False,53,53,0.4130324843152187,0.3773408773675603,0.43407867726433064,2000
10,sustained_shortening_48h,causal_sustained_transition,shortening,48.0,Hilbert,primary_bias_hours,False,53,53,-0.05299069190958702,-0.05413600145739296,-0.004987355328700044,2000
10,sustained_shortening_48h,causal_sustained_transition,shortening,48.0,Hilbert,primary_pearson,False,53,53,0.9801853305618861,0.9793678097290368,0.9813453046930838,2000
10,sustained_shortening_48h,causal_sustained_transition,shortening,48.0,Hilbert,dynamic_range_ratio,False,53,53,1.177002743320865,1.161753685630605,1.191006741284074,2000
10,sustained_shortening_48h,causal_sustained_transition,shortening,48.0,Hilbert,timing_error_hours,False,53,53,-1.2438617923291702,-1.4208942635375195,-1.096042404231639,2000
10,sustained_shortening_48h,causal_sustained_transition,shortening,48.0,Hilbert,absolute_timing_error_hours,False,53,53,1.2438617923291702,1.096042404231639,1.4208942635375195,2000
10,sustained_shortening_48h,causal_sustained_transition,shortening,48.0,Hilbert,within_1h_fraction,False,53,53,1.0,1.0,1.0,2000
10,sustained_shortening_48h,causal_sustained_transition,shortening,48.0,STFT,primary_rmse_hours,True,53,53,0.17313719805685146,0.1722419320039893,0.1869552142847576,2000
10,sustained_shortening_48h,causal_sustained_transition,shortening,48.0,STFT,full_trajectory_rmse_hours,False,53,53,0.14288727191992848,0.1415761884641087,0.1438734280792555,2000
10,sustained_shortening_48h,causal_sustained_transition,shortening,48.0,STFT,primary_bias_hours,False,53,53,-0.03086493902594039,-0.04147043214921019,-0.027199811380050676,2000
10,sustained_shortening_48h,causal_sustained_transition,shortening,48.0,STFT,primary_pearson,False,53,53,0.9934281169980236,0.9926359416945384,0.993738417838604,2000
10,sustained_shortening_48h,causal_sustained_transition,shortening,48.0,STFT,dynamic_range_ratio,False,53,53,0.9826960563802665,0.9826960563802665,0.9826960563802665,2000
10,sustained_shortening_48h,causal_sustained_transition,shortening,48.0,STFT,timing_error_hours,False,53,53,-1.7622371484375208,-2.389568437500003,-1.3896084374999873,2000
10,sustained_shortening_48h,causal_sustained_transition,shortening,48.0,STFT,absolute_timing_error_hours,False,53,53,1.7622371484375208,1.3896084374999873,2.389568437500003,2000
10,sustained_shortening_48h,causal_sustained_transition,shortening,48.0,STFT,within_1h_fraction,False,53,53,1.0,1.0,1.0,2000
11,transient_shortening_48h,causal_transient_pulse,shortening,48.0,CWT_pyBOAT,primary_rmse_hours,True,53,53,0.763594942626938,0.7631182704819758,0.7638374962040538,2000
11,transient_shortening_48h,causal_transient_pulse,shortening,48.0,CWT_pyBOAT,full_trajectory_rmse_hours,False,53,53,0.4975513528071042,0.49699114765845864,0.5260434237175554,2000
11,transient_shortening_48h,causal_transient_pulse,shortening,48.0,CWT_pyBOAT,primary_bias_hours,False,53,53,-0.034894753487791204,-0.03530472877213696,-0.03443011483219749,2000
11,transient_shortening_48h,causal_transient_pulse,shortening,48.0,CWT_pyBOAT,primary_pearson,False,53,53,0.813617797424321,0.8114051879774856,0.8156730148061266,2000
11,transient_shortening_48h,causal_transient_pulse,shortening,48.0,CWT_pyBOAT,dynamic_range_ratio,False,53,53,0.35246416096253963,0.35180749741160927,0.3546167145842988,2000
11,transient_shortening_48h,causal_transient_pulse,shortening,48.0,CWT_pyBOAT,timing_error_hours,False,53,53,1.2166800000003946,0.5000400000000127,2.461242857142878,2000
11,transient_shortening_48h,causal_transient_pulse,shortening,48.0,CWT_pyBOAT,absolute_timing_error_hours,False,53,53,1.4998800000004167,0.8833200000003956,2.461242857142878,2000
11,transient_shortening_48h,causal_transient_pulse,shortening,48.0,CWT_pyBOAT,within_1h_fraction,False,53,53,0.8333333333333334,0.8333333333333334,0.8333333333333334,2000
11,transient_shortening_48h,causal_transient_pulse,shortening,48.0,Hilbert,primary_rmse_hours,True,53,53,0.6139164718423523,0.5597180170396218,0.6149083091322041,2000
11,transient_shortening_48h,causal_transient_pulse,shortening,48.0,Hilbert,full_trajectory_rmse_hours,False,53,53,0.4651334751324762,0.45206066193701955,0.4756806434647135,2000
11,transient_shortening_48h,causal_transient_pulse,shortening,48.0,Hilbert,primary_bias_hours,False,53,53,-0.04591571789638355,-0.05225602666500665,0.000705607607241316,2000
11,transient_shortening_48h,causal_transient_pulse,shortening,48.0,Hilbert,primary_pearson,False,53,53,0.8099439158531294,0.8086649893368054,0.8405119410901671,2000
11,transient_shortening_48h,causal_transient_pulse,shortening,48.0,Hilbert,dynamic_range_ratio,False,53,53,0.7884688652720774,0.7580433888100709,0.8106359681713633,2000
11,transient_shortening_48h,causal_transient_pulse,shortening,48.0,Hilbert,timing_error_hours,False,53,53,-0.6671966363770139,-1.5856619476513458,-0.07034374157953494,2000
11,transient_shortening_48h,causal_transient_pulse,shortening,48.0,Hilbert,absolute_timing_error_hours,False,53,53,1.664246572874049,0.8216941102870692,2.3672264415384063,2000
11,transient_shortening_48h,causal_transient_pulse,shortening,48.0,Hilbert,within_1h_fraction,False,53,53,0.9444444444444444,0.8888888888888888,0.9444444444444444,2000
11,transient_shortening_48h,causal_transient_pulse,shortening,48.0,STFT,primary_rmse_hours,True,53,53,0.37604853465117444,0.3757544347401857,0.3773548050993693,2000
11,transient_shortening_48h,causal_transient_pulse,shortening,48.0,STFT,full_trajectory_rmse_hours,False,53,53,0.28215777667974773,0.2743922990476313,0.286576125122388,2000
11,transient_shortening_48h,causal_transient_pulse,shortening,48.0,STFT,primary_bias_hours,False,53,53,0.008026575557344392,-0.012697974128953583,0.008026575557344588,2000
11,transient_shortening_48h,causal_transient_pulse,shortening,48.0,STFT,primary_pearson,False,53,53,0.9590962400834379,0.9562142833753396,0.9595948106647605,2000
11,transient_shortening_48h,causal_transient_pulse,shortening,48.0,STFT,dynamic_range_ratio,False,53,53,0.6458226963970041,0.6445938387943467,0.6458232502508556,2000
11,transient_shortening_48h,causal_transient_pulse,shortening,48.0,STFT,timing_error_hours,False,53,53,-3.1666800000000137,-3.500040000000041,-2.4999600000000157,2000
11,transient_shortening_48h,causal_transient_pulse,shortening,48.0,STFT,absolute_timing_error_hours,False,53,53,3.1666800000000137,2.4999600000000157,3.500040000000041,2000
11,transient_shortening_48h,causal_transient_pulse,shortening,48.0,STFT,within_1h_fraction,False,53,53,0.9444444444444444,0.9444444444444444,0.9444444444444444,2000
12,sustained_lengthening_72h,causal_sustained_transition,lengthening,72.0,CWT_pyBOAT,primary_rmse_hours,True,53,53,0.2877091462280833,0.2836997295561935,0.2987860654943425,2000
12,sustained_lengthening_72h,causal_sustained_transition,lengthening,72.0,CWT_pyBOAT,full_trajectory_rmse_hours,False,53,53,0.21651806939371093,0.20986367808079182,0.22290001795944356,2000
12,sustained_lengthening_72h,causal_sustained_transition,lengthening,72.0,CWT_pyBOAT,primary_bias_hours,False,53,53,-0.06269320230870595,-0.06533842596416357,-0.05749784223308167,2000
12,sustained_lengthening_72h,causal_sustained_transition,lengthening,72.0,CWT_pyBOAT,primary_pearson,False,53,53,0.9915571254871433,0.9911163477199679,0.9918083701781644,2000
12,sustained_lengthening_72h,causal_sustained_transition,lengthening,72.0,CWT_pyBOAT,dynamic_range_ratio,False,53,53,0.9376954703587851,0.9163767555727323,0.9383514308137405,2000
12,sustained_lengthening_72h,causal_sustained_transition,lengthening,72.0,CWT_pyBOAT,timing_error_hours,False,53,53,1.7319718213514648,1.6546184331817528,1.8214285714305163,2000
12,sustained_lengthening_72h,causal_sustained_transition,lengthening,72.0,CWT_pyBOAT,absolute_timing_error_hours,False,53,53,1.7319718213514648,1.6546184331817528,1.8214285714305163,2000
12,sustained_lengthening_72h,causal_sustained_transition,lengthening,72.0,CWT_pyBOAT,within_1h_fraction,False,53,53,1.0,1.0,1.0,2000
12,sustained_lengthening_72h,causal_sustained_transition,lengthening,72.0,Hilbert,primary_rmse_hours,True,53,53,0.2768580374618631,0.24082365832671324,0.3685964212561776,2000
12,sustained_lengthening_72h,causal_sustained_transition,lengthening,72.0,Hilbert,full_trajectory_rmse_hours,False,53,53,0.3736184768446087,0.3407350355664541,0.39597699117134266,2000
12,sustained_lengthening_72h,causal_sustained_transition,lengthening,72.0,Hilbert,primary_bias_hours,False,53,53,0.08003388139690303,0.06430386351048376,0.09199771142441758,2000
12,sustained_lengthening_72h,causal_sustained_transition,lengthening,72.0,Hilbert,primary_pearson,False,53,53,0.980218833470367,0.9572103903241518,0.9870828023322656,2000
12,sustained_lengthening_72h,causal_sustained_transition,lengthening,72.0,Hilbert,dynamic_range_ratio,False,53,53,1.1760444531417136,1.153858344239121,1.2082029403806598,2000
12,sustained_lengthening_72h,causal_sustained_transition,lengthening,72.0,Hilbert,timing_error_hours,False,53,53,-3.9100090307218522,-5.66725774856161,-3.3063294097166533,2000
12,sustained_lengthening_72h,causal_sustained_transition,lengthening,72.0,Hilbert,absolute_timing_error_hours,False,53,53,3.9100090307218522,3.3063294097166533,5.66725774856161,2000
12,sustained_lengthening_72h,causal_sustained_transition,lengthening,72.0,Hilbert,within_1h_fraction,False,53,53,1.0,1.0,1.0,2000
12,sustained_lengthening_72h,causal_sustained_transition,lengthening,72.0,STFT,primary_rmse_hours,True,53,53,0.16276624809356044,0.1593557609121578,0.16483604941553795,2000
12,sustained_lengthening_72h,causal_sustained_transition,lengthening,72.0,STFT,full_trajectory_rmse_hours,False,53,53,0.15161381654203082,0.1497840992759504,0.15613164790173842,2000
12,sustained_lengthening_72h,causal_sustained_transition,lengthening,72.0,STFT,primary_bias_hours,False,53,53,-0.07966840674040783,-0.08611878459689412,-0.07586270947527836,2000
12,sustained_lengthening_72h,causal_sustained_transition,lengthening,72.0,STFT,primary_pearson,False,53,53,0.9954474959494755,0.9951658105866915,0.9958680231144399,2000
12,sustained_lengthening_72h,causal_sustained_transition,lengthening,72.0,STFT,dynamic_range_ratio,False,53,53,0.9393418185987853,0.9393418185987853,0.9393418185987853,2000
12,sustained_lengthening_72h,causal_sustained_transition,lengthening,72.0,STFT,timing_error_hours,False,53,53,1.884005156249998,1.8838851562500167,2.217365156249997,2000
12,sustained_lengthening_72h,causal_sustained_transition,lengthening,72.0,STFT,absolute_timing_error_hours,False,53,53,2.2172451562499873,1.8838851562500167,2.4493148437500167,2000
12,sustained_lengthening_72h,causal_sustained_transition,lengthening,72.0,STFT,within_1h_fraction,False,53,53,1.0,1.0,1.0,2000
13,transient_lengthening_72h,causal_transient_pulse,lengthening,72.0,CWT_pyBOAT,primary_rmse_hours,True,53,53,0.7033911937075681,0.7020568046907567,0.7128719916294722,2000
13,transient_lengthening_72h,causal_transient_pulse,lengthening,72.0,CWT_pyBOAT,full_trajectory_rmse_hours,False,53,53,0.5051028086449436,0.5041605168705023,0.5304308993285256,2000
13,transient_lengthening_72h,causal_transient_pulse,lengthening,72.0,CWT_pyBOAT,primary_bias_hours,False,53,53,-0.07282119433794727,-0.07418377267631371,-0.07013771974949327,2000
13,transient_lengthening_72h,causal_transient_pulse,lengthening,72.0,CWT_pyBOAT,primary_pearson,False,53,53,0.8899919292238818,0.8875890472210293,0.8903928044763629,2000
13,transient_lengthening_72h,causal_transient_pulse,lengthening,72.0,CWT_pyBOAT,dynamic_range_ratio,False,53,53,0.4634925718597874,0.4634506222208898,0.46349267776329883,2000
13,transient_lengthening_72h,causal_transient_pulse,lengthening,72.0,CWT_pyBOAT,timing_error_hours,False,53,53,-0.5000400000000127,-0.8333999999999833,0.38868888888896436,2000
13,transient_lengthening_72h,causal_transient_pulse,lengthening,72.0,CWT_pyBOAT,absolute_timing_error_hours,False,53,53,0.833280000000002,0.5000400000000127,0.8333999999999833,2000
13,transient_lengthening_72h,causal_transient_pulse,lengthening,72.0,CWT_pyBOAT,within_1h_fraction,False,53,53,0.8181818181818182,0.8181818181818182,0.8571428571428571,2000
13,transient_lengthening_72h,causal_transient_pulse,lengthening,72.0,Hilbert,primary_rmse_hours,True,53,53,0.5041799821103274,0.4989793728403751,0.5119540765427031,2000
13,transient_lengthening_72h,causal_transient_pulse,lengthening,72.0,Hilbert,full_trajectory_rmse_hours,False,53,53,0.40825370905135755,0.39151068904817277,0.4239154055753515,2000
13,transient_lengthening_72h,causal_transient_pulse,lengthening,72.0,Hilbert,primary_bias_hours,False,53,53,0.08832701688925484,0.07973982447032685,0.09616919695852372,2000
13,transient_lengthening_72h,causal_transient_pulse,lengthening,72.0,Hilbert,primary_pearson,False,53,53,0.9433920299794891,0.9407088304607023,0.9447558573450204,2000
13,transient_lengthening_72h,causal_transient_pulse,lengthening,72.0,Hilbert,dynamic_range_ratio,False,53,53,0.7217661277963455,0.7136524719843318,0.7316066866152,2000
13,transient_lengthening_72h,causal_transient_pulse,lengthening,72.0,Hilbert,timing_error_hours,False,53,53,-0.4343775265656973,-0.9254829368433377,0.24719327527446922,2000
13,transient_lengthening_72h,causal_transient_pulse,lengthening,72.0,Hilbert,absolute_timing_error_hours,False,53,53,0.8998014319114418,0.7238794693821831,1.133293481323733,2000
13,transient_lengthening_72h,causal_transient_pulse,lengthening,72.0,Hilbert,within_1h_fraction,False,53,53,1.0,1.0,1.0,2000
13,transient_lengthening_72h,causal_transient_pulse,lengthening,72.0,STFT,primary_rmse_hours,True,53,53,0.2018017816767337,0.19235956176440006,0.22340366809997536,2000
13,transient_lengthening_72h,causal_transient_pulse,lengthening,72.0,STFT,full_trajectory_rmse_hours,False,53,53,0.18562646905827432,0.18184518741664404,0.19060110950135362,2000
13,transient_lengthening_72h,causal_transient_pulse,lengthening,72.0,STFT,primary_bias_hours,False,53,53,-0.056498313809082455,-0.056960918003276906,-0.04018064404592326,2000
13,transient_lengthening_72h,causal_transient_pulse,lengthening,72.0,STFT,primary_pearson,False,53,53,0.986947073980417,0.9851752521371774,0.9875100764903657,2000
13,transient_lengthening_72h,causal_transient_pulse,lengthening,72.0,STFT,dynamic_range_ratio,False,53,53,0.9405850397077059,0.9405850397077059,0.945052296680108,2000
13,transient_lengthening_72h,causal_transient_pulse,lengthening,72.0,STFT,timing_error_hours,False,53,53,0.49992000000000303,-0.49979999999999336,0.8833200000000545,2000
13,transient_lengthening_72h,causal_transient_pulse,lengthening,72.0,STFT,absolute_timing_error_hours,False,53,53,1.2166800000000535,0.8333999999999833,2.16659999999996,2000
13,transient_lengthening_72h,causal_transient_pulse,lengthening,72.0,STFT,within_1h_fraction,False,53,53,1.0,1.0,1.0,2000
14,sustained_shortening_72h,causal_sustained_transition,shortening,72.0,CWT_pyBOAT,primary_rmse_hours,True,53,53,0.2330468559966526,0.23158789053379925,0.2335258001559903,2000
14,sustained_shortening_72h,causal_sustained_transition,shortening,72.0,CWT_pyBOAT,full_trajectory_rmse_hours,False,53,53,0.17311599837325214,0.17048833910608588,0.17430748868924636,2000
14,sustained_shortening_72h,causal_sustained_transition,shortening,72.0,CWT_pyBOAT,primary_bias_hours,False,53,53,-0.03647700907593707,-0.037836966201863186,-0.034927685266006876,2000
14,sustained_shortening_72h,causal_sustained_transition,shortening,72.0,CWT_pyBOAT,primary_pearson,False,53,53,0.9929831308378247,0.9927616258067357,0.9930260859914397,2000
14,sustained_shortening_72h,causal_sustained_transition,shortening,72.0,CWT_pyBOAT,dynamic_range_ratio,False,53,53,0.9849246231155734,0.9791849691347139,0.9849246231155758,2000
14,sustained_shortening_72h,causal_sustained_transition,shortening,72.0,CWT_pyBOAT,timing_error_hours,False,53,53,-1.1128619548889276,-1.1159583673486395,-1.112741954888918,2000
14,sustained_shortening_72h,causal_sustained_transition,shortening,72.0,CWT_pyBOAT,absolute_timing_error_hours,False,53,53,1.1128619548889276,1.112741954888918,1.1159583673486395,2000
14,sustained_shortening_72h,causal_sustained_transition,shortening,72.0,CWT_pyBOAT,within_1h_fraction,False,53,53,1.0,1.0,1.0,2000
14,sustained_shortening_72h,causal_sustained_transition,shortening,72.0,Hilbert,primary_rmse_hours,True,53,53,0.27114401973030566,0.25071151927097624,0.4184067617646431,2000
14,sustained_shortening_72h,causal_sustained_transition,shortening,72.0,Hilbert,full_trajectory_rmse_hours,False,53,53,0.403756167897478,0.3542150505290633,0.44208472903111556,2000
14,sustained_shortening_72h,causal_sustained_transition,shortening,72.0,Hilbert,primary_bias_hours,False,53,53,0.00962213743444225,0.0007416185000860377,0.12603843684394905,2000
14,sustained_shortening_72h,causal_sustained_transition,shortening,72.0,Hilbert,primary_pearson,False,53,53,0.9771355828029039,0.9507218185866598,0.9806259548873414,2000
14,sustained_shortening_72h,causal_sustained_transition,shortening,72.0,Hilbert,dynamic_range_ratio,False,53,53,1.1484960648425329,0.9851267980645654,1.1592178548669025,2000
14,sustained_shortening_72h,causal_sustained_transition,shortening,72.0,Hilbert,timing_error_hours,False,53,53,-0.10539380862221037,-3.669845523693027,0.32604494943379336,2000
14,sustained_shortening_72h,causal_sustained_transition,shortening,72.0,Hilbert,absolute_timing_error_hours,False,53,53,1.0745644932636083,0.7268926826987183,3.669845523693027,2000
14,sustained_shortening_72h,causal_sustained_transition,shortening,72.0,Hilbert,within_1h_fraction,False,53,53,1.0,0.9523809523809523,1.0,2000
14,sustained_shortening_72h,causal_sustained_transition,shortening,72.0,STFT,primary_rmse_hours,True,53,53,0.12030765816073456,0.11828205519863792,0.12030855297622108,2000
14,sustained_shortening_72h,causal_sustained_transition,shortening,72.0,STFT,full_trajectory_rmse_hours,False,53,53,0.1180594720582453,0.11484132005976963,0.1343638403962944,2000
14,sustained_shortening_72h,causal_sustained_transition,shortening,72.0,STFT,primary_bias_hours,False,53,53,-0.017982915900734753,-0.019246632897752424,-0.011691783470983097,2000
14,sustained_shortening_72h,causal_sustained_transition,shortening,72.0,STFT,primary_pearson,False,53,53,0.9964520126839419,0.9964519810257354,0.9965205602944361,2000
14,sustained_shortening_72h,causal_sustained_transition,shortening,72.0,STFT,dynamic_range_ratio,False,53,53,0.9826960563802665,0.9826960563802665,0.9826960563802665,2000
14,sustained_shortening_72h,causal_sustained_transition,shortening,72.0,STFT,timing_error_hours,False,53,53,-2.3896884375000127,-2.722928437500002,-1.3898484375000066,2000
14,sustained_shortening_72h,causal_sustained_transition,shortening,72.0,STFT,absolute_timing_error_hours,False,53,53,2.3896884375000127,1.3898484375000066,2.722928437500002,2000
14,sustained_shortening_72h,causal_sustained_transition,shortening,72.0,STFT,within_1h_fraction,False,53,53,1.0,1.0,1.0,2000
15,transient_shortening_72h,causal_transient_pulse,shortening,72.0,CWT_pyBOAT,primary_rmse_hours,True,53,53,0.6322841222405224,0.6314382853727883,0.6571259402949485,2000
15,transient_shortening_72h,causal_transient_pulse,shortening,72.0,CWT_pyBOAT,full_trajectory_rmse_hours,False,53,53,0.4553479623761818,0.4544452163638475,0.4887778035609774,2000
15,transient_shortening_72h,causal_transient_pulse,shortening,72.0,CWT_pyBOAT,primary_bias_hours,False,53,53,-0.059069908316211575,-0.05989259712428159,-0.057186760247590354,2000
15,transient_shortening_72h,causal_transient_pulse,shortening,72.0,CWT_pyBOAT,primary_pearson,False,53,53,0.9089809365245833,0.9019656768895534,0.9123010734649973,2000
15,transient_shortening_72h,causal_transient_pulse,shortening,72.0,CWT_pyBOAT,dynamic_range_ratio,False,53,53,0.5360514506104089,0.5216890454668951,0.5396202013617121,2000
15,transient_shortening_72h,causal_transient_pulse,shortening,72.0,CWT_pyBOAT,timing_error_hours,False,53,53,0.4141247524752316,0.4141247524752316,0.5000400000000127,2000
15,transient_shortening_72h,causal_transient_pulse,shortening,72.0,CWT_pyBOAT,absolute_timing_error_hours,False,53,53,0.4141247524752316,0.4141247524752316,0.5000400000000127,2000
15,transient_shortening_72h,causal_transient_pulse,shortening,72.0,CWT_pyBOAT,within_1h_fraction,False,53,53,0.8636363636363636,0.8571428571428571,0.8636363636363636,2000
15,transient_shortening_72h,causal_transient_pulse,shortening,72.0,Hilbert,primary_rmse_hours,True,53,53,0.40591354350021325,0.4020565762704742,0.40871260037104823,2000
15,transient_shortening_72h,causal_transient_pulse,shortening,72.0,Hilbert,full_trajectory_rmse_hours,False,53,53,0.34221551615583684,0.33709457424001404,0.3486052997077071,2000
15,transient_shortening_72h,causal_transient_pulse,shortening,72.0,Hilbert,primary_bias_hours,False,53,53,0.05193097316823828,0.04611199281676645,0.05890938221114859,2000
15,transient_shortening_72h,causal_transient_pulse,shortening,72.0,Hilbert,primary_pearson,False,53,53,0.9303646085821996,0.9289758651286277,0.9313470323017804,2000
15,transient_shortening_72h,causal_transient_pulse,shortening,72.0,Hilbert,dynamic_range_ratio,False,53,53,1.0474865238944489,1.0070266477760117,1.0536538036247367,2000
15,transient_shortening_72h,causal_transient_pulse,shortening,72.0,Hilbert,timing_error_hours,False,53,53,1.5979629176283936,-0.011237454409211978,2.4134321800108296,2000
15,transient_shortening_72h,causal_transient_pulse,shortening,72.0,Hilbert,absolute_timing_error_hours,False,53,53,2.1574381747870177,1.6509174998319338,2.7539287978464415,2000
15,transient_shortening_72h,causal_transient_pulse,shortening,72.0,Hilbert,within_1h_fraction,False,53,53,1.0,1.0,1.0,2000
15,transient_shortening_72h,causal_transient_pulse,shortening,72.0,STFT,primary_rmse_hours,True,53,53,0.3093094969766761,0.2940043399320014,0.31604674397314514,2000
15,transient_shortening_72h,causal_transient_pulse,shortening,72.0,STFT,full_trajectory_rmse_hours,False,53,53,0.25446754286443674,0.2437626617351046,0.2584931147195156,2000
15,transient_shortening_72h,causal_transient_pulse,shortening,72.0,STFT,primary_bias_hours,False,53,53,-0.025698570901174476,-0.0426550206445095,-0.024519250317038752,2000
15,transient_shortening_72h,causal_transient_pulse,shortening,72.0,STFT,primary_pearson,False,53,53,0.9759389183914255,0.9754242590879562,0.9779230478011616,2000
15,transient_shortening_72h,causal_transient_pulse,shortening,72.0,STFT,dynamic_range_ratio,False,53,53,0.7614256944656527,0.7607816731465915,0.7614259845252851,2000
15,transient_shortening_72h,causal_transient_pulse,shortening,72.0,STFT,timing_error_hours,False,53,53,-3.500040000000098,-3.8334000000000685,-2.500200000000092,2000
15,transient_shortening_72h,causal_transient_pulse,shortening,72.0,STFT,absolute_timing_error_hours,False,53,53,3.500040000000098,2.500200000000092,3.8334000000000685,2000
15,transient_shortening_72h,causal_transient_pulse,shortening,72.0,STFT,within_1h_fraction,False,53,53,1.0,1.0,1.0,2000
