recording_uid,recording_id,tissue,model_spec_version,fit_procedure_version,raw_pre_baseline,raw_pre_amplitude_proxy,recording_start_day_original,fit_start_day_original,duration_days,forskolin_day_original,forskolin_day_zero,drift_reference_day_original,drift_reference_day_zero,reference_window_start_day_original,reference_window_end_day_original,reference_window_n_points,profiled_initial_phase_radians,n_parameter_starts,selected_parameter_start,n_profiled_starts,fit_pre_amplitude,fit_post_amplitude,fit_pre_period_hours,fit_post_period_hours,fit_pre_envelope_log_rate_per_day,fit_post_envelope_log_rate_per_day,fit_baseline_step,fit_phase_shift_angle_radians,fit_phase_shift_hours,fit_linear_drift_slope_per_day,fit_signed_acute_transient_amplitude,active_bound_count,boundary_hit_parameters,sse,rmse,mae,nrmse_q95_q05,r_squared
250625 to 250728::1B-L1m2_Raw.csv,1B-L1m2,DRG,msc_x10_causal_angle_halfgaussian_v1,period_multistart_profile_joint_v4,102.3005,4.341875000000002,0.69444,0.94444,13.05556,7.715275,6.770835,4.201385,3.256945,0.94444,7.465275,470,-1.2032777771125425,18,period_24_21,22,1.4084505459037677,2.009637355792351,24.57107264291958,24.879722583683055,-0.31600187618937675,-0.16844340234957428,4.670904381578673,2.0271117613015335,8.026816941030543,0.10368138730203796,-0.07434127984383365,0,none,574.7188340478001,0.7827558023460425,0.5912348355201053,0.10683175219207376,0.9222124927589517
250625 to 250728::1C-SCN_Raw.csv,1C-SCN,SCN,msc_x10_causal_angle_halfgaussian_v1,period_multistart_profile_joint_v4,59.4105,18.183074999999995,0.64583,0.89583,13.10903,7.720135,6.824305,4.180555,3.284725,0.89583,7.470135,474,0.10581015507266356,17,period_27_21,19,1.9783209606251377,1.0521000707830233,24.280517506096064,25.541174853060205,-0.37053674632157274,-0.49891644487482034,0.36439707346916655,-0.5113842595702649,-2.0787791784307377,0.03864070551999985,1.7239838663551195,0,none,44.64203061124577,0.21757857300479166,0.13284986468752424,0.1061609625625992,0.8874372844791117
250625 to 250728::1D-L2m2_Raw.csv,1D-L2m2,DRG,msc_x10_causal_angle_halfgaussian_v1,period_multistart_profile_joint_v4,58.146,2.3099999999999987,0.68194,0.93194,13.06945,7.716665,6.784725,4.19583,3.26389,0.93194,7.466665,471,1.2959302295943198,18,period_29_29,22,1.7052810363822255,2.005206886939565,29.997202650807182,25.30036900234005,-0.8562372925960673,-0.4029704772569354,-1.3819993992378976,0.7257000451575228,2.922160978846233,0.04602904539230519,-2.556215919419509,1,fit_pre_period_hours,315.4937688084585,0.5796456712185148,0.33371113426741095,0.22386502717093024,0.5796717173787649
250625 to 250728::2C-L3m2_Raw.csv,2C-L3m2,DRG,msc_x10_causal_angle_halfgaussian_v1,period_multistart_profile_joint_v4,46.684,6.008749999999999,0.6875,0.9375,13.05556,7.722225,6.784725,4.20139,3.26389,0.9375,7.472225,471,-0.9618488342217333,18,empirical,22,0.9711584302874242,5.61230019016966,25.99389975836706,24.433149715349057,-0.33302027955878216,-0.31672163916563506,9.999999999995238,-2.7542905672282676,-10.710490061747032,0.2913003870970173,4.773301882760652,1,fit_baseline_step,652.2833696301004,0.8334611422522404,0.6486657889979679,0.054166365321264474,0.9817134979416777
250625 to 250728::2D-L4m2_Raw.csv,2D-L4m2,DRG,msc_x10_causal_angle_halfgaussian_v1,period_multistart_profile_joint_v4,68.501,4.7250000000000085,0.68403,0.93403,13.06944,7.71875,6.78472,4.19792,3.26389,0.93403,7.46875,471,-0.6544980666132489,18,period_29_21,22,2.7732945329000875,6.958924797366066,29.98793599728092,24.42031841429387,-0.7617587461463434,-0.441142069533884,9.999999999,2.175068529037289,8.453652638782858,0.9999999999,2.8162970815622317,2,fit_baseline_step;fit_linear_drift_slope_per_day,16477.501730287837,4.186795571780485,3.4002471982858506,0.15362323300602357,0.8641420261334261
250625 to 250728::3A-L5m2_Raw.csv,3A-L5m2,DRG,msc_x10_causal_angle_halfgaussian_v1,period_multistart_profile_joint_v4,73.015,2.8175000000000026,0.69097,0.94097,13.05556,7.725695,6.784725,4.20486,3.26389,0.94097,7.475695,471,-1.5047393256992414,17,period_21_21,19,1.2565342196856206,3.764097487345372,24.55443766155443,24.13441265541922,-0.16615998166359,-0.5422136943322643,1.2002408679013652,2.020471588959687,7.760855792488551,0.055285586430588535,0.8735961467817567,0,none,135.8255281579016,0.3803276544885979,0.2632599044625598,0.10319066739740645,0.9000074811988126
250625 to 250728::3B-T10m2_Raw.csv,3B-T10m2,DRG,msc_x10_causal_angle_halfgaussian_v1,period_multistart_profile_joint_v4,125.449,11.500999999999998,0.68403,0.93403,13.06944,7.71875,6.78472,4.19792,3.26389,0.93403,7.46875,471,-0.033815430419286585,18,period_29_29,22,1.0696536505730154,6.383575626718868,29.290148296703542,23.70831715469863,-0.4290559159883753,-0.5042816769516165,5.151561582237419,0.3344879035764601,1.2621218243140875,0.10382384388263921,5.086813884186203,0,none,271.64606778566394,0.5375734168421902,0.42237112993524895,0.06192087184232351,0.9739510605567253
250625 to 250728::4B-T12m2_Raw.csv,4B-T12m2,DRG,msc_x10_causal_angle_halfgaussian_v1,period_multistart_profile_joint_v4,113.966,16.253249999999994,0.68542,0.93542,13.06944,7.720135,6.784715,4.19931,3.2638899999999995,0.93542,7.470135,471,1.0411209561362158,18,period_29_27,22,0.8770672402987418,5.28571589051065,29.56040205885333,24.122268125044098,-0.4753397691046854,-0.47386260486893694,9.523936337009234,-0.1743032241993614,-0.669181140398999,-0.05793766663989133,5.971214728215172,0,none,1078.812425112649,1.071294913958351,0.828439872719785,0.081652250898345,0.9497016043051009
250625 to 250728::4C-T5m1_Raw.csv,4C-T5m1,DRG,msc_x10_causal_angle_halfgaussian_v1,period_multistart_profile_joint_v4,33.961,4.404750000000004,0.69097,0.94097,13.05556,7.725695,6.784725,4.20486,3.26389,0.94097,7.475695,471,-1.3917517793457,18,period_27_21,22,1.0748298750306695,2.711404896115604,26.31480857225468,25.326275398346862,-0.34893012472842094,-0.26815313098023735,3.0120824916145232,-1.0358597227261606,-4.175345358960002,-0.013474980777392901,0.5737131270082417,0,none,179.18911507756937,0.43684062141370655,0.31931866574935946,0.09328648714866927,0.9296408119557364
250625 to 250728::4D-T7m1_Raw.csv,4D-T7m1,DRG,msc_x10_causal_angle_halfgaussian_v1,period_multistart_profile_joint_v4,63.924,4.752499999999998,0.6875,0.9375,13.05556,7.722225,6.784725,4.20139,3.26389,0.9375,7.472225,471,-0.19014429919411668,17,period_29_27,19,1.0591577016916534,2.4031528410776923,29.949104345513344,24.379183907198207,-0.4305888438872208,-0.46003770786171516,1.1662862356754724,1.826890370884084,7.088458186834061,0.17640443374236475,1.2769616939710005,0,none,129.2106100309055,0.37095078315861657,0.2884632328371553,0.09383099220061873,0.9265616026159557
250625 to 250728::5A-T10m1_Raw.csv,5A-T10m1,DRG,msc_x10_causal_angle_halfgaussian_v1,period_multistart_profile_joint_v4,66.672,2.422399999999996,0.69444,0.94444,13.05556,7.715275,6.770835,4.201385,3.256945,0.94444,7.465275,470,-0.6066250768229771,17,period_29_27,19,0.9292285774642313,2.0206006108988017,29.860571212388734,27.911011849153976,-0.5013998202695678,-1.3998568501158766,-1.0405841485328489,2.8212019075469774,12.532274001281316,0.06723898765776566,-3.9143446703886235,1,fit_post_envelope_log_rate_per_day,381.42016223744395,0.6376764877467206,0.34191107027802015,0.3376594401699883,0.35462305798962435
250625 to 250728::5B-T12m2_Raw.csv,5B-T12m2,DRG,msc_x10_causal_angle_halfgaussian_v1,period_multistart_profile_joint_v4,97.553,2.574000000000005,0.6875,0.9375,13.05556,7.722225,6.784725,4.20139,3.26389,0.9375,7.472225,471,-1.6591581256158174,18,period_24_29,22,0.714658875463321,4.252584029412394,24.07051696075792,23.82346963584021,0.02023359417026055,-0.4851952426754651,4.273086226923031,0.8109057857522077,3.0746489909059598,-0.11953829620101986,-1.2305632308485135,0,none,403.87955401551187,0.6558328071566999,0.4021799392386115,0.11599365414651804,0.9021653316923787
250625 to 250728::5C-T12_Raw.csv,5C-T12,DRG,msc_x10_causal_angle_halfgaussian_v1,period_multistart_profile_joint_v4,42.351,7.418049999999997,0.63889,0.88889,13.10903,7.727085,6.838195,4.18056,3.29167,0.88889,7.477085,475,-1.1569699761191736,18,period_29_21,22,2.1476252460425775,3.457483857481017,29.995160377586593,25.56491188486716,-1.035995215190215,-0.24165346502117632,7.023837584015315,3.1110045661839276,12.657999680040042,0.2303212215210187,4.223854124906294,1,fit_pre_period_hours,696.6552252913533,0.8599703898591844,0.6945587890478647,0.0782773104818988,0.9611066563110644
250625 to 250728::5D-T10_Raw.csv,5D-T10,DRG,msc_x10_causal_angle_halfgaussian_v1,period_multistart_profile_joint_v4,73.36949999999999,7.612500000000004,0.64931,0.89931,13.095130000000001,7.723615,6.824305,4.184025,3.2847150000000003,0.89931,7.473615,474,-1.6898299871404718,18,period_24_21,22,1.2246155258135107,3.1233735309159396,25.292667687697246,25.124740294102505,-0.3710689918274344,-0.344801278448873,2.62059564721949,-2.5914093708661414,-10.362337613108128,-0.008013939865436739,4.398410047539028,0,none,265.8981873751479,0.5312907283003008,0.3960688539356654,0.10258659012894294,0.896583049557246
250625 to 250728::6A-T7_Raw.csv,6A-T7,DRG,msc_x10_causal_angle_halfgaussian_v1,period_multistart_profile_joint_v4,66.355,3.393799999999992,0.64236,0.89236,13.10903,7.730555,6.838195,4.18403,3.29167,0.89236,7.480555,475,-1.4638008485079181,17,period_27_24,19,1.2629515905244808,1.4442142910424687,25.315047867693217,25.237647811735435,-0.4466753808194195,-0.3741545990894508,1.5590302921652954,-3.1391005552979494,-12.608813903627306,-0.08112026257354626,-0.6424555309602118,0,none,107.01536549966578,0.33687379044522753,0.23136553451194555,0.15011781536167887,0.7923726247901712
250625 to 250728::6B-T5_Raw.csv,6B-T5,DRG,msc_x10_causal_angle_halfgaussian_v1,period_multistart_profile_joint_v4,92.248,3.299275000000001,0.64931,0.89931,13.095130000000001,7.723615,6.824305,4.184025,3.2847150000000003,0.89931,7.473615,474,-1.9614430898641029,18,conservative,22,0.62348781926761,2.4248990963381587,24.549249527065935,25.634564807774062,-0.16836997533847065,-0.30816027069405644,3.4112131503506897,2.379138157700206,9.706568930972793,0.179939013378017,-3.3090634173930464,0,none,269.6236408805729,0.5349996933155587,0.39967594655228905,0.08608807319530964,0.952486249893679
250625 to 250728::6C-SCNmm1_Raw.csv,6C-SCNmm1,SCN,msc_x10_causal_angle_halfgaussian_v1,period_multistart_profile_joint_v4,96.27950000000001,37.67564999999999,0.69444,0.94444,13.05556,7.715275,6.770835,4.201385,3.256945,0.94444,7.465275,470,0.2742509593877527,17,period_24_29,19,1.386508407222513,1.257960350969808,23.914851850008706,24.219241233853264,-0.35307543994254326,-0.8398130784952175,-0.5178451092778943,-1.0644200141742344,-4.102926117421681,0.05603136611929079,1.0367839216723362,0,none,89.76868465845061,0.3093577580251929,0.24190818224741825,0.17258529667796266,0.6114390509380394
250625 to 250728::7A-SCNmm2_Raw.csv,7A-SCNmm2,SCN,msc_x10_causal_angle_halfgaussian_v1,period_multistart_profile_joint_v4,87.18,9.820999999999998,0.68403,0.93403,13.06944,7.71875,6.78472,4.19792,3.26389,0.93403,7.46875,471,0.22454510743209877,17,empirical,19,2.0935756836424697,1.965218951303477,24.177197857577326,25.835084401995612,-0.5324733831262565,-1.0827075075010693,0.15150520865129433,-0.740324565409713,-3.0440527689634775,0.04914853290491701,1.997562110961274,0,none,134.7042167117666,0.37855297938862803,0.319814919974539,0.15903668639744176,0.6976439923479024
250625 to 250728::7B-SCNcm2_Raw.csv,7B-SCNcm2,SCN,msc_x10_causal_angle_halfgaussian_v1,period_multistart_profile_joint_v4,121.822,17.997999999999998,0.69097,0.94097,13.05556,7.725695,6.784725,4.20486,3.26389,0.94097,7.475695,471,0.6285708570678299,17,period_24_27,19,1.6911449762035404,1.70600465688781,23.955503872146863,26.747779374075538,-0.34603525678730174,-1.3919028457729639,0.09038780976091502,-1.4571184305525602,-6.203013343850295,-0.010649719744631239,1.0742088231109281,0,none,46.614692850038665,0.22280689034100307,0.14867233098990512,0.11323810634452443,0.796890613811434
250625 to 250728::7C-L1_Raw.csv,7C-L1,DRG,msc_x10_causal_angle_halfgaussian_v1,period_multistart_profile_joint_v4,32.487,2.9575999999999976,0.64236,0.89236,13.10903,7.730555,6.838195,4.18403,3.29167,0.89236,7.480555,475,-0.8065927186800268,17,period_27_24,19,1.3490203015035964,2.717313505859692,26.03826683854069,24.172487254422197,-0.5583373539723795,-0.36170764613377354,1.2539749303440326,-3.141463673759877,-12.085747419771353,-0.08371400075505138,3.551859507287969,0,none,141.51191576523337,0.3873830898317945,0.2231388054632109,0.116446039422967,0.8296467152828819
250625 to 250728::7D-L2_Raw.csv,7D-L2,DRG,msc_x10_causal_angle_halfgaussian_v1,period_multistart_profile_joint_v4,65.579,7.816800000000001,0.63889,0.88889,13.10903,7.727085,6.838195,4.18056,3.29167,0.88889,7.477085,475,-0.5055076932651854,18,period_29_27,22,1.057109371787248,2.124667290910561,29.978407187812373,25.066549723031738,-0.6665056032879789,-0.2459258693840887,2.798137484974794,2.398384527096977,9.568271834149169,0.1975992517337319,1.6607647881090781,0,none,412.8066263415179,0.661984588070127,0.5288111900475176,0.11762208074216889,0.9102259453481569
250625 to 250728::8A-L3_Raw.csv,8A-L3,DRG,msc_x10_causal_angle_halfgaussian_v1,period_multistart_profile_joint_v4,82.859,9.648450000000004,0.64583,0.89583,13.10903,7.720135,6.824305,4.180555,3.284725,0.89583,7.470135,474,0.12179276889849522,17,period_29_24,19,1.213282812555754,1.335537003980123,29.995575373973033,23.713491541267313,-0.6843568699881127,-0.28225896372933695,0.6887806947594084,1.415482008065406,5.342198102405209,-0.0021977290357552623,0.31270794885407815,1,fit_pre_period_hours,201.53833947633697,0.4622990400313752,0.36049402970814565,0.2113475625466468,0.5120622389607241
250625 to 250728::8B-L2m1_Raw.csv,8B-L2m1,DRG,msc_x10_causal_angle_halfgaussian_v1,period_multistart_profile_joint_v4,99.299,3.7994999999999943,0.69236,0.94236,13.05556,7.727085,6.784725,4.20625,3.26389,0.94236,7.477085,471,-1.2350233076561823,18,period_27_27,22,3.1540511954886616,4.694987507690209,27.232056616342717,24.585247015526136,-1.3999999998606387,-0.36951567313887934,9.372886351106107,-0.36922963701445877,-1.44474520289587,0.2947310203311897,-0.9988622709514549,1,fit_pre_envelope_log_rate_per_day,1581.488517042917,1.297777455008913,1.0144464820826338,0.09298033893513422,0.9504001104110374
250625 to 250728::8C-L3m1_Raw.csv,8C-L3m1,DRG,msc_x10_causal_angle_halfgaussian_v1,period_multistart_profile_joint_v4,163.194,67.922,0.68403,0.93403,13.06944,7.71875,6.78472,4.19792,3.26389,0.93403,7.46875,471,-0.130899693899575,17,period_24_29,19,1.0656661153268756,1.0939598581930903,24.385564493092094,23.72065635280467,-0.3038793387588751,-0.6343649308154414,-0.34404289445438396,0.6857692516777592,2.588957027541509,0.0039620182470755045,0.42774699410731826,0,none,84.36624872193548,0.29958526069817076,0.21631969947677257,0.17564280799112272,0.6208120417513638
250625 to 250728::8D-L4-1m1_Raw.csv,8D-L4-1m1,DRG,msc_x10_causal_angle_halfgaussian_v1,period_multistart_profile_joint_v4,93.9085,10.105624999999996,0.69444,0.94444,13.05556,7.715275,6.770835,4.201385,3.256945,0.94444,7.465275,470,-0.40884852280958395,18,empirical,22,1.2680805581671795,3.1613729877822605,26.43040221831011,25.578804074270522,-0.38091954394089317,-0.5824643690847842,7.5031991527167445,1.229405756376015,5.004902359666095,0.047011531371413964,3.8916936904401744,0,none,275.32935210503535,0.5417823307644954,0.40487582142689826,0.059021047054519896,0.9803606349106012
250728::6A-SCNrM1_Raw.csv,6A-SCNrM1,SCN,msc_x10_causal_angle_halfgaussian_v1,period_multistart_profile_joint_v4,128.418,28.4212,0.65347,0.90417,13.09722,7.716665,6.812495,4.18194,3.27777,0.90347,7.466665,473,0.5364259809227545,17,period_27_27,19,1.6688840029653418,1.488739542694243,24.292107427948448,29.999999969437503,-0.3453925915206662,-1.39999999986,-0.6640681954467195,-0.09374268045370959,-0.4475883287307758,0.04091902221186855,-0.09100701808172268,2,fit_post_period_hours;fit_post_envelope_log_rate_per_day,103.69635701714876,0.331433003521452,0.2380221512213677,0.18351266955809348,0.6532518073181679
250728::6B-SCNrM2_Raw.csv,6B-SCNrM2,SCN,msc_x10_causal_angle_halfgaussian_v1,period_multistart_profile_joint_v4,174.157,38.63119999999998,0.66111,0.91111,13.08333,7.723615,6.812505,4.18889,3.27778,0.91111,7.473615,473,0.2037873432044286,17,period_21_24,19,1.9554942227146825,1.7497217083368377,23.6640558894088,26.88173474723711,-0.4794619684153521,-1.39999999986,0.3578433157130035,-1.6905242666369538,-7.232673030918654,-0.02144178203680961,1.2255392956125168,1,fit_post_envelope_log_rate_per_day,91.34877956509368,0.31140524516221113,0.21688170998079292,0.14975598661167383,0.6937934573791118
250728::7A-SCNcM1_Raw.csv,7A-SCNcM1,SCN,msc_x10_causal_angle_halfgaussian_v1,period_multistart_profile_joint_v4,75.791,5.2568000000000055,0.65625,0.90625,13.09722,7.71875,6.8125,4.18403,3.27778,0.90625,7.46875,473,0.1802524969868191,17,period_24_29,19,1.9303066262456499,0.5817171645710216,24.344336393722347,25.376365396723035,-0.3300145490899344,-0.13398899069014214,0.7621901081549453,-0.6702924712315301,-2.7071597989012806,0.004928289268794338,-1.125274001687561,0,none,146.5215968231064,0.3939715166819557,0.2236704957552907,0.17933553008816913,0.7334174043245543
250728::7B-SCNcM2_Raw.csv,7B-SCNcM2,SCN,msc_x10_causal_angle_halfgaussian_v1,period_multistart_profile_joint_v4,116.42,15.469499999999982,0.66319,0.91319,13.08334,7.725695,6.812505,4.19097,3.27778,0.91319,7.475695,473,0.4539868459393199,17,period_24_24,19,1.8100934614173598,1.2844889168639135,23.766890479773387,29.764717776736703,-0.42865182173613436,-1.3999999999999997,0.39480267024821375,-1.2675295759799983,-6.004543596637402,-0.039440851228335176,-0.5832342105699746,1,fit_post_envelope_log_rate_per_day,84.73752546968679,0.30008416366293383,0.1985782514824989,0.18497577182753233,0.6574647422530056
250811::1A-1FSCN_Raw.csv,1A-1FSCN,SCN,msc_x10_causal_angle_halfgaussian_v1,period_multistart_profile_joint_v4,78.8925,5.554500000000004,0.71528,0.96528,11.75,7.680555,6.715275,4.194445,3.229165,0.96528,7.430555,466,0.3269545282523496,17,period_24_27,19,1.8452806479332398,0.8698589476919004,24.26996470782264,25.168624274753455,-0.40661243623676135,-0.42438069333424605,0.44424348391442553,-0.06984571104730897,-0.27978173054103606,0.11981362559845779,-0.95108956337325,0,none,65.52208237704988,0.27846171350833826,0.19245309162527408,0.10308688267675728,0.8877850745728934
250811::1B-2MSCN_Raw.csv,1B-2MSCN,SCN,msc_x10_causal_angle_halfgaussian_v1,period_multistart_profile_joint_v4,100.816,3.632949999999994,0.70833,0.95833,11.76389,7.6875,6.72917,4.19444,3.23611,0.95833,7.4375,467,0.3874653503895047,17,period_24_29,19,1.4554105347427875,2.0133892099728157,24.19690174219052,25.722327689162675,-0.3259499026215392,-0.40689278884840935,1.7055585707940355,0.014152822733391357,0.05793932954021634,0.12157205607153655,-2.8541341215197504,0,none,135.5832709833359,0.40032975619092614,0.23245781558598147,0.09389747483722792,0.9219051547764058
250811::1C-3FSCN_Raw.csv,1C-3FSCN,SCN,msc_x10_causal_angle_halfgaussian_v1,period_multistart_profile_joint_v4,106.138,37.17939999999999,0.71319,0.96319,11.76389,7.692365,6.729175,4.19931,3.2361199999999997,0.96319,7.442365,467,0.7390525112513995,17,period_27_29,19,1.2400976628265792,1.03882920437417,24.108367009807424,25.19483127258797,-0.1706696624787509,-0.7199786092271278,-0.5609161943958207,-0.5373354366673366,-2.154651661816566,0.04477717829273215,0.8645381853206784,0,none,61.778841842150115,0.2702307083719805,0.20025410036006555,0.1460645797047341,0.7583857589593018
250811::1D-4FSCN_Raw.csv,1D-4FSCN,SCN,msc_x10_causal_angle_halfgaussian_v1,period_multistart_profile_joint_v4,102.594,22.8258,0.70972,0.95972,11.76389,7.688885,6.729165,4.19583,3.23611,0.95972,7.438885,467,0.813666747342539,17,period_27_27,19,1.0833781198347512,2.110427964652458,24.274902375769415,26.43932615647337,-0.23944693659465083,-1.1985594669504112,-1.0526634936529107,-0.5357069723575822,-2.2542278595976724,0.10297917374208726,0.7076310390412524,0,none,79.08800810191399,0.3057525848565641,0.25772764241074725,0.16342842242925626,0.7053888711705572
250811::2C-2ML1_Raw.csv,2C-2ML1,DRG,msc_x10_causal_angle_halfgaussian_v1,period_multistart_profile_joint_v4,45.442499999999995,12.200625,0.71528,0.96528,11.75,7.680555,6.715275,4.194445,3.229165,0.96528,7.430555,466,-0.13098316710168945,18,period_29_21,22,0.2243954098697139,7.583902801447001,29.782376137962515,25.652418492898697,-0.6006462994540249,-0.6001081695744038,8.383685914572377,1.5446471123197298,6.306344984572755,0.11410440892683404,5.99753967779281,1,fit_signed_acute_transient_amplitude,781.3515005785024,0.9616009214042824,0.6657923347025116,0.07388541618148026,0.9593249760147697
250811::2D-1FL2_Raw.csv,2D-1FL2,DRG,msc_x10_causal_angle_halfgaussian_v1,period_multistart_profile_joint_v4,86.574,7.814699999999995,0.71181,0.96181,11.76388,7.690975,6.729165,4.19792,3.23611,0.96181,7.440975,467,-1.108878662388184,18,period_21_24,22,0.7359377760706903,4.726253350303153,25.14480457832212,25.25318091561951,-0.3405216049753402,-0.34958851896651433,3.2098933818158724,3.139293389020617,12.617349325915724,0.22129459333412949,2.7387403699163517,0,none,366.0924769059406,0.657824767121686,0.5100304706774986,0.09251068644923335,0.9367243742537704
250811::3A-1FL4_Raw.csv,3A-1FL4,DRG,msc_x10_causal_angle_halfgaussian_v1,period_multistart_profile_joint_v4,68.748,2.429949999999998,0.70486,0.95486,11.76389,7.684025,6.729165,4.19097,3.23611,0.95486,7.434025,467,-1.9652018893910699,17,period_24_21,19,0.17121082720900702,1.028379807365561,23.99695746793537,20.906862965121032,0.1039968307333066,-1.398778737604923,-0.20711756653948138,2.279348138241618,7.584372710059752,0.20149147548083904,-5.170514677449578,1,fit_post_envelope_log_rate_per_day,136.4994321335073,0.4014428406995036,0.2536525927899768,0.1688597744045696,0.7844344786543628
250811::3D-1FT10_Raw.csv,3D-1FT10,DRG,msc_x10_causal_angle_halfgaussian_v1,period_multistart_profile_joint_v4,82.366,6.855899999999984,0.71319,0.96319,11.76389,7.692365,6.729175,4.19931,3.2361199999999997,0.96319,7.442365,467,-1.4398959231676627,18,empirical,22,1.5872823762302153,4.806197601765147,26.826971519972265,26.68705819137984,-0.5883206115285674,-0.258743499796131,6.083782067771587,-0.06609263827869238,-0.2807203667461194,0.25266797010399045,0.41196010423434115,0,none,590.8038164371385,0.8356731806270395,0.6255466614129234,0.08073603955654379,0.9567582043747874
250811::4A-2MT10_Raw.csv,4A-2MT10,DRG,msc_x10_causal_angle_halfgaussian_v1,period_multistart_profile_joint_v4,74.753,2.7974499999999978,0.70625,0.95625,11.76389,7.685415,6.729165,4.19236,3.23611,0.95625,7.435415,467,-1.1029068136456965,18,period_27_21,22,0.9020485804108533,2.831614378401828,27.352753058511688,24.626037421794862,-0.34531310315096947,-0.48978313972058557,2.092678126556698,-0.34386707011558393,-1.3477373215641326,0.08100827250729468,-2.2421322596945674,0,none,148.11791293828713,0.41817887200866066,0.29759102767255774,0.08938017049583427,0.9219182294108952
250811::4C-2MT5_Raw.csv,4C-2MT5,DRG,msc_x10_causal_angle_halfgaussian_v1,period_multistart_profile_joint_v4,42.75,6.026900000000001,0.70486,0.95486,11.76389,7.684025,6.729165,4.19097,3.23611,0.95486,7.434025,467,-1.351644911119725,18,period_29_21,22,0.514637958404989,9.999985053811868,28.230748912755406,25.924501909103427,-0.7167359435054201,-1.0538611815504741,3.029185036932292,1.0674332797219455,4.404243189576386,0.12005243945373241,5.9999896727885735,2,fit_post_amplitude;fit_signed_acute_transient_amplitude,453.2695101349335,0.7315374230618316,0.48017227163536974,0.10314405382257506,0.9193811183443468
250811::4D-1FL4_Raw.csv,4D-1FL4,DRG,msc_x10_causal_angle_halfgaussian_v1,period_multistart_profile_joint_v4,87.09450000000001,5.499499999999998,0.71528,0.96528,11.75,7.680555,6.715275,4.194445,3.229165,0.96528,7.430555,466,-1.3148533583585522,18,period_24_21,22,0.9259252553070506,8.405815958191328,24.902073034244744,25.18288453180618,-0.3024595023166774,-0.39709529979879116,8.416172301456484,2.993249370473288,11.996885271774124,0.0748259963048626,4.250061260421032,0,none,326.0474223844506,0.621172228720085,0.4508389551507697,0.046659099961293436,0.9837720169860306
250811::5A-2ML2_Raw.csv,5A-2ML2,DRG,msc_x10_causal_angle_halfgaussian_v1,period_multistart_profile_joint_v4,72.958,4.7485,0.70833,0.95833,11.76389,7.6875,6.72917,4.19444,3.23611,0.95833,7.4375,467,0.5550605851883579,18,period_29_27,22,0.274913187923189,2.8458351577782026,29.99987920153168,25.12669443021984,-0.556915963030067,-0.3259520696009549,6.28146224281637,1.3599532116007662,5.438504057526736,0.11113269135146989,3.2899096096792175,1,fit_pre_period_hours,419.3936802480608,0.7040860818785636,0.5211524039147527,0.07684146104724479,0.9602608142249374
250811::5C-1FT7_Raw.csv,5C-1FT7,DRG,msc_x10_causal_angle_halfgaussian_v1,period_multistart_profile_joint_v4,40.252,3.7540999999999976,0.70625,0.95625,11.76389,7.685415,6.729165,4.19236,3.23611,0.95625,7.435415,467,-0.6160067227293538,18,period_29_27,22,1.0898657010220294,4.980160310458433,29.988026517024224,25.26976058286376,-0.350839940708409,-0.5962263414064187,2.629027158572639,2.1843893156860252,8.785192912276106,0.07738411530147367,3.8255687531862854,0,none,156.12570762116982,0.4293342195118904,0.3379000216353695,0.07776567451688893,0.9483320652553033
250811::6A-1FL1_Raw.csv,6A-1FL1,DRG,msc_x10_causal_angle_halfgaussian_v1,period_multistart_profile_joint_v4,84.965,6.7729,0.70972,0.95972,11.76389,7.688885,6.729165,4.19583,3.23611,0.95972,7.438885,467,-0.8744376653890322,18,period_29_21,22,1.1380885596176493,6.11511717211735,28.228243334422935,24.488897487519186,-0.7067460214325216,-0.305304813308351,8.825665835354672,0.8851299229825429,3.4498196197216986,0.3985414588436119,3.646502718480904,0,none,950.517176563085,1.0599730005499666,0.7849821145995634,0.07103228653406488,0.9675247249772801
250811::6B-2ML3_Raw.csv,6B-2ML3,DRG,msc_x10_causal_angle_halfgaussian_v1,period_multistart_profile_joint_v4,124.70349999999999,9.72075000000001,0.71667,0.96667,11.75,7.681945,6.715275,4.195835,3.2291649999999996,0.96667,7.431945,466,-1.268352971825194,18,period_27_21,22,1.1492391541397717,3.6648838096650764,24.92632837420877,26.352869216678357,-0.37349436268065567,-0.15527136767652594,2.8387635404968385,-2.8939142319423903,-12.137624397535895,0.30162670931578267,1.7086552957763659,0,none,247.10870425086114,0.5404541303044994,0.4002673028967569,0.06639729395831186,0.9611844069678174
250811::7C-1FT12_Raw.csv,7C-1FT12,DRG,msc_x10_causal_angle_halfgaussian_v1,period_multistart_profile_joint_v4,55.67,7.241749999999993,0.70972,0.95972,11.76389,7.688885,6.729165,4.19583,3.23611,0.95972,7.438885,467,-0.9272156255884907,18,period_27_29,22,1.7078678441251152,2.606224680441038,26.66071694885268,25.232827280979016,-0.815727379915394,0.14829767638250496,5.634386787889005,-1.1780396568181106,-4.730923844736698,0.4841648296066029,1.202538564152208,0,none,2912.58099932925,1.8554695197407736,1.5670148746439212,0.12794163572906697,0.859756406654293
250811::7D-2MT12_Raw.csv,7D-2MT12,DRG,msc_x10_causal_angle_halfgaussian_v1,period_multistart_profile_joint_v4,97.138,10.0539,0.70625,0.95625,11.76389,7.685415,6.729165,4.19236,3.23611,0.95625,7.435415,467,-1.4826814208557602,18,empirical,22,0.8609926655832175,9.999999999999998,24.877849407139273,25.178559662874004,-0.23640950888566456,-1.1218664034347323,2.3383024538632857,2.5735627224222686,10.313017901702555,0.01021999549021958,5.999999999999999,2,fit_post_amplitude;fit_signed_acute_transient_amplitude,349.40777118780983,0.6422802604201653,0.47338942230101105,0.11673421353244462,0.9030398172761319
250811::8A-1FT5_Raw.csv,8A-1FT5,DRG,msc_x10_causal_angle_halfgaussian_v1,period_multistart_profile_joint_v4,75.545,4.153299999999994,0.71319,0.96319,11.76389,7.692365,6.729175,4.19931,3.2361199999999997,0.96319,7.442365,467,-2.2335565809749607,17,empirical,19,0.11355734301202688,2.396063828837223,24.60373134759685,25.678307936084455,-0.024550827755419998,-0.4338499517042531,0.8985816187387026,-2.7779863598868135,-11.353156990277679,0.19742407892073344,0.2439200739252951,0,none,121.29490849313483,0.3786483808595813,0.2827333576585944,0.08832700937806463,0.9135839768188011
250811::8C-2ML4_Raw.csv,8C-2ML4,DRG,msc_x10_causal_angle_halfgaussian_v1,period_multistart_profile_joint_v4,129.567,29.778250000000007,0.71181,0.96181,11.76388,7.690975,6.729165,4.19792,3.23611,0.96181,7.440975,467,-0.38407926053133057,17,period_27_29,19,0.8598336501852251,4.395445242436883,27.195439019124343,24.667056751588145,-0.35762657323194297,-0.4548099210315273,1.740142292521485,-0.5698142562979402,-2.2370246794892985,0.16512708252506444,3.4517283535120065,0,none,122.29362434963286,0.38020403933202596,0.29717666928666253,0.06341365715187665,0.9561350351679799
250811::8D-2MT7_Raw.csv,8D-2MT7,DRG,msc_x10_causal_angle_halfgaussian_v1,period_multistart_profile_joint_v4,77.787,8.155199999999994,0.70833,0.95833,11.76389,7.6875,6.72917,4.19444,3.23611,0.95833,7.4375,467,-1.9411781702397115,18,empirical,22,0.505649189805036,3.775979517440202,24.91899807871649,25.34556226410894,-0.1208153208621933,-0.5770356389786149,1.4487728628282042,-2.8745850376170647,-11.5957067144187,0.1565597743578404,3.6856530823929563,0,none,155.7708485373026,0.429099403993352,0.33813142899864335,0.0850047722556072,0.9242698567451556
251003::2A- M1SCn_Raw.csv,2A- M1SCn,SCN,msc_x10_causal_angle_halfgaussian_v1,period_multistart_profile_joint_v4,88.81,11.288800000000002,0.70278,0.95278,13.04166,7.709725,6.756945,4.20278,3.25,0.95278,7.459725,469,1.2777885016764001,17,period_29_29,19,1.5299840259716355,1.3379299884357547,24.23428219348293,29.909648073838223,-0.28503479458331316,-1.3999999998693922,0.716464669845325,-1.2027556737902254,-5.725439751199367,-0.0337144698054164,0.06743346711725974,1,fit_post_envelope_log_rate_per_day,26.31870083338444,0.1675061684043353,0.12082566303345958,0.0880300937766251,0.9007111114696446
251003::2B- 1MT7_Raw.csv,2B- 1MT7,DRG,msc_x10_causal_angle_halfgaussian_v1,period_multistart_profile_joint_v4,103.171,2.338699999999996,0.70972,0.95972,13.04167,7.716665,6.756945,4.20972,3.25,0.95972,7.466665,469,-0.12476563232369031,18,empirical,22,0.315390935685901,1.8933459573076072,25.04280258103327,24.47426197830999,0.1199973009061171,-0.31584892441210893,2.2105378182305264,1.169524464067269,4.5555314262207265,-0.29137571902578085,-5.999999999999989,2,fit_pre_envelope_log_rate_per_day;fit_signed_acute_transient_amplitude,618.5867332474053,0.8120801249024792,0.3639018773165155,0.33233215302537666,0.6492122110206326
251003::2C- M1L1_Raw.csv,2C- M1L1,DRG,msc_x10_causal_angle_halfgaussian_v1,period_multistart_profile_joint_v4,83.56649999999999,32.5066,0.70139,0.95139,13.04167,7.722225,6.770835,4.208335,3.256945,0.95139,7.472225,470,0.22756932791190865,18,period_27_29,22,0.11478485908881876,1.989802765132887,25.574117479896135,29.95013482083966,0.06654020415807888,-1.3863548085809274,4.267440087273145,0.8507551785572289,4.055304921247686,0.06503290085986402,5.9984367288314,1,fit_signed_acute_transient_amplitude,378.8735245530584,0.6358831743929458,0.4420319656846952,0.1021169970216291,0.932136783899887
251003::2D- M1L4_Raw.csv,2D- M1L4,DRG,msc_x10_causal_angle_halfgaussian_v1,period_multistart_profile_joint_v4,327.4955,119.45414999999994,0.69792,0.94792,13.05555,7.71875,6.77083,4.204865,3.256945,0.94792,7.46875,470,1.2673888599390413,17,period_27_24,19,2.027045811072035,0.8584020052669646,29.999999998830056,24.036149402340463,-1.3999999999903914,-0.4690911483207052,0.003022367803615965,1.1167750199176156,4.27219155813676,-0.1523192847420734,0.46859564241437324,2,fit_pre_period_hours;fit_pre_envelope_log_rate_per_day,112.60349420480078,0.34647708306361874,0.2457295700265968,0.1616380800941205,0.7545373969345783
251003::4A- M2SCN_Raw.csv,4A- M2SCN,SCN,msc_x10_causal_angle_halfgaussian_v1,period_multistart_profile_joint_v4,70.729,1.2456999999999994,0.70625,0.95625,13.04167,7.713195,6.756945,4.20625,3.25,0.95625,7.463195,469,-0.44320183892464593,17,empirical,19,4.132966860481623,2.582465939774875,21.83843073080708,22.419926978588165,-1.3999936138291929,-1.399998157190276,1.3160167531003288,0.19485827564975322,0.695301522660663,-0.15698976004820275,-5.999882168531671,3,fit_pre_envelope_log_rate_per_day;fit_post_envelope_log_rate_per_day;fit_signed_acute_transient_amplitude,2392.1589742176466,1.596958387659637,0.66909134700773,0.8149656138908677,0.4337463593283962
251003::4B-M3SCN_Raw.csv,4B-M3SCN,SCN,msc_x10_causal_angle_halfgaussian_v1,period_multistart_profile_joint_v4,104.1305,2.7186999999999983,0.69931,0.94931,13.05555,7.720135,6.770825,4.20625,3.2569399999999997,0.94931,7.470135,470,1.2064922881096098,17,empirical,19,1.418630442694032,2.836175158267873,24.956132773035986,26.70816888231224,-0.2440990819499732,-1.3999999387771473,1.2845821561850796,0.27248908419332407,1.1582794591313312,-0.02094094483089507,-5.9999999994,2,fit_post_envelope_log_rate_per_day;fit_signed_acute_transient_amplitude,550.6161277972928,0.766166298674941,0.337314203366567,0.2894872163059124,0.6350876605947635
