recording_uid,path,batch,file,recording_id,position,sample_code,tissue,scn_region,spinal_region,level,min_time_days,max_time_days,n_points,median_sampling_interval_min,n_time_gaps,n_duplicate_times,n_missing_time,n_missing_counts,min_counts,max_counts,mean_counts,median_counts,recording_duration_days,forskolin_status,reported_restart_datetime,restart_on_file_20min_node,forskolin_window_start_datetime,forskolin_window_end_datetime,forskolin_estimated_datetime,forskolin_time_days,forskolin_window_start_days,forskolin_window_end_days
250625 to 250728::1B-L1m2_Raw.csv,data/raw/All/250625 to 250728/1B-L1m2_Raw.csv,250625 to 250728,1B-L1m2_Raw.csv,1B-L1m2,1B,L1m2,DRG,,lumbar,L1,0.69444,14.0,956,20.00159999999994,1,0,0,0,69.366,133.951,112.93562552301255,108.1375,13.30556,administered_estimated,2025-07-10 17:20:00,True,2025-07-10 17:00:00,2025-07-10 17:20:00,2025-07-10 17:10:00,7.715277777777778,7.708333333333333,7.722222222222222
250625 to 250728::1C-SCN_Raw.csv,data/raw/All/250625 to 250728/1C-SCN_Raw.csv,250625 to 250728,1C-SCN_Raw.csv,1C-SCN,1C,SCN,SCN,whole_or_unspecified,,,0.64583,14.00486,961,20.00159999999994,1,0,0,0,35.485,133.753,65.8343361082206,66.368,13.35903,administered_estimated,2025-07-03 17:24:00,False,2025-07-03 17:10:00,2025-07-03 17:30:00,2025-07-03 17:20:00,7.722222222222222,7.715277777777778,7.729166666666667
250625 to 250728::1D-L2m2_Raw.csv,data/raw/All/250625 to 250728/1D-L2m2_Raw.csv,250625 to 250728,1D-L2m2_Raw.csv,1D-L2m2,1D,L2m2,DRG,,lumbar,L2,0.68194,14.00139,957,20.00159999999994,1,0,0,0,37.164,60.105,56.453446185997905,56.835,13.31945,administered_estimated,2025-07-10 17:20:00,True,2025-07-10 17:00:00,2025-07-10 17:20:00,2025-07-10 17:10:00,7.715277777777778,7.708333333333333,7.722222222222222
250625 to 250728::2A-SCNm4m_Raw.csv,data/raw/All/250625 to 250728/2A-SCNm4m_Raw.csv,250625 to 250728,2A-SCNm4m_Raw.csv,2A-SCNm4m,2A,SCNm4m,SCN,medial,,,0.64722,8.56389,569,20.00159999999994,1,0,0,0,73.127,141.059,86.43868892794376,84.913,7.916670000000001,not_administered,,,,,,,,
250625 to 250728::2B-SCNm4r_Raw.csv,data/raw/All/250625 to 250728/2B-SCNm4r_Raw.csv,250625 to 250728,2B-SCNm4r_Raw.csv,2B-SCNm4r,2B,SCNm4r,SCN,medial,,,0.75139,8.55694,561,20.00159999999994,1,0,0,0,90.601,124.449,103.86020320855616,104.771,7.805550000000001,not_administered,,,,,,,,
250625 to 250728::2C-L3m2_Raw.csv,data/raw/All/250625 to 250728/2C-L3m2_Raw.csv,250625 to 250728,2C-L3m2_Raw.csv,2C-L3m2,2C,L3m2,DRG,,lumbar,L3,0.6875,13.99306,957,20.00159999999994,1,0,0,0,32.552,143.588,81.07257262277952,54.739,13.30556,administered_estimated,2025-07-10 17:20:00,False,2025-07-10 17:10:00,2025-07-10 17:30:00,2025-07-10 17:20:00,7.722222222222222,7.715277777777778,7.729166666666667
250625 to 250728::2D-L4m2_Raw.csv,data/raw/All/250625 to 250728/2D-L4m2_Raw.csv,250625 to 250728,2D-L4m2_Raw.csv,2D-L4m2,2D,L4m2,DRG,,lumbar,L4,0.68403,14.00347,958,20.00159999999994,1,0,0,0,48.32,203.965,116.69586325678497,74.0395,13.31944,administered_estimated,2025-07-10 17:20:00,True,2025-07-10 17:00:00,2025-07-10 17:20:00,2025-07-10 17:10:00,7.715277777777778,7.708333333333333,7.722222222222222
250625 to 250728::3A-L5m2_Raw.csv,data/raw/All/250625 to 250728/3A-L5m2_Raw.csv,250625 to 250728,3A-L5m2_Raw.csv,3A-L5m2,3A,L5m2,DRG,,lumbar,L5,0.69097,13.99653,957,20.00159999999994,1,0,0,0,46.834,87.007,74.67313270637408,74.404,13.30556,administered_estimated,2025-07-10 17:20:00,True,2025-07-10 17:00:00,2025-07-10 17:20:00,2025-07-10 17:10:00,7.715277777777778,7.708333333333333,7.722222222222222
250625 to 250728::3B-T10m2_Raw.csv,data/raw/All/250625 to 250728/3B-T10m2_Raw.csv,250625 to 250728,3B-T10m2_Raw.csv,3B-T10m2,3B,T10m2,DRG,,thoracic,T10,0.68403,14.00347,958,20.00159999999994,1,0,0,0,74.163,262.074,155.52162108559497,129.5275,13.31944,administered_estimated,2025-07-10 17:20:00,True,2025-07-10 17:00:00,2025-07-10 17:20:00,2025-07-10 17:10:00,7.715277777777778,7.708333333333333,7.722222222222222
250625 to 250728::4B-T12m2_Raw.csv,data/raw/All/250625 to 250728/4B-T12m2_Raw.csv,250625 to 250728,4B-T12m2_Raw.csv,4B-T12m2,4B,T12m2,DRG,,thoracic,T12,0.68542,14.00486,958,20.00159999999994,1,0,0,0,74.302,372.181,188.1246356993737,139.9455,13.31944,administered_estimated,2025-07-10 17:20:00,False,2025-07-10 17:10:00,2025-07-10 17:30:00,2025-07-10 17:20:00,7.722222222222222,7.715277777777778,7.729166666666667
250625 to 250728::4C-T5m1_Raw.csv,data/raw/All/250625 to 250728/4C-T5m1_Raw.csv,250625 to 250728,4C-T5m1_Raw.csv,4C-T5m1,4C,T5m1,DRG,,thoracic,T5,0.69097,13.99653,957,20.00159999999994,1,0,0,0,22.588,57.033,40.39667607105538,37.649,13.30556,administered_estimated,2025-07-10 17:20:00,True,2025-07-10 17:00:00,2025-07-10 17:20:00,2025-07-10 17:10:00,7.715277777777778,7.708333333333333,7.722222222222222
250625 to 250728::4D-T7m1_Raw.csv,data/raw/All/250625 to 250728/4D-T7m1_Raw.csv,250625 to 250728,4D-T7m1_Raw.csv,4D-T7m1,4D,T7m1,DRG,,thoracic,T7,0.6875,13.99306,957,20.00159999999994,1,0,0,0,39.378,83.13,68.66560606060607,66.27,13.30556,administered_estimated,2025-07-10 17:20:00,False,2025-07-10 17:10:00,2025-07-10 17:30:00,2025-07-10 17:20:00,7.722222222222222,7.715277777777778,7.729166666666667
250625 to 250728::5A-T10m1_Raw.csv,data/raw/All/250625 to 250728/5A-T10m1_Raw.csv,250625 to 250728,5A-T10m1_Raw.csv,5A-T10m1,5A,T10m1,DRG,,thoracic,T10,0.69444,14.0,956,20.00159999999994,1,0,0,0,41.178,70.006,65.46123535564854,65.82900000000001,13.30556,administered_estimated,2025-07-10 17:20:00,True,2025-07-10 17:00:00,2025-07-10 17:20:00,2025-07-10 17:10:00,7.715277777777778,7.708333333333333,7.722222222222222
250625 to 250728::5B-T12m2_Raw.csv,data/raw/All/250625 to 250728/5B-T12m2_Raw.csv,250625 to 250728,5B-T12m2_Raw.csv,5B-T12m2,5B,T12m2,DRG,,thoracic,T12,0.6875,13.99306,957,20.00159999999994,1,0,0,0,63.652,115.67,101.39729885057471,99.922,13.30556,administered_estimated,2025-07-10 17:20:00,False,2025-07-10 17:10:00,2025-07-10 17:30:00,2025-07-10 17:20:00,7.722222222222222,7.715277777777778,7.729166666666667
250625 to 250728::5C-SCNm5_Raw.csv,data/raw/All/250625 to 250728/5C-SCNm5_Raw.csv,250625 to 250728,5C-SCNm5_Raw.csv,5C-SCNm5,5C,SCNm5,SCN,medial,,,0.74792,8.55347,561,20.00159999999994,1,0,0,0,38.796,108.795,59.87178966131908,59.771,7.805550000000001,not_administered,,,,,,,,
250625 to 250728::5C-T12_Raw.csv,data/raw/All/250625 to 250728/5C-T12_Raw.csv,250625 to 250728,5C-T12_Raw.csv,5C-T12,5C,T12,DRG,,thoracic,T12,0.63889,13.99792,960,20.00159999999994,1,0,0,0,32.851,130.467,72.86934375000001,52.8455,13.35903,administered_estimated,2025-07-03 17:24:00,False,2025-07-03 17:20:00,2025-07-03 17:40:00,2025-07-03 17:30:00,7.729166666666667,7.722222222222222,7.736111111111111
250625 to 250728::5D-T10_Raw.csv,data/raw/All/250625 to 250728/5D-T10_Raw.csv,250625 to 250728,5D-T10_Raw.csv,5D-T10,5D,T10,DRG,,thoracic,T10,0.64931,13.99444,960,20.00159999999994,1,0,0,0,51.419,119.286,83.02607604166666,79.761,13.345130000000001,administered_estimated,2025-07-03 17:24:00,False,2025-07-03 17:10:00,2025-07-03 17:30:00,2025-07-03 17:20:00,7.722222222222222,7.715277777777778,7.729166666666667
250625 to 250728::6A-T7_Raw.csv,data/raw/All/250625 to 250728/6A-T7_Raw.csv,250625 to 250728,6A-T7_Raw.csv,6A-T7,6A,T7,DRG,,thoracic,T7,0.64236,14.00139,961,20.00159999999994,1,0,0,0,53.145,75.036,68.33943600416234,68.517,13.35903,administered_estimated,2025-07-03 17:24:00,False,2025-07-03 17:20:00,2025-07-03 17:40:00,2025-07-03 17:30:00,7.729166666666667,7.722222222222222,7.736111111111111
250625 to 250728::6B-T5_Raw.csv,data/raw/All/250625 to 250728/6B-T5_Raw.csv,250625 to 250728,6B-T5_Raw.csv,6B-T5,6B,T5,DRG,,thoracic,T5,0.64931,13.99444,960,20.00159999999994,1,0,0,0,69.287,113.01,98.99652916666668,94.8555,13.345130000000001,administered_estimated,2025-07-03 17:24:00,False,2025-07-03 17:10:00,2025-07-03 17:30:00,2025-07-03 17:20:00,7.722222222222222,7.715277777777778,7.729166666666667
250625 to 250728::6C-SCNmm1_Raw.csv,data/raw/All/250625 to 250728/6C-SCNmm1_Raw.csv,250625 to 250728,6C-SCNmm1_Raw.csv,6C-SCNmm1,6C,SCNmm1,SCN,medial,,,0.69444,14.0,956,20.00159999999994,1,0,0,0,43.718,200.195,92.92285878661087,91.553,13.30556,administered_estimated,2025-07-10 17:20:00,True,2025-07-10 17:00:00,2025-07-10 17:20:00,2025-07-10 17:10:00,7.715277777777778,7.708333333333333,7.722222222222222
250625 to 250728::6D-SCNcm1_Raw.csv,data/raw/All/250625 to 250728/6D-SCNcm1_Raw.csv,250625 to 250728,6D-SCNcm1_Raw.csv,6D-SCNcm1,6D,SCNcm1,SCN,caudal,,,0.69097,7.60764,499,20.00159999999994,0,0,0,0,66.055,183.711,96.64214629258517,93.924,6.91667,not_administered,,,,,,,,
250625 to 250728::7A-SCNmm2_Raw.csv,data/raw/All/250625 to 250728/7A-SCNmm2_Raw.csv,250625 to 250728,7A-SCNmm2_Raw.csv,7A-SCNmm2,7A,SCNmm2,SCN,medial,,,0.68403,14.00347,958,20.00159999999994,1,0,0,0,70.515,116.981,88.96523277661795,89.47399999999999,13.31944,administered_estimated,2025-07-10 17:20:00,True,2025-07-10 17:00:00,2025-07-10 17:20:00,2025-07-10 17:10:00,7.715277777777778,7.708333333333333,7.722222222222222
250625 to 250728::7B-SCNcm2_Raw.csv,data/raw/All/250625 to 250728/7B-SCNcm2_Raw.csv,250625 to 250728,7B-SCNcm2_Raw.csv,7B-SCNcm2,7B,SCNcm2,SCN,caudal,,,0.69097,13.99653,957,20.00159999999994,1,0,0,0,100.466,173.173,123.17217868338557,122.328,13.30556,administered_estimated,2025-07-10 17:20:00,True,2025-07-10 17:00:00,2025-07-10 17:20:00,2025-07-10 17:10:00,7.715277777777778,7.708333333333333,7.722222222222222
250625 to 250728::7C-L1_Raw.csv,data/raw/All/250625 to 250728/7C-L1_Raw.csv,250625 to 250728,7C-L1_Raw.csv,7C-L1,7C,L1,DRG,,lumbar,L1,0.64236,14.00139,961,20.00159999999994,1,0,0,0,29.472,45.736,34.139117585848076,33.319,13.35903,administered_estimated,2025-07-03 17:24:00,False,2025-07-03 17:20:00,2025-07-03 17:40:00,2025-07-03 17:30:00,7.729166666666667,7.722222222222222,7.736111111111111
250625 to 250728::7C-SCNm6_Raw.csv,data/raw/All/250625 to 250728/7C-SCNm6_Raw.csv,250625 to 250728,7C-SCNm6_Raw.csv,7C-SCNm6,7C,SCNm6,SCN,medial,,,0.65417,8.55694,568,20.00159999999994,1,0,0,0,44.765,128.621,68.37241373239438,66.815,7.902770000000001,not_administered,,,,,,,,
250625 to 250728::7D-L2_Raw.csv,data/raw/All/250625 to 250728/7D-L2_Raw.csv,250625 to 250728,7D-L2_Raw.csv,7D-L2,7D,L2,DRG,,lumbar,L2,0.63889,13.99792,960,20.00159999999994,1,0,0,0,48.422,111.106,81.02677083333333,73.0565,13.35903,administered_estimated,2025-07-03 17:24:00,False,2025-07-03 17:20:00,2025-07-03 17:40:00,2025-07-03 17:30:00,7.729166666666667,7.722222222222222,7.736111111111111
250625 to 250728::8A-L3_Raw.csv,data/raw/All/250625 to 250728/8A-L3_Raw.csv,250625 to 250728,8A-L3_Raw.csv,8A-L3,8A,L3,DRG,,lumbar,L3,0.64583,14.00486,961,20.00159999999994,1,0,0,0,59.813,101.694,86.71952549427678,86.555,13.35903,administered_estimated,2025-07-03 17:24:00,False,2025-07-03 17:10:00,2025-07-03 17:30:00,2025-07-03 17:20:00,7.722222222222222,7.715277777777778,7.729166666666667
250625 to 250728::8B-L2m1_Raw.csv,data/raw/All/250625 to 250728/8B-L2m1_Raw.csv,250625 to 250728,8B-L2m1_Raw.csv,8B-L2m1,8B,L2m1,DRG,,lumbar,L2,0.69236,13.99792,957,20.00159999999994,1,0,0,0,66.668,156.869,119.24552142110764,104.533,13.30556,administered_estimated,2025-07-10 17:20:00,True,2025-07-10 17:00:00,2025-07-10 17:20:00,2025-07-10 17:10:00,7.715277777777778,7.708333333333333,7.722222222222222
250625 to 250728::8B-L4_Raw.csv,data/raw/All/250625 to 250728/8B-L4_Raw.csv,250625 to 250728,8B-L4_Raw.csv,8B-L4,8B,L4,DRG,,lumbar,L4,0.63889,7.63889,505,20.00159999999994,0,0,0,0,66.407,89.043,85.90281782178218,86.357,7.0,not_administered,,,,,,,,
250625 to 250728::8C-L3m1_Raw.csv,data/raw/All/250625 to 250728/8C-L3m1_Raw.csv,250625 to 250728,8C-L3m1_Raw.csv,8C-L3m1,8C,L3m1,DRG,,lumbar,L3,0.68403,14.00347,958,20.00159999999994,1,0,0,0,79.224,301.25,157.31175365344467,152.13400000000001,13.31944,administered_estimated,2025-07-10 17:20:00,True,2025-07-10 17:00:00,2025-07-10 17:20:00,2025-07-10 17:10:00,7.715277777777778,7.708333333333333,7.722222222222222
250625 to 250728::8D-L4-1m1_Raw.csv,data/raw/All/250625 to 250728/8D-L4-1m1_Raw.csv,250625 to 250728,8D-L4-1m1_Raw.csv,8D-L4-1m1,8D,L4-1m1,DRG,,lumbar,L4,0.69444,14.0,956,20.00159999999994,1,0,0,0,67.627,185.705,131.34630334728035,109.10499999999999,13.30556,administered_estimated,2025-07-10 17:20:00,True,2025-07-10 17:00:00,2025-07-10 17:20:00,2025-07-10 17:10:00,7.715277777777778,7.708333333333333,7.722222222222222
250728::6A-SCNrM1_Raw.csv,data/raw/All/250728/6A-SCNrM1_Raw.csv,250728,6A-SCNrM1_Raw.csv,6A-SCNrM1,6A,SCNrM1,SCN,rostral,,,0.65347,14.00139,963,20.00159999999994,0,0,0,0,54.378,228.683,124.00321599169263,122.999,13.34792,administered_estimated,2025-08-04 17:19:00,False,2025-08-04 17:00:00,2025-08-04 17:20:00,2025-08-04 17:10:00,7.715277777777778,7.708333333333333,7.722222222222222
250728::6B-SCNrM2_Raw.csv,data/raw/All/250728/6B-SCNrM2_Raw.csv,250728,6B-SCNrM2_Raw.csv,6B-SCNrM2,6B,SCNrM2,SCN,rostral,,,0.66111,13.99444,960,20.00159999999994,1,0,0,0,78.075,305.574,181.61017395833332,181.038,13.33333,administered_estimated,2025-08-04 17:19:00,False,2025-08-04 17:10:00,2025-08-04 17:30:00,2025-08-04 17:20:00,7.722222222222222,7.715277777777778,7.729166666666667
250728::7A-SCNcM1_Raw.csv,data/raw/All/250728/7A-SCNcM1_Raw.csv,250728,7A-SCNcM1_Raw.csv,7A-SCNcM1,7A,SCNcM1,SCN,caudal,,,0.65417,14.00347,963,20.00159999999994,0,0,0,0,53.539,107.998,77.87673624091381,78.266,13.3493,administered_estimated,2025-08-04 17:19:00,False,2025-08-04 17:00:00,2025-08-04 17:20:00,2025-08-04 17:10:00,7.715277777777778,7.708333333333333,7.722222222222222
250728::7B-SCNcM2_Raw.csv,data/raw/All/250728/7B-SCNcM2_Raw.csv,250728,7B-SCNcM2_Raw.csv,7B-SCNcM2,7B,SCNcM2,SCN,caudal,,,0.66319,13.99653,959,20.00159999999994,2,0,0,0,77.646,177.517,119.05521689259645,118.593,13.33334,administered_estimated,2025-08-04 17:19:00,False,2025-08-04 17:00:00,2025-08-04 17:20:00,2025-08-04 17:10:00,7.715277777777778,7.708333333333333,7.722222222222222
250811::1A-1FSCN_Raw.csv,data/raw/All/250811/1A-1FSCN_Raw.csv,250811,1A-1FSCN_Raw.csv,1A-1FSCN,1A,1FSCN,SCN,whole_or_unspecified,,,0.71528,12.71528,863,20.00159999999994,1,0,0,0,69.511,102.334,80.92951680185399,80.955,12.0,administered_estimated,2025-08-18 16:30:00,True,2025-08-18 16:10:00,2025-08-18 16:30:00,2025-08-18 16:20:00,7.680555555555555,7.673611111111111,7.6875
250811::1B-2MSCN_Raw.csv,data/raw/All/250811/1B-2MSCN_Raw.csv,250811,1B-2MSCN_Raw.csv,1B-2MSCN,1B,2MSCN,SCN,whole_or_unspecified,,,0.70833,12.72222,864,20.00159999999994,1,0,0,0,82.534,125.218,104.08071759259259,102.6265,12.01389,administered_estimated,2025-08-18 16:30:00,False,2025-08-18 16:20:00,2025-08-18 16:40:00,2025-08-18 16:30:00,7.6875,7.680555555555555,7.694444444444445
250811::1C-3FSCN_Raw.csv,data/raw/All/250811/1C-3FSCN_Raw.csv,250811,1C-3FSCN_Raw.csv,1C-3FSCN,1C,3FSCN,SCN,whole_or_unspecified,,,0.71319,12.72708,864,20.00159999999994,1,0,0,0,57.916,260.295,103.50172337962964,100.26050000000001,12.01389,administered_estimated,2025-08-18 16:30:00,True,2025-08-18 16:10:00,2025-08-18 16:30:00,2025-08-18 16:20:00,7.680555555555555,7.673611111111111,7.6875
250811::1D-4FSCN_Raw.csv,data/raw/All/250811/1D-4FSCN_Raw.csv,250811,1D-4FSCN_Raw.csv,1D-4FSCN,1D,4FSCN,SCN,whole_or_unspecified,,,0.70972,12.72361,864,20.00159999999994,1,0,0,0,70.047,195.41,97.14517245370371,94.5845,12.01389,administered_estimated,2025-08-18 16:30:00,False,2025-08-18 16:20:00,2025-08-18 16:40:00,2025-08-18 16:30:00,7.6875,7.680555555555555,7.694444444444445
250811::2C-2ML1_Raw.csv,data/raw/All/250811/2C-2ML1_Raw.csv,250811,2C-2ML1_Raw.csv,2C-2ML1,2C,2ML1,DRG,,lumbar,L1,0.71528,12.71528,863,20.00159999999994,1,0,0,0,32.971,249.566,95.84871147161066,60.989,12.0,administered_estimated,2025-08-18 16:30:00,True,2025-08-18 16:10:00,2025-08-18 16:30:00,2025-08-18 16:20:00,7.680555555555555,7.673611111111111,7.6875
250811::2D-1FL2_Raw.csv,data/raw/All/250811/2D-1FL2_Raw.csv,250811,2D-1FL2_Raw.csv,2D-1FL2,2D,1FL2,DRG,,lumbar,L2,0.71181,12.72569,864,20.00159999999994,1,0,0,0,63.942,152.013,102.50742592592593,91.6385,12.01388,administered_estimated,2025-08-18 16:30:00,False,2025-08-18 16:20:00,2025-08-18 16:40:00,2025-08-18 16:30:00,7.6875,7.680555555555555,7.694444444444445
250811::3A-1FL4_Raw.csv,data/raw/All/250811/3A-1FL4_Raw.csv,250811,3A-1FL4_Raw.csv,3A-1FL4,3A,1FL4,DRG,,lumbar,L4,0.70486,12.71875,865,20.00159999999994,1,0,0,0,52.132,73.021,69.47529364161849,70.072,12.01389,administered_estimated,2025-08-18 16:30:00,False,2025-08-18 16:20:00,2025-08-18 16:40:00,2025-08-18 16:30:00,7.6875,7.680555555555555,7.694444444444445
250811::3D-1FT10_Raw.csv,data/raw/All/250811/3D-1FT10_Raw.csv,250811,3D-1FT10_Raw.csv,3D-1FT10,3D,1FT10,DRG,,thoracic,T10,0.71319,12.72708,864,20.00159999999994,1,0,0,0,62.68,156.664,104.33057291666667,86.2045,12.01389,administered_estimated,2025-08-18 16:30:00,True,2025-08-18 16:10:00,2025-08-18 16:30:00,2025-08-18 16:20:00,7.680555555555555,7.673611111111111,7.6875
250811::4A-2MT10_Raw.csv,data/raw/All/250811/4A-2MT10_Raw.csv,250811,4A-2MT10_Raw.csv,4A-2MT10,4A,2MT10,DRG,,thoracic,T10,0.70625,12.72014,865,20.00159999999994,1,0,0,0,55.711,87.862,77.29936531791908,75.716,12.01389,administered_estimated,2025-08-18 16:30:00,False,2025-08-18 16:20:00,2025-08-18 16:40:00,2025-08-18 16:30:00,7.6875,7.680555555555555,7.694444444444445
250811::4C-2MT5_Raw.csv,data/raw/All/250811/4C-2MT5_Raw.csv,250811,4C-2MT5_Raw.csv,4C-2MT5,4C,2MT5,DRG,,thoracic,T5,0.70486,12.71875,865,20.00159999999994,1,0,0,0,30.715,116.636,53.6132034682081,48.605,12.01389,administered_estimated,2025-08-18 16:30:00,False,2025-08-18 16:20:00,2025-08-18 16:40:00,2025-08-18 16:30:00,7.6875,7.680555555555555,7.694444444444445
250811::4D-1FL4_Raw.csv,data/raw/All/250811/4D-1FL4_Raw.csv,250811,4D-1FL4_Raw.csv,4D-1FL4,4D,1FL4,DRG,,lumbar,L4,0.71528,12.71528,863,20.00159999999994,1,0,0,0,64.5,173.274,107.81224101969873,89.691,12.0,administered_estimated,2025-08-18 16:30:00,True,2025-08-18 16:10:00,2025-08-18 16:30:00,2025-08-18 16:20:00,7.680555555555555,7.673611111111111,7.6875
250811::5A-2ML2_Raw.csv,data/raw/All/250811/5A-2ML2_Raw.csv,250811,5A-2ML2_Raw.csv,5A-2ML2,5A,2ML2,DRG,,lumbar,L2,0.70833,12.72222,864,20.00159999999994,1,0,0,0,53.118,121.094,87.27921990740741,76.5935,12.01389,administered_estimated,2025-08-18 16:30:00,False,2025-08-18 16:20:00,2025-08-18 16:40:00,2025-08-18 16:30:00,7.6875,7.680555555555555,7.694444444444445
250811::5C-1FT7_Raw.csv,data/raw/All/250811/5C-1FT7_Raw.csv,250811,5C-1FT7_Raw.csv,5C-1FT7,5C,1FT7,DRG,,thoracic,T7,0.70625,12.72014,865,20.00159999999994,1,0,0,0,29.487,68.648,45.32780693641619,42.252,12.01389,administered_estimated,2025-08-18 16:30:00,False,2025-08-18 16:20:00,2025-08-18 16:40:00,2025-08-18 16:30:00,7.6875,7.680555555555555,7.694444444444445
250811::6A-1FL1_Raw.csv,data/raw/All/250811/6A-1FL1_Raw.csv,250811,6A-1FL1_Raw.csv,6A-1FL1,6A,1FL1,DRG,,lumbar,L1,0.70972,12.72361,864,20.00159999999994,1,0,0,0,64.793,208.047,118.03172337962963,93.3055,12.01389,administered_estimated,2025-08-18 16:30:00,False,2025-08-18 16:20:00,2025-08-18 16:40:00,2025-08-18 16:30:00,7.6875,7.680555555555555,7.694444444444445
250811::6B-2ML3_Raw.csv,data/raw/All/250811/6B-2ML3_Raw.csv,250811,6B-2ML3_Raw.csv,6B-2ML3,6B,2ML3,DRG,,lumbar,L3,0.71667,12.71667,864,20.00159999999994,1,0,0,0,81.589,207.122,142.84641550925926,129.2315,12.0,administered_estimated,2025-08-18 16:30:00,True,2025-08-18 16:10:00,2025-08-18 16:30:00,2025-08-18 16:20:00,7.680555555555555,7.673611111111111,7.6875
250811::7C-1FT12_Raw.csv,data/raw/All/250811/7C-1FT12_Raw.csv,250811,7C-1FT12_Raw.csv,7C-1FT12,7C,1FT12,DRG,,thoracic,T12,0.70972,12.72361,864,20.00159999999994,1,0,0,0,46.34,191.703,82.48410300925926,61.996,12.01389,administered_estimated,2025-08-18 16:30:00,False,2025-08-18 16:20:00,2025-08-18 16:40:00,2025-08-18 16:30:00,7.6875,7.680555555555555,7.694444444444445
250811::7D-2MT12_Raw.csv,data/raw/All/250811/7D-2MT12_Raw.csv,250811,7D-2MT12_Raw.csv,7D-2MT12,7D,2MT12,DRG,,thoracic,T12,0.70625,12.72014,865,20.00159999999994,1,0,0,0,62.468,201.687,108.58569364161849,101.869,12.01389,administered_estimated,2025-08-18 16:30:00,False,2025-08-18 16:20:00,2025-08-18 16:40:00,2025-08-18 16:30:00,7.6875,7.680555555555555,7.694444444444445
250811::8A-1FT5_Raw.csv,data/raw/All/250811/8A-1FT5_Raw.csv,250811,8A-1FT5_Raw.csv,8A-1FT5,8A,1FT5,DRG,,thoracic,T5,0.71319,12.72708,864,20.00159999999994,1,0,0,0,53.516,93.032,78.81401504629629,78.0625,12.01389,administered_estimated,2025-08-18 16:30:00,True,2025-08-18 16:10:00,2025-08-18 16:30:00,2025-08-18 16:20:00,7.680555555555555,7.673611111111111,7.6875
250811::8C-2ML4_Raw.csv,data/raw/All/250811/8C-2ML4_Raw.csv,250811,8C-2ML4_Raw.csv,8C-2ML4,8C,2ML4,DRG,,lumbar,L4,0.71181,12.72569,864,20.00159999999994,1,0,0,0,53.804,330.484,159.44170370370372,134.0795,12.01388,administered_estimated,2025-08-18 16:30:00,False,2025-08-18 16:20:00,2025-08-18 16:40:00,2025-08-18 16:30:00,7.6875,7.680555555555555,7.694444444444445
250811::8D-2MT7_Raw.csv,data/raw/All/250811/8D-2MT7_Raw.csv,250811,8D-2MT7_Raw.csv,8D-2MT7,8D,2MT7,DRG,,thoracic,T7,0.70833,12.72222,864,20.00159999999994,1,0,0,0,52.908,127.251,86.35085879629631,82.481,12.01389,administered_estimated,2025-08-18 16:30:00,False,2025-08-18 16:20:00,2025-08-18 16:40:00,2025-08-18 16:30:00,7.6875,7.680555555555555,7.694444444444445
251003::2A- M1SCn_Raw.csv,data/raw/All/251003/2A- M1SCn_Raw.csv,251003,2A- M1SCn_Raw.csv,2A- M1SCn,2A,M1SCn,SCN,whole_or_unspecified,,,0.70278,13.99444,956,20.00159999999994,1,0,0,0,75.188,118.922,92.36384414225942,93.27250000000001,13.29166,administered_estimated,2025-10-10 17:11:00,False,2025-10-10 17:10:00,2025-10-10 17:30:00,2025-10-10 17:20:00,7.722222222222222,7.715277777777778,7.729166666666667
251003::2B- 1MT7_Raw.csv,data/raw/All/251003/2B- 1MT7_Raw.csv,251003,2B- 1MT7_Raw.csv,2B- 1MT7,2B,1MT7,DRG,,thoracic,T7,0.70972,14.00139,956,20.00159999999994,1,0,0,0,67.11,108.804,102.91635774058578,103.098,13.29167,administered_estimated,2025-10-10 17:11:00,False,2025-10-10 17:00:00,2025-10-10 17:20:00,2025-10-10 17:10:00,7.715277777777778,7.708333333333333,7.722222222222222
251003::2C- M1L1_Raw.csv,data/raw/All/251003/2C- M1L1_Raw.csv,251003,2C- M1L1_Raw.csv,2C- M1L1,2C,M1L1,DRG,,lumbar,L1,0.70139,13.99306,955,20.00159999999994,1,0,0,0,60.207,357.309,160.705909947644,134.397,13.29167,administered_estimated,2025-10-10 17:11:00,False,2025-10-10 17:10:00,2025-10-10 17:30:00,2025-10-10 17:20:00,7.722222222222222,7.715277777777778,7.729166666666667
251003::2D- M1L4_Raw.csv,data/raw/All/251003/2D- M1L4_Raw.csv,251003,2D- M1L4_Raw.csv,2D- M1L4,2D,M1L4,DRG,,lumbar,L4,0.69792,14.00347,956,20.00159999999994,1,0,0,0,164.292,528.063,278.0798420502092,253.988,13.30555,administered_estimated,2025-10-10 17:11:00,False,2025-10-10 17:00:00,2025-10-10 17:20:00,2025-10-10 17:10:00,7.715277777777778,7.708333333333333,7.722222222222222
251003::4A- M2SCN_Raw.csv,data/raw/All/251003/4A- M2SCN_Raw.csv,251003,4A- M2SCN_Raw.csv,4A- M2SCN,4A,M2SCN,SCN,whole_or_unspecified,,,0.70625,13.99792,956,20.00159999999994,1,0,0,0,40.122,90.386,71.07657635983263,70.9815,13.29167,administered_estimated,2025-10-10 17:11:00,False,2025-10-10 17:00:00,2025-10-10 17:20:00,2025-10-10 17:10:00,7.715277777777778,7.708333333333333,7.722222222222222
251003::4B-M3SCN_Raw.csv,data/raw/All/251003/4B-M3SCN_Raw.csv,251003,4B-M3SCN_Raw.csv,4B-M3SCN,4B,M3SCN,SCN,whole_or_unspecified,,,0.69931,14.00486,956,20.00159999999994,1,0,0,0,66.916,111.732,105.25362343096235,105.802,13.30555,administered_estimated,2025-10-10 17:11:00,False,2025-10-10 17:10:00,2025-10-10 17:30:00,2025-10-10 17:20:00,7.722222222222222,7.715277777777778,7.729166666666667
