recording_uid,recording_id,file,path,batch,position,sample_code,tissue,scn_region,spinal_region,level,recording_start_datetime,recording_end_datetime,min_time_days,max_time_days,recording_duration_days,n_raw_observations,n_analysis_observations,forskolin_status,experiment_start_date,scheduled_forskolin_date,reported_restart_datetime,forskolin_interval_start_datetime,forskolin_interval_end_datetime,forskolin_estimated_datetime,forskolin_time_days,forskolin_assignment_reason,median_sampling_interval_min,maximum_sampling_interval_min,n_sampling_gaps,n_excluded_observations
250625 to 250728::1B-L1m2_Raw.csv,1B-L1m2,1B-L1m2_Raw.csv,data/raw/All/250625 to 250728/1B-L1m2_Raw.csv,250625 to 250728,1B,L1m2,DRG,,lumbar,L1,2025-07-03 16:40:00,2025-07-17 00:00:00,0.69444,14.0,13.30556,956,956,administered_estimated,2025-07-03 00:00:00,2025-07-10 00:00:00,2025-07-10 17:20:00,2025-07-10 17:00:00,2025-07-10 17:20:00,2025-07-10 17:10:00,7.715275,midpoint_of_actual_observations_bracketing_restart,20.0,80.0,1,0
250625 to 250728::1C-SCN_Raw.csv,1C-SCN,1C-SCN_Raw.csv,data/raw/All/250625 to 250728/1C-SCN_Raw.csv,250625 to 250728,1C,SCN,SCN,whole_or_unspecified,,,2025-06-26 15:30:00,2025-07-10 00:07:00,0.64583,14.00486,13.35903,961,961,administered_estimated,2025-06-26 00:00:00,2025-07-03 00:00:00,2025-07-03 17:24:00,2025-07-03 17:07:00,2025-07-03 17:27:00,2025-07-03 17:17:00,7.720135,midpoint_of_actual_observations_bracketing_restart,20.0,57.0,1,0
250625 to 250728::1D-L2m2_Raw.csv,1D-L2m2,1D-L2m2_Raw.csv,data/raw/All/250625 to 250728/1D-L2m2_Raw.csv,250625 to 250728,1D,L2m2,DRG,,lumbar,L2,2025-07-03 16:22:00,2025-07-17 00:02:00,0.68194,14.00139,13.31945,957,957,administered_estimated,2025-07-03 00:00:00,2025-07-10 00:00:00,2025-07-10 17:20:00,2025-07-10 17:02:00,2025-07-10 17:22:00,2025-07-10 17:12:00,7.716665,midpoint_of_actual_observations_bracketing_restart,20.0,80.0,1,0
250625 to 250728::2A-SCNm4m_Raw.csv,2A-SCNm4m,2A-SCNm4m_Raw.csv,data/raw/All/250625 to 250728/2A-SCNm4m_Raw.csv,250625 to 250728,2A,SCNm4m,SCN,medial,,,2025-07-10 15:32:00,2025-07-18 13:32:00,0.64722,8.56389,7.916670000000001,569,569,not_administered,,,,,,,,no_scheduled_treatment_for_recording_start_date,20.0,60.0,1,0
250625 to 250728::2B-SCNm4r_Raw.csv,2B-SCNm4r,2B-SCNm4r_Raw.csv,data/raw/All/250625 to 250728/2B-SCNm4r_Raw.csv,250625 to 250728,2B,SCNm4r,SCN,medial,,,2025-07-10 18:02:00,2025-07-18 13:22:00,0.75139,8.55694,7.805550000000001,561,561,not_administered,,,,,,,,no_scheduled_treatment_for_recording_start_date,20.0,60.0,1,0
250625 to 250728::2C-L3m2_Raw.csv,2C-L3m2,2C-L3m2_Raw.csv,data/raw/All/250625 to 250728/2C-L3m2_Raw.csv,250625 to 250728,2C,L3m2,DRG,,lumbar,L3,2025-07-03 16:30:00,2025-07-16 23:50:00,0.6875,13.99306,13.30556,957,957,administered_estimated,2025-07-03 00:00:00,2025-07-10 00:00:00,2025-07-10 17:20:00,2025-07-10 17:10:00,2025-07-10 17:30:00,2025-07-10 17:20:00,7.722225,midpoint_of_actual_observations_bracketing_restart,20.0,60.0,1,0
250625 to 250728::2D-L4m2_Raw.csv,2D-L4m2,2D-L4m2_Raw.csv,data/raw/All/250625 to 250728/2D-L4m2_Raw.csv,250625 to 250728,2D,L4m2,DRG,,lumbar,L4,2025-07-03 16:25:00,2025-07-17 00:05:00,0.68403,14.00347,13.31944,958,958,administered_estimated,2025-07-03 00:00:00,2025-07-10 00:00:00,2025-07-10 17:20:00,2025-07-10 17:05:00,2025-07-10 17:25:00,2025-07-10 17:15:00,7.71875,midpoint_of_actual_observations_bracketing_restart,20.0,60.0,1,0
250625 to 250728::3A-L5m2_Raw.csv,3A-L5m2,3A-L5m2_Raw.csv,data/raw/All/250625 to 250728/3A-L5m2_Raw.csv,250625 to 250728,3A,L5m2,DRG,,lumbar,L5,2025-07-03 16:35:00,2025-07-16 23:55:00,0.69097,13.99653,13.30556,957,957,administered_estimated,2025-07-03 00:00:00,2025-07-10 00:00:00,2025-07-10 17:20:00,2025-07-10 17:15:00,2025-07-10 17:35:00,2025-07-10 17:25:00,7.725695,midpoint_of_actual_observations_bracketing_restart,20.0,60.0,1,0
250625 to 250728::3B-T10m2_Raw.csv,3B-T10m2,3B-T10m2_Raw.csv,data/raw/All/250625 to 250728/3B-T10m2_Raw.csv,250625 to 250728,3B,T10m2,DRG,,thoracic,T10,2025-07-03 16:25:00,2025-07-17 00:05:00,0.68403,14.00347,13.31944,958,958,administered_estimated,2025-07-03 00:00:00,2025-07-10 00:00:00,2025-07-10 17:20:00,2025-07-10 17:05:00,2025-07-10 17:25:00,2025-07-10 17:15:00,7.71875,midpoint_of_actual_observations_bracketing_restart,20.0,60.0,1,0
250625 to 250728::4B-T12m2_Raw.csv,4B-T12m2,4B-T12m2_Raw.csv,data/raw/All/250625 to 250728/4B-T12m2_Raw.csv,250625 to 250728,4B,T12m2,DRG,,thoracic,T12,2025-07-03 16:27:00,2025-07-17 00:07:00,0.68542,14.00486,13.31944,958,958,administered_estimated,2025-07-03 00:00:00,2025-07-10 00:00:00,2025-07-10 17:20:00,2025-07-10 17:07:00,2025-07-10 17:27:00,2025-07-10 17:17:00,7.720135,midpoint_of_actual_observations_bracketing_restart,20.0,60.0,1,0
250625 to 250728::4C-T5m1_Raw.csv,4C-T5m1,4C-T5m1_Raw.csv,data/raw/All/250625 to 250728/4C-T5m1_Raw.csv,250625 to 250728,4C,T5m1,DRG,,thoracic,T5,2025-07-03 16:35:00,2025-07-16 23:55:00,0.69097,13.99653,13.30556,957,957,administered_estimated,2025-07-03 00:00:00,2025-07-10 00:00:00,2025-07-10 17:20:00,2025-07-10 17:15:00,2025-07-10 17:35:00,2025-07-10 17:25:00,7.725695,midpoint_of_actual_observations_bracketing_restart,20.0,60.0,1,0
250625 to 250728::4D-T7m1_Raw.csv,4D-T7m1,4D-T7m1_Raw.csv,data/raw/All/250625 to 250728/4D-T7m1_Raw.csv,250625 to 250728,4D,T7m1,DRG,,thoracic,T7,2025-07-03 16:30:00,2025-07-16 23:50:00,0.6875,13.99306,13.30556,957,957,administered_estimated,2025-07-03 00:00:00,2025-07-10 00:00:00,2025-07-10 17:20:00,2025-07-10 17:10:00,2025-07-10 17:30:00,2025-07-10 17:20:00,7.722225,midpoint_of_actual_observations_bracketing_restart,20.0,60.0,1,0
250625 to 250728::5A-T10m1_Raw.csv,5A-T10m1,5A-T10m1_Raw.csv,data/raw/All/250625 to 250728/5A-T10m1_Raw.csv,250625 to 250728,5A,T10m1,DRG,,thoracic,T10,2025-07-03 16:40:00,2025-07-17 00:00:00,0.69444,14.0,13.30556,956,956,administered_estimated,2025-07-03 00:00:00,2025-07-10 00:00:00,2025-07-10 17:20:00,2025-07-10 17:00:00,2025-07-10 17:20:00,2025-07-10 17:10:00,7.715275,midpoint_of_actual_observations_bracketing_restart,20.0,80.0,1,0
250625 to 250728::5B-T12m2_Raw.csv,5B-T12m2,5B-T12m2_Raw.csv,data/raw/All/250625 to 250728/5B-T12m2_Raw.csv,250625 to 250728,5B,T12m2,DRG,,thoracic,T12,2025-07-03 16:30:00,2025-07-16 23:50:00,0.6875,13.99306,13.30556,957,957,administered_estimated,2025-07-03 00:00:00,2025-07-10 00:00:00,2025-07-10 17:20:00,2025-07-10 17:10:00,2025-07-10 17:30:00,2025-07-10 17:20:00,7.722225,midpoint_of_actual_observations_bracketing_restart,20.0,60.0,1,0
250625 to 250728::5C-SCNm5_Raw.csv,5C-SCNm5,5C-SCNm5_Raw.csv,data/raw/All/250625 to 250728/5C-SCNm5_Raw.csv,250625 to 250728,5C,SCNm5,SCN,medial,,,2025-07-10 17:57:00,2025-07-18 13:17:00,0.74792,8.55347,7.805550000000001,561,561,not_administered,,,,,,,,no_scheduled_treatment_for_recording_start_date,20.0,60.0,1,0
250625 to 250728::5C-T12_Raw.csv,5C-T12,5C-T12_Raw.csv,data/raw/All/250625 to 250728/5C-T12_Raw.csv,250625 to 250728,5C,T12,DRG,,thoracic,T12,2025-06-26 15:20:00,2025-07-09 23:57:00,0.63889,13.99792,13.35903,960,960,administered_estimated,2025-06-26 00:00:00,2025-07-03 00:00:00,2025-07-03 17:24:00,2025-07-03 17:17:00,2025-07-03 17:37:00,2025-07-03 17:27:00,7.727085,midpoint_of_actual_observations_bracketing_restart,20.0,77.0,1,0
250625 to 250728::5D-T10_Raw.csv,5D-T10,5D-T10_Raw.csv,data/raw/All/250625 to 250728/5D-T10_Raw.csv,250625 to 250728,5D,T10,DRG,,thoracic,T10,2025-06-26 15:35:00,2025-07-09 23:52:00,0.64931,13.99444,13.345130000000001,960,960,administered_estimated,2025-06-26 00:00:00,2025-07-03 00:00:00,2025-07-03 17:24:00,2025-07-03 17:12:00,2025-07-03 17:32:00,2025-07-03 17:22:00,7.723615,midpoint_of_actual_observations_bracketing_restart,20.0,57.0,1,0
250625 to 250728::6A-T7_Raw.csv,6A-T7,6A-T7_Raw.csv,data/raw/All/250625 to 250728/6A-T7_Raw.csv,250625 to 250728,6A,T7,DRG,,thoracic,T7,2025-06-26 15:25:00,2025-07-10 00:02:00,0.64236,14.00139,13.35903,961,961,administered_estimated,2025-06-26 00:00:00,2025-07-03 00:00:00,2025-07-03 17:24:00,2025-07-03 17:22:00,2025-07-03 17:42:00,2025-07-03 17:32:00,7.730555,midpoint_of_actual_observations_bracketing_restart,20.0,57.0,1,0
250625 to 250728::6B-T5_Raw.csv,6B-T5,6B-T5_Raw.csv,data/raw/All/250625 to 250728/6B-T5_Raw.csv,250625 to 250728,6B,T5,DRG,,thoracic,T5,2025-06-26 15:35:00,2025-07-09 23:52:00,0.64931,13.99444,13.345130000000001,960,960,administered_estimated,2025-06-26 00:00:00,2025-07-03 00:00:00,2025-07-03 17:24:00,2025-07-03 17:12:00,2025-07-03 17:32:00,2025-07-03 17:22:00,7.723615,midpoint_of_actual_observations_bracketing_restart,20.0,57.0,1,0
250625 to 250728::6C-SCNmm1_Raw.csv,6C-SCNmm1,6C-SCNmm1_Raw.csv,data/raw/All/250625 to 250728/6C-SCNmm1_Raw.csv,250625 to 250728,6C,SCNmm1,SCN,medial,,,2025-07-03 16:40:00,2025-07-17 00:00:00,0.69444,14.0,13.30556,956,956,administered_estimated,2025-07-03 00:00:00,2025-07-10 00:00:00,2025-07-10 17:20:00,2025-07-10 17:00:00,2025-07-10 17:20:00,2025-07-10 17:10:00,7.715275,midpoint_of_actual_observations_bracketing_restart,20.0,80.0,1,0
250625 to 250728::6D-SCNcm1_Raw.csv,6D-SCNcm1,6D-SCNcm1_Raw.csv,data/raw/All/250625 to 250728/6D-SCNcm1_Raw.csv,250625 to 250728,6D,SCNcm1,SCN,caudal,,,2025-07-03 16:35:00,2025-07-10 14:35:00,0.69097,7.60764,6.91667,499,499,not_administered,2025-07-03 00:00:00,2025-07-10 00:00:00,2025-07-10 17:20:00,,,,,recording_ended_before_scheduled_restart,20.0,20.0,0,0
250625 to 250728::7A-SCNmm2_Raw.csv,7A-SCNmm2,7A-SCNmm2_Raw.csv,data/raw/All/250625 to 250728/7A-SCNmm2_Raw.csv,250625 to 250728,7A,SCNmm2,SCN,medial,,,2025-07-03 16:25:00,2025-07-17 00:05:00,0.68403,14.00347,13.31944,958,958,administered_estimated,2025-07-03 00:00:00,2025-07-10 00:00:00,2025-07-10 17:20:00,2025-07-10 17:05:00,2025-07-10 17:25:00,2025-07-10 17:15:00,7.71875,midpoint_of_actual_observations_bracketing_restart,20.0,60.0,1,0
250625 to 250728::7B-SCNcm2_Raw.csv,7B-SCNcm2,7B-SCNcm2_Raw.csv,data/raw/All/250625 to 250728/7B-SCNcm2_Raw.csv,250625 to 250728,7B,SCNcm2,SCN,caudal,,,2025-07-03 16:35:00,2025-07-16 23:55:00,0.69097,13.99653,13.30556,957,957,administered_estimated,2025-07-03 00:00:00,2025-07-10 00:00:00,2025-07-10 17:20:00,2025-07-10 17:15:00,2025-07-10 17:35:00,2025-07-10 17:25:00,7.725695,midpoint_of_actual_observations_bracketing_restart,20.0,60.0,1,0
250625 to 250728::7C-L1_Raw.csv,7C-L1,7C-L1_Raw.csv,data/raw/All/250625 to 250728/7C-L1_Raw.csv,250625 to 250728,7C,L1,DRG,,lumbar,L1,2025-06-26 15:25:00,2025-07-10 00:02:00,0.64236,14.00139,13.35903,961,961,administered_estimated,2025-06-26 00:00:00,2025-07-03 00:00:00,2025-07-03 17:24:00,2025-07-03 17:22:00,2025-07-03 17:42:00,2025-07-03 17:32:00,7.730555,midpoint_of_actual_observations_bracketing_restart,20.0,57.0,1,0
250625 to 250728::7C-SCNm6_Raw.csv,7C-SCNm6,7C-SCNm6_Raw.csv,data/raw/All/250625 to 250728/7C-SCNm6_Raw.csv,250625 to 250728,7C,SCNm6,SCN,medial,,,2025-07-10 15:42:00,2025-07-18 13:22:00,0.65417,8.55694,7.902770000000001,568,568,not_administered,,,,,,,,no_scheduled_treatment_for_recording_start_date,20.0,60.0,1,0
250625 to 250728::7D-L2_Raw.csv,7D-L2,7D-L2_Raw.csv,data/raw/All/250625 to 250728/7D-L2_Raw.csv,250625 to 250728,7D,L2,DRG,,lumbar,L2,2025-06-26 15:20:00,2025-07-09 23:57:00,0.63889,13.99792,13.35903,960,960,administered_estimated,2025-06-26 00:00:00,2025-07-03 00:00:00,2025-07-03 17:24:00,2025-07-03 17:17:00,2025-07-03 17:37:00,2025-07-03 17:27:00,7.727085,midpoint_of_actual_observations_bracketing_restart,20.0,77.0,1,0
250625 to 250728::8A-L3_Raw.csv,8A-L3,8A-L3_Raw.csv,data/raw/All/250625 to 250728/8A-L3_Raw.csv,250625 to 250728,8A,L3,DRG,,lumbar,L3,2025-06-26 15:30:00,2025-07-10 00:07:00,0.64583,14.00486,13.35903,961,961,administered_estimated,2025-06-26 00:00:00,2025-07-03 00:00:00,2025-07-03 17:24:00,2025-07-03 17:07:00,2025-07-03 17:27:00,2025-07-03 17:17:00,7.720135,midpoint_of_actual_observations_bracketing_restart,20.0,57.0,1,0
250625 to 250728::8B-L2m1_Raw.csv,8B-L2m1,8B-L2m1_Raw.csv,data/raw/All/250625 to 250728/8B-L2m1_Raw.csv,250625 to 250728,8B,L2m1,DRG,,lumbar,L2,2025-07-03 16:37:00,2025-07-16 23:57:00,0.69236,13.99792,13.30556,957,957,administered_estimated,2025-07-03 00:00:00,2025-07-10 00:00:00,2025-07-10 17:20:00,2025-07-10 17:17:00,2025-07-10 17:37:00,2025-07-10 17:27:00,7.727085,midpoint_of_actual_observations_bracketing_restart,20.0,60.0,1,0
250625 to 250728::8B-L4_Raw.csv,8B-L4,8B-L4_Raw.csv,data/raw/All/250625 to 250728/8B-L4_Raw.csv,250625 to 250728,8B,L4,DRG,,lumbar,L4,2025-06-26 15:20:00,2025-07-03 15:20:00,0.63889,7.63889,7.0,505,505,not_administered,2025-06-26 00:00:00,2025-07-03 00:00:00,2025-07-03 17:24:00,,,,,recording_ended_before_scheduled_restart,20.0,20.0,0,0
250625 to 250728::8C-L3m1_Raw.csv,8C-L3m1,8C-L3m1_Raw.csv,data/raw/All/250625 to 250728/8C-L3m1_Raw.csv,250625 to 250728,8C,L3m1,DRG,,lumbar,L3,2025-07-03 16:25:00,2025-07-17 00:05:00,0.68403,14.00347,13.31944,958,958,administered_estimated,2025-07-03 00:00:00,2025-07-10 00:00:00,2025-07-10 17:20:00,2025-07-10 17:05:00,2025-07-10 17:25:00,2025-07-10 17:15:00,7.71875,midpoint_of_actual_observations_bracketing_restart,20.0,60.0,1,0
250625 to 250728::8D-L4-1m1_Raw.csv,8D-L4-1m1,8D-L4-1m1_Raw.csv,data/raw/All/250625 to 250728/8D-L4-1m1_Raw.csv,250625 to 250728,8D,L4-1m1,DRG,,lumbar,L4,2025-07-03 16:40:00,2025-07-17 00:00:00,0.69444,14.0,13.30556,956,956,administered_estimated,2025-07-03 00:00:00,2025-07-10 00:00:00,2025-07-10 17:20:00,2025-07-10 17:00:00,2025-07-10 17:20:00,2025-07-10 17:10:00,7.715275,midpoint_of_actual_observations_bracketing_restart,20.0,80.0,1,0
250728::6A-SCNrM1_Raw.csv,6A-SCNrM1,6A-SCNrM1_Raw.csv,data/raw/All/250728/6A-SCNrM1_Raw.csv,250728,6A,SCNrM1,SCN,rostral,,,2025-07-28 15:41:00,2025-08-11 00:02:00,0.65347,14.00139,13.34792,963,962,administered_estimated,2025-07-28 00:00:00,2025-08-04 00:00:00,2025-08-04 17:19:00,2025-08-04 17:02:00,2025-08-04 17:22:00,2025-08-04 17:12:00,7.716665,midpoint_of_actual_observations_bracketing_restart,20.0,21.0,0,1
250728::6B-SCNrM2_Raw.csv,6B-SCNrM2,6B-SCNrM2_Raw.csv,data/raw/All/250728/6B-SCNrM2_Raw.csv,250728,6B,SCNrM2,SCN,rostral,,,2025-07-28 15:52:00,2025-08-10 23:52:00,0.66111,13.99444,13.33333,960,960,administered_estimated,2025-07-28 00:00:00,2025-08-04 00:00:00,2025-08-04 17:19:00,2025-08-04 17:12:00,2025-08-04 17:32:00,2025-08-04 17:22:00,7.723615,midpoint_of_actual_observations_bracketing_restart,20.0,40.0,1,0
250728::7A-SCNcM1_Raw.csv,7A-SCNcM1,7A-SCNcM1_Raw.csv,data/raw/All/250728/7A-SCNcM1_Raw.csv,250728,7A,SCNcM1,SCN,caudal,,,2025-07-28 15:42:00,2025-08-11 00:05:00,0.65417,14.00347,13.3493,963,962,administered_estimated,2025-07-28 00:00:00,2025-08-04 00:00:00,2025-08-04 17:19:00,2025-08-04 17:05:00,2025-08-04 17:25:00,2025-08-04 17:15:00,7.71875,midpoint_of_actual_observations_bracketing_restart,20.0,20.0,0,1
250728::7B-SCNcM2_Raw.csv,7B-SCNcM2,7B-SCNcM2_Raw.csv,data/raw/All/250728/7B-SCNcM2_Raw.csv,250728,7B,SCNcM2,SCN,caudal,,,2025-07-28 15:55:00,2025-08-10 23:55:00,0.66319,13.99653,13.33334,959,959,administered_estimated,2025-07-28 00:00:00,2025-08-04 00:00:00,2025-08-04 17:19:00,2025-08-04 17:15:00,2025-08-04 17:35:00,2025-08-04 17:25:00,7.725695,midpoint_of_actual_observations_bracketing_restart,20.0,40.0,2,0
250811::1A-1FSCN_Raw.csv,1A-1FSCN,1A-1FSCN_Raw.csv,data/raw/All/250811/1A-1FSCN_Raw.csv,250811,1A,1FSCN,SCN,whole_or_unspecified,,,2025-08-11 17:10:00,2025-08-23 17:10:00,0.71528,12.71528,12.0,863,863,administered_estimated,2025-08-11 00:00:00,2025-08-18 00:00:00,2025-08-18 16:30:00,2025-08-18 16:10:00,2025-08-18 16:30:00,2025-08-18 16:20:00,7.680555,midpoint_of_actual_observations_bracketing_restart,20.0,60.0,1,0
250811::1B-2MSCN_Raw.csv,1B-2MSCN,1B-2MSCN_Raw.csv,data/raw/All/250811/1B-2MSCN_Raw.csv,250811,1B,2MSCN,SCN,whole_or_unspecified,,,2025-08-11 17:00:00,2025-08-23 17:20:00,0.70833,12.72222,12.01389,864,864,administered_estimated,2025-08-11 00:00:00,2025-08-18 00:00:00,2025-08-18 16:30:00,2025-08-18 16:20:00,2025-08-18 16:40:00,2025-08-18 16:30:00,7.6875,midpoint_of_actual_observations_bracketing_restart,20.0,60.0,1,0
250811::1C-3FSCN_Raw.csv,1C-3FSCN,1C-3FSCN_Raw.csv,data/raw/All/250811/1C-3FSCN_Raw.csv,250811,1C,3FSCN,SCN,whole_or_unspecified,,,2025-08-11 17:07:00,2025-08-23 17:27:00,0.71319,12.72708,12.01389,864,864,administered_estimated,2025-08-11 00:00:00,2025-08-18 00:00:00,2025-08-18 16:30:00,2025-08-18 16:27:00,2025-08-18 16:47:00,2025-08-18 16:37:00,7.692365,midpoint_of_actual_observations_bracketing_restart,20.0,60.0,1,0
250811::1D-4FSCN_Raw.csv,1D-4FSCN,1D-4FSCN_Raw.csv,data/raw/All/250811/1D-4FSCN_Raw.csv,250811,1D,4FSCN,SCN,whole_or_unspecified,,,2025-08-11 17:02:00,2025-08-23 17:22:00,0.70972,12.72361,12.01389,864,864,administered_estimated,2025-08-11 00:00:00,2025-08-18 00:00:00,2025-08-18 16:30:00,2025-08-18 16:22:00,2025-08-18 16:42:00,2025-08-18 16:32:00,7.688885,midpoint_of_actual_observations_bracketing_restart,20.0,60.0,1,0
250811::2C-2ML1_Raw.csv,2C-2ML1,2C-2ML1_Raw.csv,data/raw/All/250811/2C-2ML1_Raw.csv,250811,2C,2ML1,DRG,,lumbar,L1,2025-08-11 17:10:00,2025-08-23 17:10:00,0.71528,12.71528,12.0,863,863,administered_estimated,2025-08-11 00:00:00,2025-08-18 00:00:00,2025-08-18 16:30:00,2025-08-18 16:10:00,2025-08-18 16:30:00,2025-08-18 16:20:00,7.680555,midpoint_of_actual_observations_bracketing_restart,20.0,60.0,1,0
250811::2D-1FL2_Raw.csv,2D-1FL2,2D-1FL2_Raw.csv,data/raw/All/250811/2D-1FL2_Raw.csv,250811,2D,1FL2,DRG,,lumbar,L2,2025-08-11 17:05:00,2025-08-23 17:25:00,0.71181,12.72569,12.01388,864,864,administered_estimated,2025-08-11 00:00:00,2025-08-18 00:00:00,2025-08-18 16:30:00,2025-08-18 16:25:00,2025-08-18 16:45:00,2025-08-18 16:35:00,7.690975,midpoint_of_actual_observations_bracketing_restart,20.0,60.0,1,0
250811::3A-1FL4_Raw.csv,3A-1FL4,3A-1FL4_Raw.csv,data/raw/All/250811/3A-1FL4_Raw.csv,250811,3A,1FL4,DRG,,lumbar,L4,2025-08-11 16:55:00,2025-08-23 17:15:00,0.70486,12.71875,12.01389,865,865,administered_estimated,2025-08-11 00:00:00,2025-08-18 00:00:00,2025-08-18 16:30:00,2025-08-18 16:15:00,2025-08-18 16:35:00,2025-08-18 16:25:00,7.684025,midpoint_of_actual_observations_bracketing_restart,20.0,40.0,1,0
250811::3D-1FT10_Raw.csv,3D-1FT10,3D-1FT10_Raw.csv,data/raw/All/250811/3D-1FT10_Raw.csv,250811,3D,1FT10,DRG,,thoracic,T10,2025-08-11 17:07:00,2025-08-23 17:27:00,0.71319,12.72708,12.01389,864,864,administered_estimated,2025-08-11 00:00:00,2025-08-18 00:00:00,2025-08-18 16:30:00,2025-08-18 16:27:00,2025-08-18 16:47:00,2025-08-18 16:37:00,7.692365,midpoint_of_actual_observations_bracketing_restart,20.0,60.0,1,0
250811::4A-2MT10_Raw.csv,4A-2MT10,4A-2MT10_Raw.csv,data/raw/All/250811/4A-2MT10_Raw.csv,250811,4A,2MT10,DRG,,thoracic,T10,2025-08-11 16:57:00,2025-08-23 17:17:00,0.70625,12.72014,12.01389,865,865,administered_estimated,2025-08-11 00:00:00,2025-08-18 00:00:00,2025-08-18 16:30:00,2025-08-18 16:17:00,2025-08-18 16:37:00,2025-08-18 16:27:00,7.685415,midpoint_of_actual_observations_bracketing_restart,20.0,40.0,1,0
250811::4C-2MT5_Raw.csv,4C-2MT5,4C-2MT5_Raw.csv,data/raw/All/250811/4C-2MT5_Raw.csv,250811,4C,2MT5,DRG,,thoracic,T5,2025-08-11 16:55:00,2025-08-23 17:15:00,0.70486,12.71875,12.01389,865,865,administered_estimated,2025-08-11 00:00:00,2025-08-18 00:00:00,2025-08-18 16:30:00,2025-08-18 16:15:00,2025-08-18 16:35:00,2025-08-18 16:25:00,7.684025,midpoint_of_actual_observations_bracketing_restart,20.0,40.0,1,0
250811::4D-1FL4_Raw.csv,4D-1FL4,4D-1FL4_Raw.csv,data/raw/All/250811/4D-1FL4_Raw.csv,250811,4D,1FL4,DRG,,lumbar,L4,2025-08-11 17:10:00,2025-08-23 17:10:00,0.71528,12.71528,12.0,863,863,administered_estimated,2025-08-11 00:00:00,2025-08-18 00:00:00,2025-08-18 16:30:00,2025-08-18 16:10:00,2025-08-18 16:30:00,2025-08-18 16:20:00,7.680555,midpoint_of_actual_observations_bracketing_restart,20.0,60.0,1,0
250811::5A-2ML2_Raw.csv,5A-2ML2,5A-2ML2_Raw.csv,data/raw/All/250811/5A-2ML2_Raw.csv,250811,5A,2ML2,DRG,,lumbar,L2,2025-08-11 17:00:00,2025-08-23 17:20:00,0.70833,12.72222,12.01389,864,864,administered_estimated,2025-08-11 00:00:00,2025-08-18 00:00:00,2025-08-18 16:30:00,2025-08-18 16:20:00,2025-08-18 16:40:00,2025-08-18 16:30:00,7.6875,midpoint_of_actual_observations_bracketing_restart,20.0,60.0,1,0
250811::5C-1FT7_Raw.csv,5C-1FT7,5C-1FT7_Raw.csv,data/raw/All/250811/5C-1FT7_Raw.csv,250811,5C,1FT7,DRG,,thoracic,T7,2025-08-11 16:57:00,2025-08-23 17:17:00,0.70625,12.72014,12.01389,865,865,administered_estimated,2025-08-11 00:00:00,2025-08-18 00:00:00,2025-08-18 16:30:00,2025-08-18 16:17:00,2025-08-18 16:37:00,2025-08-18 16:27:00,7.685415,midpoint_of_actual_observations_bracketing_restart,20.0,40.0,1,0
250811::6A-1FL1_Raw.csv,6A-1FL1,6A-1FL1_Raw.csv,data/raw/All/250811/6A-1FL1_Raw.csv,250811,6A,1FL1,DRG,,lumbar,L1,2025-08-11 17:02:00,2025-08-23 17:22:00,0.70972,12.72361,12.01389,864,864,administered_estimated,2025-08-11 00:00:00,2025-08-18 00:00:00,2025-08-18 16:30:00,2025-08-18 16:22:00,2025-08-18 16:42:00,2025-08-18 16:32:00,7.688885,midpoint_of_actual_observations_bracketing_restart,20.0,60.0,1,0
250811::6B-2ML3_Raw.csv,6B-2ML3,6B-2ML3_Raw.csv,data/raw/All/250811/6B-2ML3_Raw.csv,250811,6B,2ML3,DRG,,lumbar,L3,2025-08-11 17:12:00,2025-08-23 17:12:00,0.71667,12.71667,12.0,864,864,administered_estimated,2025-08-11 00:00:00,2025-08-18 00:00:00,2025-08-18 16:30:00,2025-08-18 16:12:00,2025-08-18 16:32:00,2025-08-18 16:22:00,7.681945,midpoint_of_actual_observations_bracketing_restart,20.0,40.0,1,0
250811::7C-1FT12_Raw.csv,7C-1FT12,7C-1FT12_Raw.csv,data/raw/All/250811/7C-1FT12_Raw.csv,250811,7C,1FT12,DRG,,thoracic,T12,2025-08-11 17:02:00,2025-08-23 17:22:00,0.70972,12.72361,12.01389,864,864,administered_estimated,2025-08-11 00:00:00,2025-08-18 00:00:00,2025-08-18 16:30:00,2025-08-18 16:22:00,2025-08-18 16:42:00,2025-08-18 16:32:00,7.688885,midpoint_of_actual_observations_bracketing_restart,20.0,60.0,1,0
250811::7D-2MT12_Raw.csv,7D-2MT12,7D-2MT12_Raw.csv,data/raw/All/250811/7D-2MT12_Raw.csv,250811,7D,2MT12,DRG,,thoracic,T12,2025-08-11 16:57:00,2025-08-23 17:17:00,0.70625,12.72014,12.01389,865,865,administered_estimated,2025-08-11 00:00:00,2025-08-18 00:00:00,2025-08-18 16:30:00,2025-08-18 16:17:00,2025-08-18 16:37:00,2025-08-18 16:27:00,7.685415,midpoint_of_actual_observations_bracketing_restart,20.0,40.0,1,0
250811::8A-1FT5_Raw.csv,8A-1FT5,8A-1FT5_Raw.csv,data/raw/All/250811/8A-1FT5_Raw.csv,250811,8A,1FT5,DRG,,thoracic,T5,2025-08-11 17:07:00,2025-08-23 17:27:00,0.71319,12.72708,12.01389,864,864,administered_estimated,2025-08-11 00:00:00,2025-08-18 00:00:00,2025-08-18 16:30:00,2025-08-18 16:27:00,2025-08-18 16:47:00,2025-08-18 16:37:00,7.692365,midpoint_of_actual_observations_bracketing_restart,20.0,60.0,1,0
250811::8C-2ML4_Raw.csv,8C-2ML4,8C-2ML4_Raw.csv,data/raw/All/250811/8C-2ML4_Raw.csv,250811,8C,2ML4,DRG,,lumbar,L4,2025-08-11 17:05:00,2025-08-23 17:25:00,0.71181,12.72569,12.01388,864,864,administered_estimated,2025-08-11 00:00:00,2025-08-18 00:00:00,2025-08-18 16:30:00,2025-08-18 16:25:00,2025-08-18 16:45:00,2025-08-18 16:35:00,7.690975,midpoint_of_actual_observations_bracketing_restart,20.0,60.0,1,0
250811::8D-2MT7_Raw.csv,8D-2MT7,8D-2MT7_Raw.csv,data/raw/All/250811/8D-2MT7_Raw.csv,250811,8D,2MT7,DRG,,thoracic,T7,2025-08-11 17:00:00,2025-08-23 17:20:00,0.70833,12.72222,12.01389,864,864,administered_estimated,2025-08-11 00:00:00,2025-08-18 00:00:00,2025-08-18 16:30:00,2025-08-18 16:20:00,2025-08-18 16:40:00,2025-08-18 16:30:00,7.6875,midpoint_of_actual_observations_bracketing_restart,20.0,60.0,1,0
251003::2A- M1SCn_Raw.csv,2A- M1SCn,2A- M1SCn_Raw.csv,data/raw/All/251003/2A- M1SCn_Raw.csv,251003,2A,M1SCn,SCN,whole_or_unspecified,,,2025-10-03 16:52:00,2025-10-16 23:52:00,0.70278,13.99444,13.29166,956,956,administered_estimated,2025-10-03 00:00:00,2025-10-10 00:00:00,2025-10-10 17:11:00,2025-10-10 16:52:00,2025-10-10 17:12:00,2025-10-10 17:02:00,7.709725,midpoint_of_actual_observations_bracketing_restart,20.0,60.0,1,0
251003::2B- 1MT7_Raw.csv,2B- 1MT7,2B- 1MT7_Raw.csv,data/raw/All/251003/2B- 1MT7_Raw.csv,251003,2B,1MT7,DRG,,thoracic,T7,2025-10-03 17:02:00,2025-10-17 00:02:00,0.70972,14.00139,13.29167,956,956,administered_estimated,2025-10-03 00:00:00,2025-10-10 00:00:00,2025-10-10 17:11:00,2025-10-10 17:02:00,2025-10-10 17:22:00,2025-10-10 17:12:00,7.716665,midpoint_of_actual_observations_bracketing_restart,20.0,60.0,1,0
251003::2C- M1L1_Raw.csv,2C- M1L1,2C- M1L1_Raw.csv,data/raw/All/251003/2C- M1L1_Raw.csv,251003,2C,M1L1,DRG,,lumbar,L1,2025-10-03 16:50:00,2025-10-16 23:50:00,0.70139,13.99306,13.29167,955,955,administered_estimated,2025-10-03 00:00:00,2025-10-10 00:00:00,2025-10-10 17:11:00,2025-10-10 17:10:00,2025-10-10 17:30:00,2025-10-10 17:20:00,7.722225,midpoint_of_actual_observations_bracketing_restart,20.0,80.0,1,0
251003::2D- M1L4_Raw.csv,2D- M1L4,2D- M1L4_Raw.csv,data/raw/All/251003/2D- M1L4_Raw.csv,251003,2D,M1L4,DRG,,lumbar,L4,2025-10-03 16:45:00,2025-10-17 00:05:00,0.69792,14.00347,13.30555,956,956,administered_estimated,2025-10-03 00:00:00,2025-10-10 00:00:00,2025-10-10 17:11:00,2025-10-10 17:05:00,2025-10-10 17:25:00,2025-10-10 17:15:00,7.71875,midpoint_of_actual_observations_bracketing_restart,20.0,80.0,1,0
251003::4A- M2SCN_Raw.csv,4A- M2SCN,4A- M2SCN_Raw.csv,data/raw/All/251003/4A- M2SCN_Raw.csv,251003,4A,M2SCN,SCN,whole_or_unspecified,,,2025-10-03 16:57:00,2025-10-16 23:57:00,0.70625,13.99792,13.29167,956,956,administered_estimated,2025-10-03 00:00:00,2025-10-10 00:00:00,2025-10-10 17:11:00,2025-10-10 16:57:00,2025-10-10 17:17:00,2025-10-10 17:07:00,7.713195,midpoint_of_actual_observations_bracketing_restart,20.0,60.0,1,0
251003::4B-M3SCN_Raw.csv,4B-M3SCN,4B-M3SCN_Raw.csv,data/raw/All/251003/4B-M3SCN_Raw.csv,251003,4B,M3SCN,SCN,whole_or_unspecified,,,2025-10-03 16:47:00,2025-10-17 00:07:00,0.69931,14.00486,13.30555,956,956,administered_estimated,2025-10-03 00:00:00,2025-10-10 00:00:00,2025-10-10 17:11:00,2025-10-10 17:07:00,2025-10-10 17:27:00,2025-10-10 17:17:00,7.720135,midpoint_of_actual_observations_bracketing_restart,20.0,80.0,1,0
