anchor_recording_uid,anchor_recording_id,tissue,fit_r_squared,fit_nrmse_q95_q05,fit_active_bound_count,target_boundary_hit_parameters,pre_duration_days,post_duration_days,pre_n_cycles,post_n_cycles,pre_residual_robust_sd,post_residual_robust_sd,pre_rhythmic_rms,post_rhythmic_rms,pre_rhythm_to_residual_ratio,post_rhythm_to_residual_ratio,pre_envelope_median,post_envelope_median,pre_envelope_p10,post_envelope_p10,pre_period_status,pre_period_reason,post_period_status,post_period_reason,pre_amplitude_envelope_status,pre_amplitude_envelope_reason,post_amplitude_envelope_status,post_amplitude_envelope_reason,phase_shift_status,phase_shift_reason
250625 to 250728::1B-L1m2_Raw.csv,1B-L1m2,DRG,0.9222124927589516,0.1068317521920737,0,none,6.76389,6.27778,6.606685933459975,6.055803857668905,0.3836306864372258,1.219706251530932,0.4872147462441175,0.9056644900667424,1.2700098388084533,0.7425267263572557,0.4869323732236501,1.1610716196646296,0.20818667915309325,0.7641760653118206,eligible,none,eligible,none,eligible,none,eligible,none,eligible,none
250625 to 250728::1C-SCN_Raw.csv,1C-SCN,SCN,0.8874372844791117,0.1061609625625992,0,none,6.81736,6.277780000000001,6.738597723830271,5.898973749907513,0.18190922606783308,0.0855941397633441,0.6212754664978036,0.2841277706616076,3.415304874454982,3.3194769110032696,0.5621256623782123,0.2159776218759021,0.20542879206800496,0.0625648409569184,eligible,none,eligible,none,eligible,none,eligible,none,eligible,none
250625 to 250728::1D-L2m2_Raw.csv,1D-L2m2,DRG,0.5796717173787649,0.2238650271709302,1,fit_pre_period_hours,6.77778,6.27778,5.422729642279589,5.955119468260116,0.35698959210938236,0.36661072136224404,0.33484764967514996,0.6146136287963933,0.9379759440509177,1.6764747809682856,0.09535857753707135,0.5488590223601457,0.009493050646607,0.20177044027348465,difficult,fit_r_squared_below_0.60;fit_pre_period_hours_at_bound,difficult,fit_r_squared_below_0.60,difficult,fit_r_squared_below_0.60,difficult,fit_r_squared_below_0.60,difficult,fit_r_squared_below_0.60;fit_pre_period_hours_at_bound
250625 to 250728::2C-L3m2_Raw.csv,2C-L3m2,DRG,0.9817134979416776,0.0541663653212644,1,none,6.77778,6.26389,6.257880560905061,6.1528440561864866,0.6792387023115067,0.9731264238386471,0.3306998889619959,1.9145979320919262,0.4868684423260869,1.9674709114767428,0.3156222772494297,2.0226656508666916,0.1284314523855827,0.9227928020309389,eligible,none,eligible,none,eligible,none,eligible,none,eligible,none
250625 to 250728::3A-L5m2_Raw.csv,3A-L5m2,DRG,0.9000074811988126,0.1031906673974064,0,none,6.77778,6.26389,6.624738152920188,6.229004291357539,0.34159458057253944,0.2686417464648556,0.5606468376023157,0.9847130794984007,1.6412638533744517,3.6655251555521855,0.7171769860654578,0.6716642098441219,0.4579180986806213,0.17640280411137158,eligible,none,eligible,none,eligible,none,eligible,none,eligible,none
250625 to 250728::3B-T10m2_Raw.csv,3B-T10m2,DRG,0.9739510605567252,0.0619208718423235,0,none,6.77778,6.27778,5.553632516715775,6.355015373587582,0.4081965349897685,0.6787019244017359,0.31729345094623834,1.6638422934024772,0.7773055960756535,2.4515066682168696,0.2513952665311348,1.2703927004799878,0.07893158549698984,0.3631392791359828,eligible,none,eligible,none,eligible,none,eligible,none,eligible,none
250625 to 250728::4B-T12m2_Raw.csv,4B-T12m2,DRG,0.9497016043051008,0.081652250898345,0,none,6.77777,6.27778,5.502850728354064,6.245959924621499,0.6883774969272227,0.7314244932870859,0.2342295367664803,1.4492524035625869,0.3402632099567946,1.9814108180183019,0.1763220124483398,1.159497467157513,0.048857196848392036,0.3574470618121129,difficult,pre_rhythm_to_residual_below_0.35,eligible,none,difficult,pre_rhythm_to_residual_below_0.35,eligible,none,difficult,pre_rhythm_to_residual_below_0.35
250625 to 250728::4C-T5m1_Raw.csv,4C-T5m1,DRG,0.9296408119557364,0.0932864871486692,0,none,6.77778,6.26389,6.181565773254741,5.9358653270355255,0.3552633500791746,0.36984128449846526,0.3513617029039902,1.0102894238378268,0.9890175916701939,2.7316837416024584,0.3310530059222537,1.1427301467195248,0.12904586564730589,0.5880141676939015,eligible,none,eligible,none,eligible,none,eligible,none,eligible,none
250625 to 250728::4D-T7m1_Raw.csv,4D-T7m1,DRG,0.9265616026159555,0.0938309922006187,0,none,6.77778,6.26389,5.43143855400033,6.166464003563815,0.43479466032790726,0.2446750911981082,0.31746007172671814,0.6823559693712591,0.7301379264577459,2.788824829000554,0.247643918540614,0.5527904996152968,0.07743261209216677,0.1768152551716445,eligible,none,eligible,none,eligible,none,eligible,none,eligible,none
250625 to 250728::5A-T10m1_Raw.csv,5A-T10m1,DRG,0.3546230579896243,0.3376594401699883,1,fit_post_envelope_log_rate_per_day,6.76389,6.27778,5.436378254299776,5.398110280425643,0.42818634206009903,0.31092799632599505,0.2655782202251213,0.31796037542195615,0.6202398211660975,1.0226173878809806,0.1722746131031051,0.0247155204412394,0.044740971054299,0.0007351096794641201,ineligible,fit_r_squared_below_0.40,ineligible,fit_r_squared_below_0.40,ineligible,fit_r_squared_below_0.40,ineligible,fit_r_squared_below_0.40;fit_post_envelope_log_rate_per_day_at_bound,ineligible,fit_r_squared_below_0.40
250625 to 250728::5B-T12m2_Raw.csv,5B-T12m2,DRG,0.9021653316923788,0.115993654146518,0,none,6.77778,6.26389,6.757923822957146,6.310305018452785,0.46883375561203955,0.4728850448419489,0.5407852135161354,1.1463870011413506,1.1534690218927746,2.424240338419889,0.7651666948984603,0.9202646203196223,0.7244864782824313,0.2749600418844472,eligible,none,eligible,none,eligible,none,eligible,none,eligible,none
250625 to 250728::5C-T12_Raw.csv,5C-T12,DRG,0.9611066563110644,0.0782773104818988,1,fit_pre_period_hours,6.83125,6.263890000000001,5.465881760129177,5.880456802551627,0.8519676430677815,0.9199870330270139,0.42844660354849157,1.352414087634843,0.5028906990008831,1.4700360321221304,0.06369302418014375,1.5817397191120066,0.0038175449761742803,0.869150720466044,difficult,fit_pre_period_hours_at_bound,eligible,none,eligible,none,eligible,none,difficult,fit_pre_period_hours_at_bound
250625 to 250728::5D-T10_Raw.csv,5D-T10,DRG,0.896583049557246,0.1025865901289429,0,none,6.81736,6.2638799999999994,6.468935662313933,5.983469609645575,0.4397166883292505,0.44959620028471936,0.3805876889535456,1.0337049687538347,0.8655293261659646,2.2991852869290534,0.34733862849506303,1.0332201236502918,0.12675100476181433,0.4397003058936514,eligible,none,eligible,none,eligible,none,eligible,none,eligible,none
250625 to 250728::6A-T7_Raw.csv,6A-T7,DRG,0.7923726247901712,0.1501178153616788,0,none,6.83125,6.263890000000001,6.476385146766053,5.956710432027482,0.2743294012397954,0.21221779741302066,0.3633039492541173,0.46017382847548377,1.3243347144426125,2.1684035650407223,0.2762396373607188,0.43481152470264217,0.0818853489320453,0.17205866154660462,eligible,none,eligible,none,eligible,none,eligible,none,eligible,none
250625 to 250728::6B-T5_Raw.csv,6B-T5,DRG,0.952486249893679,0.0860880731953096,0,none,6.81736,6.2638799999999994,6.6648326589214095,5.86446936498837,0.4277670970241307,0.447556138196699,0.27281542289160304,0.8493504294048233,0.6377662629723326,1.8977517163032127,0.35198020598953667,0.9022283445621325,0.22277630890764316,0.4204451596886398,eligible,none,eligible,none,eligible,none,eligible,none,eligible,none
250625 to 250728::6C-SCNmm1_Raw.csv,6C-SCNmm1,SCN,0.6114390509380394,0.1725852966779626,0,none,6.76389,6.27778,6.787972638013264,6.2209512901420085,0.45607295229248385,0.14974534519511018,0.44362872760180955,0.25221411261196175,0.97271439880808,1.6842868289718138,0.4231873572680026,0.0895980488452978,0.16376606749627712,0.01087514331722688,eligible,none,eligible,none,eligible,none,eligible,none,eligible,none
250625 to 250728::7A-SCNmm2_Raw.csv,7A-SCNmm2,SCN,0.6976439923479024,0.1590366863974417,0,none,6.77778,6.27778,6.728104760453823,5.831864825971379,0.42398686749544584,0.39533096550081526,0.5469206451785676,0.330066235680464,1.289947135413203,0.8349111617460265,0.3470715895056875,0.0642194662976099,0.08242276103142317,0.00429977853759722,eligible,none,eligible,none,eligible,none,eligible,none,eligible,none
250625 to 250728::7B-SCNcm2_Raw.csv,7B-SCNcm2,SCN,0.796890613811434,0.1132381063445244,0,none,6.77778,6.26389,6.790369381006136,5.620405264210681,0.18001477132758822,0.11153694860518071,0.5374503700953993,0.24505971196054002,2.9855903831211443,2.197116874947011,0.5259952001848041,0.0216050321321652,0.20664401723815243,0.00066060837703983,eligible,none,eligible,none,eligible,none,eligible,none,eligible,none
250625 to 250728::7C-L1_Raw.csv,7C-L1,DRG,0.8296467152828819,0.116446039422967,0,none,6.83125,6.263890000000001,6.296502029748327,6.219192854160984,0.36377242041747143,0.13869974040312497,0.3628451557836592,0.8682237711630773,0.9974509759900213,6.259736093518426,0.2017914471149384,0.851436269600157,0.0441378465274163,0.3474735312159209,eligible,none,eligible,none,eligible,none,eligible,none,eligible,none
250625 to 250728::7D-L2_Raw.csv,7D-L2,DRG,0.9102259453481568,0.1176220807421688,0,none,6.83125,6.263890000000001,5.468936323830218,5.997369468916985,0.658698943397792,0.6605821535785794,0.2642103754420486,0.8235862784816822,0.40110945689264677,1.246758293453825,0.1099428969305893,0.958652635078252,0.017980403456529542,0.5212233494038803,eligible,none,eligible,none,eligible,none,eligible,none,eligible,none
250625 to 250728::8A-L3_Raw.csv,8A-L3,DRG,0.5120622389607241,0.2113475625466468,1,fit_pre_period_hours,6.81736,6.277780000000001,5.454692499146693,6.35362868170648,0.3160310985284463,0.5214056305879788,0.28168245190754493,0.4845011984054712,0.8913124474748183,0.9292212626455697,0.11876340446926184,0.5367997666357313,0.018503472283883653,0.2663160242397725,difficult,fit_r_squared_below_0.60;fit_pre_period_hours_at_bound,difficult,fit_r_squared_below_0.60,difficult,fit_r_squared_below_0.60,difficult,fit_r_squared_below_0.60,difficult,fit_r_squared_below_0.60;fit_pre_period_hours_at_bound
250625 to 250728::8B-L2m1_Raw.csv,8B-L2m1,DRG,0.9504001104110374,0.0929803389351342,1,fit_pre_envelope_log_rate_per_day,6.77778,6.26389,5.973354208671083,6.114779318876117,1.1672570998626244,1.2613972571573493,0.5386548964628093,1.4995383653461798,0.4614706533172547,1.1887915221295937,0.0279786858256067,1.4347211721290818,0.00063857602220308,0.5742969699684645,eligible,none,eligible,none,difficult,fit_pre_envelope_log_rate_per_day_at_bound,eligible,none,eligible,none
250625 to 250728::8C-L3m1_Raw.csv,8C-L3m1,DRG,0.6208120417513638,0.1756428079911227,0,none,6.77778,6.27778,6.670615316126063,6.3517095715686445,0.3778339533513627,0.13535322995415242,0.3730215972143222,0.26487189408182077,0.9872633041727584,1.9568937820807055,0.3821306533913972,0.1473990788506971,0.16822320737177987,0.03023499085516916,eligible,none,eligible,none,eligible,none,eligible,none,eligible,none
250625 to 250728::8D-L4-1m1_Raw.csv,8D-L4-1m1,DRG,0.9803606349106012,0.0590210470545198,0,none,6.76389,6.27778,6.141917881504686,5.890295713690315,0.3982106459924855,0.5014212381080352,0.4064652380360262,0.8013807657567716,1.0207292098456264,1.5982186330609869,0.3524621945954511,0.4938113754714861,0.1265576911395242,0.11624574614690299,eligible,none,eligible,none,eligible,none,eligible,none,eligible,none
250728::6A-SCNrM1_Raw.csv,6A-SCNrM1,SCN,0.6532518073181679,0.1835126695580934,2,fit_post_envelope_log_rate_per_day;fit_post_period_hours,6.80555,6.27778,6.723714707933599,5.02222400511639,0.3570722490295107,0.18097582495322725,0.5301002642670997,0.23783334659342747,1.4845742443101169,1.3141719158064062,0.5152328176819329,0.0182017200319358,0.2012163701042362,0.0005411762144297601,eligible,none,difficult,fit_post_period_hours_at_bound,eligible,none,difficult,fit_post_envelope_log_rate_per_day_at_bound,difficult,fit_post_period_hours_at_bound
250728::6B-SCNrM2_Raw.csv,6B-SCNrM2,SCN,0.6937934573791118,0.1497559866116738,1,fit_post_envelope_log_rate_per_day,6.80556,6.26388,6.902174367881809,5.592389085509117,0.3704244729341419,0.1222313179068912,0.5376984576549813,0.2524013782513907,1.4515737942362656,2.064948513797876,0.3838416317815055,0.021602741555230648,0.1043436135695914,0.00064727587240688,eligible,none,eligible,none,eligible,none,difficult,fit_post_envelope_log_rate_per_day_at_bound,eligible,none
250728::7A-SCNcM1_Raw.csv,7A-SCNcM1,SCN,0.7334174043245543,0.1793355300881691,0,none,6.80556,6.27778,6.709299335927622,5.937285251238394,0.18525012821734801,0.23605667280320683,0.6374679817027689,0.28124383425936367,3.441120326539522,1.1914250544987897,0.6279542011037097,0.3767003417559494,0.2557230517571318,0.270581205385615,eligible,none,eligible,none,eligible,none,eligible,none,eligible,none
250728::7B-SCNcM2_Raw.csv,7B-SCNcM2,SCN,0.6574647422530056,0.1849757718275323,1,fit_post_envelope_log_rate_per_day,6.80556,6.26389,6.872310037318662,5.050723515258609,0.2072017035288449,0.2229161354483708,0.5187538439145356,0.2004465979344806,2.5036176589268195,0.8992018344984528,0.4234688200343703,0.01585868747373175,0.13247011196043065,0.00047516597888395,eligible,none,eligible,none,eligible,none,difficult,fit_post_envelope_log_rate_per_day_at_bound,eligible,none
250811::1A-1FSCN_Raw.csv,1A-1FSCN,SCN,0.8877850745728934,0.1030868826767572,0,none,6.70833,5.02778,6.633710511664109,4.79433117530545,0.31273632952521463,0.11844480189377579,0.5507357969826135,0.2847358650715629,1.761022768984727,2.4039540825685286,0.4744675791742196,0.2897644550516677,0.16007307275633276,0.12636422285287466,eligible,none,eligible,none,eligible,none,eligible,none,eligible,none
250811::1B-2MSCN_Raw.csv,1B-2MSCN,SCN,0.9219051547764058,0.0938974748372279,0,none,6.72223,5.02778,6.667528004988074,4.691127547171373,0.2576599239828352,0.20847523984517805,0.48241464107584436,0.682025329513532,1.8722921035557778,3.2714931999600094,0.4888296191764346,0.7017719558786205,0.2042196479766756,0.31312659688095096,eligible,none,eligible,none,eligible,none,eligible,none,eligible,none
250811::1C-3FSCN_Raw.csv,1C-3FSCN,SCN,0.7583857589593018,0.1460645797047341,0,none,6.72223,5.02777,6.692013604005969,4.789334712921272,0.32425448093493947,0.12313507217639569,0.5414402009682021,0.2630118900529847,1.6698002118800024,2.1359624468015914,0.7004162502328004,0.1691709116374219,0.4434835935139465,0.039763917730593276,eligible,none,eligible,none,eligible,none,eligible,none,eligible,none
250811::1D-4FSCN_Raw.csv,1D-4FSCN,SCN,0.7053888711705572,0.1634284224292562,0,none,6.72222,5.02778,6.646093875172029,4.563910565869551,0.40549925924186203,0.34013311706679655,0.41090648867711055,0.3876120718223841,1.0133347455316148,1.1395893324502815,0.4860724816990149,0.1028503870030756,0.25599859107151346,0.00923370428028896,eligible,none,eligible,none,eligible,none,eligible,none,eligible,none
250811::2C-2ML1_Raw.csv,2C-2ML1,DRG,0.9593249760147696,0.0738854161814802,1,none,6.70833,5.02778,5.405878941767149,4.703912032052802,0.32211893400142005,0.9088676247999776,0.05759929623282527,2.0134299512326237,0.17881375527143445,2.2153170564038263,0.0301774392661665,1.615942313122804,0.00606191878658418,0.4914987378234724,difficult,pre_rhythm_to_residual_below_0.35,eligible,none,difficult,pre_rhythm_to_residual_below_0.35,eligible,none,difficult,pre_rhythm_to_residual_below_0.35
250811::2D-1FL2_Raw.csv,2D-1FL2,DRG,0.9367243742537704,0.0925106864492333,0,none,6.72222,5.02777,6.41616758235174,4.778268543800191,0.48256733128090484,0.6439674791010117,0.2476604663586107,1.7216299029316622,0.5132143232763643,2.6734733644237494,0.2354138066951356,1.9016969128275385,0.09458580551382266,0.9506573286373983,eligible,none,eligible,none,eligible,none,eligible,none,eligible,none
250811::3A-1FL4_Raw.csv,3A-1FL4,DRG,0.7844344786543628,0.1688597744045696,1,fit_post_envelope_log_rate_per_day,6.72222,5.02778,6.723072298460037,5.771632033046209,0.29245563413891745,0.2750836747983948,0.1765822015157442,0.18141979400766278,0.6037914162114142,0.6595076721314813,0.24267388266322348,0.0302546363707876,0.18358189199198627,0.0018158960784650001,eligible,none,eligible,none,eligible,none,difficult,fit_post_envelope_log_rate_per_day_at_bound,eligible,none
250811::3D-1FT10_Raw.csv,3D-1FT10,DRG,0.9567582043747874,0.0807360395565437,0,none,6.72223,5.02777,6.0138551189011284,4.521535462420371,0.5369134877755334,0.9743930096733144,0.40271122916056795,1.9961116170311828,0.7500486360084305,2.048569311576261,0.2215247308628743,2.4412288479820705,0.04583972738967624,1.461302717104766,eligible,none,eligible,none,eligible,none,eligible,none,eligible,none
250811::4A-2MT10_Raw.csv,4A-2MT10,DRG,0.9219182294108952,0.0893801704958342,0,none,6.72222,5.02778,5.898246500265755,4.899964940896497,0.30747518936608925,0.3201552091351749,0.3019433470564913,0.8587375339471556,0.9820088172935099,2.6822538239088347,0.283279524204606,0.7962627803908473,0.11215052005158636,0.3032325281300426,eligible,none,eligible,none,eligible,none,eligible,none,eligible,none
250811::4C-2MT5_Raw.csv,4C-2MT5,DRG,0.9193811183443468,0.103144053822575,2,fit_post_amplitude,6.72222,5.02778,5.7148069468006675,4.654543428571243,0.21866858514279536,0.6259774996416624,0.1195908671347727,1.9503976146619417,0.5469046550819234,3.1157631317075083,0.04649875011404535,0.6816064661135108,0.00679494308399382,0.0830692766078869,eligible,none,eligible,none,eligible,none,difficult,fit_post_amplitude_at_bound,eligible,none
250811::4D-1FL4_Raw.csv,4D-1FL4,DRG,0.9837720169860306,0.0466590999612934,0,none,6.70833,5.02778,6.465321974543915,4.791616299856237,0.37461358841185793,0.6569567420994897,0.32622917993306155,2.8803212119922392,0.8708418221455396,4.3843392226820965,0.33713984199719055,2.988651136928853,0.1502433403393833,1.3596846286812576,eligible,none,eligible,none,eligible,none,eligible,none,eligible,none
250811::5A-2ML2_Raw.csv,5A-2ML2,DRG,0.9602608142249374,0.0768414610472447,1,fit_pre_period_hours,6.72223,5.02778,5.377805654356199,4.802331653099355,0.29860941425730114,1.1363319881316187,0.06814082920176953,1.060237592375284,0.22819384101217585,0.9330350667312898,0.0426202523940921,1.2122698386083133,0.00959306432269512,0.63798050498775,difficult,pre_rhythm_to_residual_below_0.35;fit_pre_period_hours_at_bound,eligible,none,difficult,pre_rhythm_to_residual_below_0.35,eligible,none,difficult,pre_rhythm_to_residual_below_0.35;fit_pre_period_hours_at_bound
250811::5C-1FT7_Raw.csv,5C-1FT7,DRG,0.9483320652553032,0.0777656745168889,0,none,6.72222,5.02778,5.379923213967114,4.775142985795758,0.36304469843580583,0.47339945402459216,0.36607840819459814,1.3277061094141347,1.0083562981965117,2.8046211251970794,0.3359753103965907,1.0718086156208486,0.13105473470940207,0.32851861703923735,eligible,none,eligible,none,eligible,none,eligible,none,eligible,none
250811::6A-1FL1_Raw.csv,6A-1FL1,DRG,0.96752472497728,0.0710322865340648,0,none,6.72222,5.02778,5.71531420105275,4.927405166422785,0.5595144110229886,1.5828598046640656,0.27814185582313955,2.364094583853916,0.4971129435515319,1.4935590485574646,0.1068548118241359,2.749610148301921,0.01610237801675774,1.5007075820222033,eligible,none,eligible,none,eligible,none,eligible,none,eligible,none
250811::6B-2ML3_Raw.csv,6B-2ML3,DRG,0.9611844069678174,0.0663972939583118,0,none,6.70833,5.02778,6.459030691683672,4.578883574606431,0.24747536541157403,0.6735463158745271,0.36771119473932196,1.815747980404608,1.4858496890297943,2.69580270518896,0.329207284568603,2.430201590721485,0.12109268636003166,1.786073996728801,eligible,none,eligible,none,eligible,none,eligible,none,eligible,none
250811::7C-1FT12_Raw.csv,7C-1FT12,DRG,0.859756406654293,0.1279416357290669,0,none,6.72222,5.02778,6.051348143019193,4.782132364967316,1.7726943231238783,3.2292858428035425,0.38938627353453936,2.808082727984179,0.2196578780984388,0.869567720132916,0.1113392666464931,3.7876154969803526,0.012531584217663901,2.8108692233287043,difficult,pre_rhythm_to_residual_below_0.35,eligible,none,difficult,pre_rhythm_to_residual_below_0.35,eligible,none,difficult,pre_rhythm_to_residual_below_0.35
250811::7D-2MT12_Raw.csv,7D-2MT12,DRG,0.903039817276132,0.1167342135324446,2,fit_post_amplitude,6.72222,5.02778,6.485017147571513,4.79243934584249,0.4047241838119588,0.676611747065338,0.3352471934939612,1.8627349210589133,0.8283349671284341,2.7530336698086257,0.38960399794896927,0.5731427586539165,0.20659575292419208,0.061937188126836344,eligible,none,eligible,none,eligible,none,difficult,fit_post_amplitude_at_bound,eligible,none
250811::8A-1FT5_Raw.csv,8A-1FT5,DRG,0.9135839768188012,0.0883270093780646,0,none,6.72223,5.02777,6.557278557496447,4.6991600965433316,0.22557545434176363,0.45752447335578533,0.07384284852877761,0.7877837160914894,0.32735320757417247,1.7218395123508163,0.1045986522685773,0.7788293157364835,0.0979433408702438,0.3294176278207143,difficult,pre_rhythm_to_residual_below_0.35,eligible,none,difficult,pre_rhythm_to_residual_below_0.35,eligible,none,difficult,pre_rhythm_to_residual_below_0.35
250811::8C-2ML4_Raw.csv,8C-2ML4,DRG,0.95613503516798,0.0634136571518766,0,none,6.72222,5.02777,5.932365345767995,4.891806964048563,0.3771081833801406,0.2603173522428376,0.2840594405503347,1.4071113783545703,0.7532571635126546,5.405369124383009,0.2597407769835037,1.3532188183601863,0.09968783702646258,0.5490587616646855,eligible,none,eligible,none,eligible,none,eligible,none,eligible,none
250811::8D-2MT7_Raw.csv,8D-2MT7,DRG,0.9242698567451556,0.0850047722556072,0,none,6.72223,5.02778,6.474318088165679,4.760861832245576,0.26783211856517564,0.5861970879725146,0.24990359028709336,1.0646015431167815,0.9330605740113299,1.816115373071758,0.3374598234554943,0.8538420751155997,0.2441861400713375,0.2740507141839467,eligible,none,eligible,none,eligible,none,eligible,none,eligible,none
251003::2A- M1SCn_Raw.csv,2A- M1SCn,SCN,0.9007111114696446,0.0880300937766251,1,fit_post_envelope_log_rate_per_day,6.75,6.27777,6.684745135284632,5.037387254709526,0.1142157774626171,0.17398826239266302,0.5384730822312968,0.19846343770939012,4.714524509606734,1.1406714164515916,0.5869732660110986,0.0163578828752322,0.27275000914281655,0.00048636040305888,eligible,none,eligible,none,eligible,none,difficult,fit_post_envelope_log_rate_per_day_at_bound,eligible,none
251003::2B- 1MT7_Raw.csv,2B- 1MT7,DRG,0.6492122110206326,0.3323321530253766,2,fit_pre_envelope_log_rate_per_day,6.75,6.27778,6.468924533338546,6.156129248494868,0.4322136137839865,0.27321941104236924,0.34961347598643056,0.6419420922941323,0.8088904764604704,2.3495478957554146,0.472074618464734,0.7009890662057686,0.3418864191032544,0.31714586383364546,eligible,none,eligible,none,difficult,fit_pre_envelope_log_rate_per_day_at_bound,eligible,none,eligible,none
251003::2C- M1L1_Raw.csv,2C- M1L1,DRG,0.932136783899887,0.1021169970216291,1,none,6.76389,6.26389,6.347564490841594,5.019455201096332,0.37612618071498716,0.5843780143246422,0.1023360097076419,0.2518633952568884,0.27207893242929526,0.4309939612426445,0.1435536067028484,0.025641750589200298,0.12003573344972736,0.00079501262685019,difficult,pre_rhythm_to_residual_below_0.35,eligible,none,difficult,pre_rhythm_to_residual_below_0.35,eligible,none,difficult,pre_rhythm_to_residual_below_0.35
251003::2D- M1L4_Raw.csv,2D- M1L4,DRG,0.7545373969345783,0.1616380800941205,2,fit_pre_envelope_log_rate_per_day;fit_pre_period_hours,6.76389,6.27778,5.411112000211023,6.26833847127482,0.3681903778899429,0.1964702043428741,0.29468274853961895,0.2420853068067947,0.8003542901593795,1.2321731308647415,0.0183344306179065,0.1912016855168714,0.00042502324497738003,0.05964576551967194,difficult,fit_pre_period_hours_at_bound,eligible,none,difficult,fit_pre_envelope_log_rate_per_day_at_bound,eligible,none,difficult,fit_pre_period_hours_at_bound
251003::4B-M3SCN_Raw.csv,4B-M3SCN,SCN,0.6350876605947635,0.2894872163059124,2,fit_post_envelope_log_rate_per_day,6.76388,6.27778,6.504738593769379,5.641222378962138,0.35308874057644335,0.3632251370649301,0.5352951498469372,0.4411847558314933,1.5160357392677786,1.2146316727870823,0.6245324831590976,0.0346758278608285,0.32396989888768735,0.0010309869671308802,eligible,none,eligible,none,eligible,none,difficult,fit_post_envelope_log_rate_per_day_at_bound,eligible,none
