method,metric,analysis_role,circular,level,spinal_position,n_animals,mean,standard_deviation,median,q25,q75,circular_mean_radians,resultant_length,formal_level
CWT_pyBOAT,baseline_period_hours,primary,False,T5,5.0,4,25.936773025968925,1.314949806509915,26.407035175879315,25.547870471237225,26.795937730611016,,,True
CWT_pyBOAT,baseline_period_hours,primary,False,T7,7.0,5,25.37384826229039,1.5081977134371933,25.25705450328558,24.072881891977293,25.80904522613057,,,True
CWT_pyBOAT,baseline_period_hours,primary,False,T10,10.0,5,25.25434866640889,1.326694787283692,25.21720490564704,24.841585550128183,26.400885546614106,,,True
CWT_pyBOAT,baseline_period_hours,primary,False,T12,12.0,4,24.915381101310672,1.1633063250172744,24.43275819657722,24.179762448606596,25.168376849281294,,,True
CWT_pyBOAT,baseline_period_hours,primary,False,L1,13.0,5,24.677267456161854,0.3720024146505986,24.718592964824047,24.39635239132719,24.923252626770136,,,True
CWT_pyBOAT,baseline_period_hours,primary,False,L2,14.0,5,24.717166250834516,0.6381236145535332,24.737533822960884,24.617985030045254,25.25410268123828,,,True
CWT_pyBOAT,baseline_period_hours,primary,False,L3,15.0,4,24.558026144709487,1.1722934483603686,24.274466739290787,23.72764170502857,25.1048511789717,,,True
CWT_pyBOAT,baseline_period_hours,primary,False,L4,16.0,5,24.89132375162518,1.2366770621485506,24.817724988579183,24.17914748568008,25.394806198826224,,,True
CWT_pyBOAT,baseline_period_hours,primary,False,L5,17.0,1,23.98432723055831,,23.98432723055831,23.98432723055831,23.98432723055831,,,False
CWT_pyBOAT,period_change_hours_post_minus_pre,primary,False,T5,5.0,4,-0.3620286748427439,1.0481002620909352,-0.43072003373510803,-0.753575570158481,-0.03917313841937098,,,True
CWT_pyBOAT,period_change_hours_post_minus_pre,primary,False,T7,7.0,5,-0.1644656850686971,1.2068939662947216,0.3222405734968596,-0.9605720912253553,0.4152229679867858,,,True
CWT_pyBOAT,period_change_hours_post_minus_pre,primary,False,T10,10.0,5,-0.38309730470534265,1.4377775102942707,0.1407035175879443,-1.378008925747615,0.3342938468566636,,,True
CWT_pyBOAT,period_change_hours_post_minus_pre,primary,False,T12,12.0,4,0.021000983940681284,1.0096427860064054,0.17077520469480145,-0.4151922198404612,0.6069684084759439,,,True
CWT_pyBOAT,period_change_hours_post_minus_pre,primary,False,L1,13.0,5,0.6287380960747768,1.2579340588830201,0.2462311557788972,0.0282882946199549,1.688688196225879,,,True
CWT_pyBOAT,period_change_hours_post_minus_pre,primary,False,L2,14.0,5,0.5716203394595325,0.6483911628888398,0.3758653406894545,0.2715676283515513,0.5438732122149119,,,True
CWT_pyBOAT,period_change_hours_post_minus_pre,primary,False,L3,15.0,4,0.001045436975085856,1.2269117337996713,0.0971641423902749,-0.40070984292089573,0.49891942228625646,,,True
CWT_pyBOAT,period_change_hours_post_minus_pre,primary,False,L4,16.0,5,0.032863618793266935,0.7989868254023271,0.2956741750711629,-0.7817408721931329,0.7168007871525433,,,True
CWT_pyBOAT,period_change_hours_post_minus_pre,primary,False,L5,17.0,1,-0.0312401166672522,,-0.0312401166672522,-0.0312401166672522,-0.0312401166672522,,,False
CWT_pyBOAT,phase_shift_angle_radians,secondary_circular,True,T5,5.0,4,,,,,,2.954484678071238,0.6134156920008563,True
CWT_pyBOAT,phase_shift_angle_radians,secondary_circular,True,T7,7.0,5,,,,,,2.2641559581911865,0.07193832139819392,True
CWT_pyBOAT,phase_shift_angle_radians,secondary_circular,True,T10,10.0,5,,,,,,-2.74407751420326,0.8469807753719995,True
CWT_pyBOAT,phase_shift_angle_radians,secondary_circular,True,T12,12.0,4,,,,,,2.3892298851512366,0.5279919713992246,True
CWT_pyBOAT,phase_shift_angle_radians,secondary_circular,True,L1,13.0,5,,,,,,2.4924936094203414,0.8860293646152793,True
CWT_pyBOAT,phase_shift_angle_radians,secondary_circular,True,L2,14.0,5,,,,,,-2.974613836284074,0.6760372552416436,True
CWT_pyBOAT,phase_shift_angle_radians,secondary_circular,True,L3,15.0,4,,,,,,1.8155260590748832,0.0797601770353503,True
CWT_pyBOAT,phase_shift_angle_radians,secondary_circular,True,L4,16.0,5,,,,,,1.4992153977321223,0.37411484573875586,True
CWT_pyBOAT,phase_shift_angle_radians,secondary_circular,True,L5,17.0,1,,,,,,0.9701514445976612,1.0,False
STFT,amplitude_log_ratio_post_over_pre,primary,False,T5,5.0,4,1.3883791835110624,0.21757601092259055,1.4520938888334798,1.3451154111585113,1.4953576611860309,,,True
STFT,amplitude_log_ratio_post_over_pre,primary,False,T7,7.0,5,0.7170306358557039,0.6012104519106358,0.7190306637029394,0.2299748268963624,0.9082192083699407,,,True
STFT,amplitude_log_ratio_post_over_pre,primary,False,T10,10.0,5,0.8595414967491584,0.8317604595806272,0.9741097767928864,0.7373142225107835,1.0683110479704525,,,True
STFT,amplitude_log_ratio_post_over_pre,primary,False,T12,12.0,4,1.3384409052560438,0.5811186688564798,1.171033953761072,0.9089557124325048,1.6005191465846114,,,True
STFT,amplitude_log_ratio_post_over_pre,primary,False,L1,13.0,5,1.2582492524990454,0.922675247028859,0.9676966436419292,0.9216090142082088,1.807059457565125,,,True
STFT,amplitude_log_ratio_post_over_pre,primary,False,L2,14.0,5,1.274942458630685,0.444649269223252,1.2881325116513132,1.266675936564409,1.3467285029141265,,,True
STFT,amplitude_log_ratio_post_over_pre,primary,False,L3,15.0,4,0.6499868622116853,1.0914971401472742,0.9054970331729568,0.10127749024491423,1.454206405139728,,,True
STFT,amplitude_log_ratio_post_over_pre,primary,False,L4,16.0,5,0.621842437783384,0.634538665788495,0.7442330011769017,0.277405752107091,1.1472626819870022,,,True
STFT,amplitude_log_ratio_post_over_pre,primary,False,L5,17.0,1,0.0197991832878549,,0.0197991832878549,0.0197991832878549,0.0197991832878549,,,False
STFT,envelope_log_rate_change_post_minus_pre_per_day,secondary,False,T5,5.0,4,-0.20926451385810285,0.2429503817960169,-0.25890041918259166,-0.3711930820048287,-0.0969718510358658,,,True
STFT,envelope_log_rate_change_post_minus_pre_per_day,secondary,False,T7,7.0,5,-0.0830530005765997,0.14469008735638636,-0.0310593278600913,-0.2227925751801084,-0.0186151120149993,,,True
STFT,envelope_log_rate_change_post_minus_pre_per_day,secondary,False,T10,10.0,5,-0.09705242479917726,0.11385720461500784,-0.1104693595051467,-0.1772066885188595,-0.0800820179811248,,,True
STFT,envelope_log_rate_change_post_minus_pre_per_day,secondary,False,T12,12.0,4,-0.06644705515517671,0.35008609054119566,-0.024870409892539497,-0.21648113017028722,0.12516366512257102,,,True
STFT,envelope_log_rate_change_post_minus_pre_per_day,secondary,False,L1,13.0,5,-0.2048249012540559,0.2280324085321768,-0.1008166945957312,-0.343702145814007,-0.044724637954663,,,True
STFT,envelope_log_rate_change_post_minus_pre_per_day,secondary,False,L2,14.0,5,-0.15733396867247246,0.23042323790781422,-0.0873562820628844,-0.2518316333699633,-0.0061917879428933,,,True
STFT,envelope_log_rate_change_post_minus_pre_per_day,secondary,False,L3,15.0,4,0.02518014409938469,0.233691230186135,0.069601906778686,-0.10005117584013333,0.19483322671820402,,,True
STFT,envelope_log_rate_change_post_minus_pre_per_day,secondary,False,L4,16.0,5,-0.13345715395760369,0.16130766603414945,-0.0832998540510659,-0.2202058524864324,-0.052868136051328,,,True
STFT,envelope_log_rate_change_post_minus_pre_per_day,secondary,False,L5,17.0,1,-0.2400501462519007,,-0.2400501462519007,-0.2400501462519007,-0.2400501462519007,,,False
STFT,post_amplitude_counts,descriptive,False,T5,5.0,4,4.689296055470056,1.696836729815045,4.2475152157239675,3.423139872069532,5.513671399124492,,,True
STFT,post_amplitude_counts,descriptive,False,T7,7.0,5,3.5685136864696303,2.6834668042069234,2.3998955345802044,1.4958398596091431,4.978486737031182,,,True
STFT,post_amplitude_counts,descriptive,False,T10,10.0,5,9.744136763520803,9.446684255754802,6.0562234781973725,2.4797187445897424,19.49875850419211,,,True
STFT,post_amplitude_counts,descriptive,False,T12,12.0,4,15.342307664198962,7.552180425617857,11.917337451440574,11.110429522804163,16.149215592835375,,,True
STFT,post_amplitude_counts,descriptive,False,L1,13.0,5,10.926776160626682,9.39163327609745,6.672165557262643,5.013216221597288,14.811853951943604,,,True
STFT,post_amplitude_counts,descriptive,False,L2,14.0,5,7.51688710887142,5.512134781838607,5.764956544434756,5.343565934089102,9.0413679777671,,,True
STFT,post_amplitude_counts,descriptive,False,L3,15.0,4,12.793033541592257,5.908320161003095,13.823225647564492,11.123270741906836,15.492988447249914,,,True
STFT,post_amplitude_counts,descriptive,False,L4,16.0,5,16.635182077586173,13.562385839013967,8.556289557584996,8.140409895561257,22.626799183026,,,True
STFT,post_amplitude_counts,descriptive,False,L5,17.0,1,1.933286631586119,,1.933286631586119,1.933286631586119,1.933286631586119,,,False
STFT,post_envelope_log_rate_per_day,secondary,False,T5,5.0,4,-0.5314898378961317,0.16362770480102543,-0.5491523921950792,-0.6360584294904393,-0.4445838006007714,,,True
STFT,post_envelope_log_rate_per_day,secondary,False,T7,7.0,5,-0.43793562820733956,0.08817216855028509,-0.4027478828511575,-0.522362746561031,-0.3767571612403301,,,True
STFT,post_envelope_log_rate_per_day,secondary,False,T10,10.0,5,-0.500004105148385,0.06640099170109964,-0.5363083741970229,-0.5425086453940482,-0.4368660959966774,,,True
STFT,post_envelope_log_rate_per_day,secondary,False,T12,12.0,4,-0.3204697327442635,0.248854220668524,-0.3958375029941835,-0.48047423260620825,-0.23583300313223876,,,True
STFT,post_envelope_log_rate_per_day,secondary,False,L1,13.0,5,-0.36384843912982384,0.1611717332328455,-0.3836781427392469,-0.4150438579177083,-0.3663231888949088,,,True
STFT,post_envelope_log_rate_per_day,secondary,False,L2,14.0,5,-0.40552099924179064,0.11805087788136286,-0.3737878993564695,-0.3891139713986487,-0.357506785975437,,,True
STFT,post_envelope_log_rate_per_day,secondary,False,L3,15.0,4,-0.3146101818434254,0.1864486649851528,-0.3140192462966733,-0.47069075906047486,-0.1579386690796238,,,True
STFT,post_envelope_log_rate_per_day,secondary,False,L4,16.0,5,-0.4001228335561615,0.18922382640780053,-0.4749363704232108,-0.5380152011881627,-0.2624377405904528,,,True
STFT,post_envelope_log_rate_per_day,secondary,False,L5,17.0,1,-0.4490718185866761,,-0.4490718185866761,-0.4490718185866761,-0.4490718185866761,,,False
STFT,pre_amplitude_counts,descriptive,False,T5,5.0,4,1.1453419283307986,0.28102858936459174,1.1900358260582267,1.0767999595960516,1.2585777947929735,,,True
STFT,pre_amplitude_counts,descriptive,False,T7,7.0,5,1.6025699764408063,0.980441464081699,1.08335850838072,0.9899283551962096,2.144154736744278,,,True
STFT,pre_amplitude_counts,descriptive,False,T10,10.0,5,2.8434757453469026,2.402415064597344,2.8972795047568143,0.9361639734976676,2.97604978734035,,,True
STFT,pre_amplitude_counts,descriptive,False,T12,12.0,4,3.4514627868986087,1.206360647389988,2.97540379568189,2.741222641917696,3.6856439406628025,,,True
STFT,pre_amplitude_counts,descriptive,False,L1,13.0,5,2.715021637441164,1.9594581590175657,2.0947066641242253,1.9946501176137583,2.4311596003557963,,,True
STFT,pre_amplitude_counts,descriptive,False,L2,14.0,5,1.9767753015672915,1.43228817794509,1.5898904336689397,0.8301076204673035,2.5475562118463237,,,True
STFT,pre_amplitude_counts,descriptive,False,L3,15.0,4,10.475662654125438,14.106499500225436,3.5588080477630393,3.210020638101271,10.824450063787207,,,True
STFT,pre_amplitude_counts,descriptive,False,L4,16.0,5,10.024011000457966,11.875554707133253,4.556642138476713,2.584618338760281,11.05958992297646,,,True
STFT,pre_amplitude_counts,descriptive,False,L5,17.0,1,1.895385578287096,,1.895385578287096,1.895385578287096,1.895385578287096,,,False
STFT,pre_envelope_log_rate_per_day,secondary,False,T5,5.0,4,-0.3222253240380287,0.08249847709615749,-0.2921887767646188,-0.3476119495649056,-0.2668021512377419,,,True
STFT,pre_envelope_log_rate_per_day,secondary,False,T7,7.0,5,-0.35488262763073986,0.13424000390518437,-0.3456978333802388,-0.4441985266702318,-0.2820162436702182,,,True
STFT,pre_envelope_log_rate_per_day,secondary,False,T10,10.0,5,-0.40295168034920764,0.10903124155214311,-0.4538191615544826,-0.4624266274129234,-0.3591016856781634,,,True
STFT,pre_envelope_log_rate_per_day,secondary,False,T12,12.0,4,-0.25402267758908675,0.17683519636156453,-0.31409563467293383,-0.36173444091788365,-0.20638387134413697,,,True
STFT,pre_envelope_log_rate_per_day,secondary,False,L1,13.0,5,-0.15902353787576792,0.21229502215073273,-0.2049633700463994,-0.3389535047845838,-0.0047147956411177,,,True
STFT,pre_envelope_log_rate_per_day,secondary,False,L2,14.0,5,-0.24818703056931818,0.13387842245702944,-0.2701505039125526,-0.3683403613140903,-0.1219562659865062,,,True
STFT,pre_envelope_log_rate_per_day,secondary,False,L3,15.0,4,-0.33979032594281006,0.11116002633534573,-0.3622798517934933,-0.4105987818933972,-0.2914713958429062,,,True
STFT,pre_envelope_log_rate_per_day,secondary,False,L4,16.0,5,-0.26666567959855786,0.1879528153082227,-0.3150407542025497,-0.3178093487017302,-0.11142142961192181,,,True
STFT,pre_envelope_log_rate_per_day,secondary,False,L5,17.0,1,-0.2090216723347754,,-0.2090216723347754,-0.2090216723347754,-0.2090216723347754,,,False
