LumiCycle: 1B-L1m2 (Raw),,,,,
,Date,Time (hr:min),Time (days),counts/sec, Baseline
0,07/03/2025,16:40,0.69444,73.036,86.88
1,07/03/2025,17:00,0.70833,70.055,87.378
2,07/03/2025,17:20,0.72222,69.366,87.846
3,07/03/2025,17:40,0.73611,70.041,88.286
4,07/03/2025,18:00,0.75,74.142,88.678
5,07/03/2025,18:20,0.76389,79.538,89.056
6,07/03/2025,18:40,0.77778,86.074,89.406
7,07/03/2025,19:00,0.79167,91.744,89.763
8,07/03/2025,19:20,0.80556,96.79,90.119
9,07/03/2025,19:40,0.81944,100.722,90.493
10,07/03/2025,20:00,0.83333,103.238,90.897
11,07/03/2025,20:20,0.84722,103.797,91.316
12,07/03/2025,20:40,0.86111,105.194,91.722
13,07/03/2025,21:00,0.875,105.675,92.126
14,07/03/2025,21:20,0.88889,107.018,92.534
15,07/03/2025,21:40,0.90278,107.975,92.948
16,07/03/2025,22:00,0.91667,108.229,93.367
17,07/03/2025,22:20,0.93056,108.937,93.765
18,07/03/2025,22:40,0.94444,108.358,94.178
19,07/03/2025,23:00,0.95833,108.768,94.574
20,07/03/2025,23:20,0.97222,108.239,94.982
21,07/03/2025,23:40,0.98611,109.321,95.373
22,07/04/2025,0:00,1,108.961,95.771
23,07/04/2025,0:20,1.01389,108.993,96.179
24,07/04/2025,0:40,1.02778,109.079,96.573
25,07/04/2025,1:00,1.04167,108.875,96.967
26,07/04/2025,1:20,1.05556,108.707,97.351
27,07/04/2025,1:40,1.06944,107.908,97.735
28,07/04/2025,2:00,1.08333,108.046,98.099
29,07/04/2025,2:20,1.09722,107.229,98.466
30,07/04/2025,2:40,1.11111,106.321,98.846
31,07/04/2025,3:00,1.125,106.187,99.201
32,07/04/2025,3:20,1.13889,105.332,99.59
33,07/04/2025,3:40,1.15278,105.902,99.943
34,07/04/2025,4:00,1.16667,105.221,100.325
35,07/04/2025,4:20,1.18056,105.389,100.674
36,07/04/2025,4:40,1.19444,104.877,101.034
37,07/04/2025,5:00,1.20833,105.126,101.43
38,07/04/2025,5:20,1.22222,104.531,101.855
39,07/04/2025,5:40,1.23611,104.543,102.28
40,07/04/2025,6:00,1.25,104.88,102.636
41,07/04/2025,6:20,1.26389,104.134,102.936
42,07/04/2025,6:40,1.27778,103.652,103.134
43,07/04/2025,7:00,1.29167,103.006,103.259
44,07/04/2025,7:20,1.30556,103.178,103.293
45,07/04/2025,7:40,1.31944,103.782,103.266
46,07/04/2025,8:00,1.33333,102.921,103.227
47,07/04/2025,8:20,1.34722,102.881,103.183
48,07/04/2025,8:40,1.36111,101.785,103.141
49,07/04/2025,9:00,1.375,102.944,103.053
50,07/04/2025,9:20,1.38889,102.946,102.973
51,07/04/2025,9:40,1.40278,102.632,102.888
52,07/04/2025,10:00,1.41667,101.622,102.819
53,07/04/2025,10:20,1.43056,101.37,102.729
54,07/04/2025,10:40,1.44444,101.15,102.662
55,07/04/2025,11:00,1.45833,101.112,102.588
56,07/04/2025,11:20,1.47222,101.455,102.522
57,07/04/2025,11:40,1.48611,100.529,102.473
58,07/04/2025,12:00,1.5,101.605,102.405
59,07/04/2025,12:20,1.51389,100.725,102.377
60,07/04/2025,12:40,1.52778,100.445,102.33
61,07/04/2025,13:00,1.54167,99.758,102.295
62,07/04/2025,13:20,1.55556,99.085,102.269
63,07/04/2025,13:40,1.56944,98.662,102.264
64,07/04/2025,14:00,1.58333,97.892,102.26
65,07/04/2025,14:20,1.59722,98.706,102.25
66,07/04/2025,14:40,1.61111,97.761,102.293
67,07/04/2025,15:00,1.625,99.455,102.305
68,07/04/2025,15:20,1.63889,98.292,102.379
69,07/04/2025,15:40,1.65278,99.06,102.422
70,07/04/2025,16:00,1.66667,97.674,102.501
71,07/04/2025,16:20,1.68056,97.73,102.554
72,07/04/2025,16:40,1.69444,97.977,102.606
73,07/04/2025,17:00,1.70833,98.581,102.655
74,07/04/2025,17:20,1.72222,99.782,102.708
75,07/04/2025,17:40,1.73611,99.426,102.784
76,07/04/2025,18:00,1.75,99.725,102.846
77,07/04/2025,18:20,1.76389,99.46,102.93
78,07/04/2025,18:40,1.77778,99.868,103.01
79,07/04/2025,19:00,1.79167,99.346,103.114
80,07/04/2025,19:20,1.80556,99.431,103.199
81,07/04/2025,19:40,1.81944,99.623,103.272
82,07/04/2025,20:00,1.83333,100.71,103.333
83,07/04/2025,20:20,1.84722,101.119,103.399
84,07/04/2025,20:40,1.86111,100.742,103.486
85,07/04/2025,21:00,1.875,101.401,103.526
86,07/04/2025,21:20,1.88889,101.67,103.569
87,07/04/2025,21:40,1.90278,102.392,103.601
88,07/04/2025,22:00,1.91667,102.38,103.65
89,07/04/2025,22:20,1.93056,103.47,103.689
90,07/04/2025,22:40,1.94444,103.56,103.749
91,07/04/2025,23:00,1.95833,103.964,103.809
92,07/04/2025,23:20,1.97222,104.962,103.844
93,07/04/2025,23:40,1.98611,105.27,103.904
94,07/05/2025,0:00,2,106.19,103.921
95,07/05/2025,0:20,2.01389,105.46,103.976
96,07/05/2025,0:40,2.02778,105.784,104.004
97,07/05/2025,1:00,2.04167,106.154,104.041
98,07/05/2025,1:20,2.05556,107.191,104.07
99,07/05/2025,1:40,2.06944,106.988,104.142
100,07/05/2025,2:00,2.08333,107.313,104.197
101,07/05/2025,2:20,2.09722,108.406,104.231
102,07/05/2025,2:40,2.11111,108.687,104.268
103,07/05/2025,3:00,2.125,109.41,104.275
104,07/05/2025,3:20,2.13889,109.634,104.301
105,07/05/2025,3:40,2.15278,109.345,104.33
106,07/05/2025,4:00,2.16667,109.198,104.373
107,07/05/2025,4:20,2.18056,108.771,104.411
108,07/05/2025,4:40,2.19444,109.169,104.434
109,07/05/2025,5:00,2.20833,109.439,104.453
110,07/05/2025,5:20,2.22222,109.515,104.459
111,07/05/2025,5:40,2.23611,109.511,104.471
112,07/05/2025,6:00,2.25,109.735,104.472
113,07/05/2025,6:20,2.26389,109.638,104.486
114,07/05/2025,6:40,2.27778,109.76,104.484
115,07/05/2025,7:00,2.29167,109.233,104.507
116,07/05/2025,7:20,2.30556,109.07,104.518
117,07/05/2025,7:40,2.31944,108.304,104.533
118,07/05/2025,8:00,2.33333,107.93,104.53
119,07/05/2025,8:20,2.34722,107.478,104.525
120,07/05/2025,8:40,2.36111,106.371,104.547
121,07/05/2025,9:00,2.375,106.224,104.547
122,07/05/2025,9:20,2.38889,105.609,104.541
123,07/05/2025,9:40,2.40278,105.007,104.526
124,07/05/2025,10:00,2.41667,105.26,104.509
125,07/05/2025,10:20,2.43056,105.432,104.487
126,07/05/2025,10:40,2.44444,105.694,104.477
127,07/05/2025,11:00,2.45833,104.871,104.47
128,07/05/2025,11:20,2.47222,105.044,104.445
129,07/05/2025,11:40,2.48611,103.71,104.444
130,07/05/2025,12:00,2.5,103.899,104.415
131,07/05/2025,12:20,2.51389,102.707,104.413
132,07/05/2025,12:40,2.52778,102.676,104.385
133,07/05/2025,13:00,2.54167,102.206,104.365
134,07/05/2025,13:20,2.55556,103.454,104.315
135,07/05/2025,13:40,2.56944,102.064,104.305
136,07/05/2025,14:00,2.58333,102.196,104.275
137,07/05/2025,14:20,2.59722,100.617,104.249
138,07/05/2025,14:40,2.61111,100.661,104.202
139,07/05/2025,15:00,2.625,100.348,104.156
140,07/05/2025,15:20,2.63889,100.808,104.102
141,07/05/2025,15:40,2.65278,100.528,104.078
142,07/05/2025,16:00,2.66667,99.978,104.053
143,07/05/2025,16:20,2.68056,99.958,104.042
144,07/05/2025,16:40,2.69444,100.18,104.01
145,07/05/2025,17:00,2.70833,100.322,103.981
146,07/05/2025,17:20,2.72222,100.218,103.954
147,07/05/2025,17:40,2.73611,100.026,103.935
148,07/05/2025,18:00,2.75,100.336,103.896
149,07/05/2025,18:20,2.76389,99.867,103.869
150,07/05/2025,18:40,2.77778,100.459,103.821
151,07/05/2025,19:00,2.79167,100.05,103.787
152,07/05/2025,19:20,2.80556,99.884,103.749
153,07/05/2025,19:40,2.81944,100.121,103.7
154,07/05/2025,20:00,2.83333,100.331,103.652
155,07/05/2025,20:20,2.84722,101.173,103.594
156,07/05/2025,20:40,2.86111,101.278,103.562
157,07/05/2025,21:00,2.875,100.6,103.547
158,07/05/2025,21:20,2.88889,100.716,103.526
159,07/05/2025,21:40,2.90278,101.452,103.507
160,07/05/2025,22:00,2.91667,102.121,103.491
161,07/05/2025,22:20,2.93056,103.106,103.465
162,07/05/2025,22:40,2.94444,102.675,103.46
163,07/05/2025,23:00,2.95833,103.383,103.426
164,07/05/2025,23:20,2.97222,103.886,103.389
165,07/05/2025,23:40,2.98611,104.323,103.358
166,07/06/2025,0:00,3,104.124,103.331
167,07/06/2025,0:20,3.01389,103.772,103.33
168,07/06/2025,0:40,3.02778,104.273,103.318
169,07/06/2025,1:00,3.04167,104.966,103.304
170,07/06/2025,1:20,3.05556,104.887,103.282
171,07/06/2025,1:40,3.06944,105.38,103.258
172,07/06/2025,2:00,3.08333,104.994,103.238
173,07/06/2025,2:20,3.09722,105.445,103.22
174,07/06/2025,2:40,3.11111,105.839,103.202
175,07/06/2025,3:00,3.125,106.352,103.188
176,07/06/2025,3:20,3.13889,107.348,103.168
177,07/06/2025,3:40,3.15278,106.939,103.164
178,07/06/2025,4:00,3.16667,107.986,103.155
179,07/06/2025,4:20,3.18056,107.152,103.168
180,07/06/2025,4:40,3.19444,107.538,103.16
181,07/06/2025,5:00,3.20833,107.521,103.145
182,07/06/2025,5:20,3.22222,107.957,103.133
183,07/06/2025,5:40,3.23611,107.325,103.14
184,07/06/2025,6:00,3.25,107.302,103.146
185,07/06/2025,6:20,3.26389,106.983,103.147
186,07/06/2025,6:40,3.27778,106.458,103.163
187,07/06/2025,7:00,3.29167,106.207,103.181
188,07/06/2025,7:20,3.30556,105.139,103.218
189,07/06/2025,7:40,3.31944,104.782,103.227
190,07/06/2025,8:00,3.33333,104.262,103.242
191,07/06/2025,8:20,3.34722,104.197,103.238
192,07/06/2025,8:40,3.36111,104.517,103.225
193,07/06/2025,9:00,3.375,104.291,103.234
194,07/06/2025,9:20,3.38889,104.406,103.226
195,07/06/2025,9:40,3.40278,104.825,103.208
196,07/06/2025,10:00,3.41667,104.561,103.182
197,07/06/2025,10:20,3.43056,104.948,103.138
198,07/06/2025,10:40,3.44444,103.193,103.139
199,07/06/2025,11:00,3.45833,102.938,103.111
200,07/06/2025,11:20,3.47222,101.975,103.095
201,07/06/2025,11:40,3.48611,101.834,103.057
202,07/06/2025,12:00,3.5,102.26,103.02
203,07/06/2025,12:20,3.51389,102.349,102.994
204,07/06/2025,12:40,3.52778,101.878,102.973
205,07/06/2025,13:00,3.54167,101.833,102.941
206,07/06/2025,13:20,3.55556,100.874,102.921
207,07/06/2025,13:40,3.56944,100.464,102.89
208,07/06/2025,14:00,3.58333,99.794,102.871
209,07/06/2025,14:20,3.59722,99.799,102.835
210,07/06/2025,14:40,3.61111,99.879,102.781
211,07/06/2025,15:00,3.625,100.369,102.718
212,07/06/2025,15:20,3.63889,99.883,102.648
213,07/06/2025,15:40,3.65278,100.405,102.587
214,07/06/2025,16:00,3.66667,99.976,102.522
215,07/06/2025,16:20,3.68056,100.05,102.471
216,07/06/2025,16:40,3.69444,99.265,102.429
217,07/06/2025,17:00,3.70833,99.773,102.369
218,07/06/2025,17:20,3.72222,99.921,102.305
219,07/06/2025,17:40,3.73611,100.675,102.238
220,07/06/2025,18:00,3.75,99.656,102.189
221,07/06/2025,18:20,3.76389,101.084,102.116
222,07/06/2025,18:40,3.77778,101.035,102.064
223,07/06/2025,19:00,3.79167,101.404,102.006
224,07/06/2025,19:20,3.80556,100.396,101.985
225,07/06/2025,19:40,3.81944,100.825,101.957
226,07/06/2025,20:00,3.83333,100.881,101.923
227,07/06/2025,20:20,3.84722,100.632,101.901
228,07/06/2025,20:40,3.86111,101.023,101.867
229,07/06/2025,21:00,3.875,100.258,101.864
230,07/06/2025,21:20,3.88889,100.616,101.838
231,07/06/2025,21:40,3.90278,100.038,101.813
232,07/06/2025,22:00,3.91667,100.436,101.767
233,07/06/2025,22:20,3.93056,100.979,101.709
234,07/06/2025,22:40,3.94444,101.158,101.678
235,07/06/2025,23:00,3.95833,101.795,101.643
236,07/06/2025,23:20,3.97222,101.53,101.634
237,07/06/2025,23:40,3.98611,102.001,101.62
238,07/07/2025,0:00,4,102.013,101.602
239,07/07/2025,0:20,4.01389,102.333,101.579
240,07/07/2025,0:40,4.02778,102.672,101.564
241,07/07/2025,1:00,4.04167,102.546,101.552
242,07/07/2025,1:20,4.05556,102.801,101.534
243,07/07/2025,1:40,4.06944,102.98,101.53
244,07/07/2025,2:00,4.08333,102.909,101.538
245,07/07/2025,2:20,4.09722,102.181,101.543
246,07/07/2025,2:40,4.11111,102.401,101.524
247,07/07/2025,3:00,4.125,101.994,101.508
248,07/07/2025,3:20,4.13889,103.152,101.479
249,07/07/2025,3:40,4.15278,103.062,101.471
250,07/07/2025,4:00,4.16667,103.646,101.46
251,07/07/2025,4:20,4.18056,103.792,101.454
252,07/07/2025,4:40,4.19444,103.85,101.457
253,07/07/2025,5:00,4.20833,103.62,101.461
254,07/07/2025,5:20,4.22222,103.406,101.462
255,07/07/2025,5:40,4.23611,102.811,101.464
256,07/07/2025,6:00,4.25,103.304,101.46
257,07/07/2025,6:20,4.26389,102.77,101.459
258,07/07/2025,6:40,4.27778,102.522,101.46
259,07/07/2025,7:00,4.29167,102.666,101.449
260,07/07/2025,7:20,4.30556,103.236,101.451
261,07/07/2025,7:40,4.31944,101.918,101.467
262,07/07/2025,8:00,4.33333,102.446,101.443
263,07/07/2025,8:20,4.34722,102.514,101.431
264,07/07/2025,8:40,4.36111,103.34,101.402
265,07/07/2025,9:00,4.375,102.941,101.409
266,07/07/2025,9:20,4.38889,102.477,101.411
267,07/07/2025,9:40,4.40278,101.755,101.415
268,07/07/2025,10:00,4.41667,101.445,101.418
269,07/07/2025,10:20,4.43056,101.161,101.421
270,07/07/2025,10:40,4.44444,101.135,101.427
271,07/07/2025,11:00,4.45833,101.061,101.435
272,07/07/2025,11:20,4.47222,101.328,101.425
273,07/07/2025,11:40,4.48611,101.046,101.438
274,07/07/2025,12:00,4.5,101.064,101.441
275,07/07/2025,12:20,4.51389,101.13,101.439
276,07/07/2025,12:40,4.52778,100.896,101.428
277,07/07/2025,13:00,4.54167,99.856,101.436
278,07/07/2025,13:20,4.55556,100.334,101.427
279,07/07/2025,13:40,4.56944,100.332,101.422
280,07/07/2025,14:00,4.58333,99.401,101.44
281,07/07/2025,14:20,4.59722,98.753,101.462
282,07/07/2025,14:40,4.61111,98.86,101.475
283,07/07/2025,15:00,4.625,98.977,101.491
284,07/07/2025,15:20,4.63889,99.765,101.483
285,07/07/2025,15:40,4.65278,99.837,101.487
286,07/07/2025,16:00,4.66667,99.718,101.482
287,07/07/2025,16:20,4.68056,99.539,101.468
288,07/07/2025,16:40,4.69444,99.823,101.447
289,07/07/2025,17:00,4.70833,99.768,101.445
290,07/07/2025,17:20,4.72222,100.244,101.427
291,07/07/2025,17:40,4.73611,99.867,101.424
292,07/07/2025,18:00,4.75,100.493,101.401
293,07/07/2025,18:20,4.76389,100.864,101.402
294,07/07/2025,18:40,4.77778,100.737,101.411
295,07/07/2025,19:00,4.79167,101.175,101.404
296,07/07/2025,19:20,4.80556,100.561,101.415
297,07/07/2025,19:40,4.81944,99.747,101.447
298,07/07/2025,20:00,4.83333,99.901,101.461
299,07/07/2025,20:20,4.84722,99.82,101.47
300,07/07/2025,20:40,4.86111,100.334,101.452
301,07/07/2025,21:00,4.875,100.259,101.438
302,07/07/2025,21:20,4.88889,99.645,101.438
303,07/07/2025,21:40,4.90278,100.292,101.441
304,07/07/2025,22:00,4.91667,100.903,101.435
305,07/07/2025,22:20,4.93056,101.556,101.433
306,07/07/2025,22:40,4.94444,102.296,101.429
307,07/07/2025,23:00,4.95833,101.101,101.454
308,07/07/2025,23:20,4.97222,102.622,101.437
309,07/07/2025,23:40,4.98611,102.227,101.448
310,07/08/2025,0:00,5,102.29,101.451
311,07/08/2025,0:20,5.01389,101.659,101.47
312,07/08/2025,0:40,5.02778,102.07,101.479
313,07/08/2025,1:00,5.04167,102.609,101.487
314,07/08/2025,1:20,5.05556,102.625,101.503
315,07/08/2025,1:40,5.06944,103.253,101.503
316,07/08/2025,2:00,5.08333,103.068,101.534
317,07/08/2025,2:20,5.09722,103.425,101.57
318,07/08/2025,2:40,5.11111,103.236,101.603
319,07/08/2025,3:00,5.125,103.401,101.632
320,07/08/2025,3:20,5.13889,103.369,101.65
321,07/08/2025,3:40,5.15278,103.221,101.682
322,07/08/2025,4:00,5.16667,102.615,101.719
323,07/08/2025,4:20,5.18056,102.704,101.748
324,07/08/2025,4:40,5.19444,103.404,101.758
325,07/08/2025,5:00,5.20833,102.577,101.797
326,07/08/2025,5:20,5.22222,102.257,101.806
327,07/08/2025,5:40,5.23611,102.335,101.823
328,07/08/2025,6:00,5.25,103.214,101.815
329,07/08/2025,6:20,5.26389,103.028,101.826
330,07/08/2025,6:40,5.27778,102.604,101.84
331,07/08/2025,7:00,5.29167,103.387,101.831
332,07/08/2025,7:20,5.30556,103.325,101.835
333,07/08/2025,7:40,5.31944,103.615,101.837
334,07/08/2025,8:00,5.33333,103.048,101.862
335,07/08/2025,8:20,5.34722,102.579,101.886
336,07/08/2025,8:40,5.36111,101.93,101.912
337,07/08/2025,9:00,5.375,101.856,101.925
338,07/08/2025,9:20,5.38889,102.607,101.937
339,07/08/2025,9:40,5.40278,101.617,101.962
340,07/08/2025,10:00,5.41667,101.681,101.97
341,07/08/2025,10:20,5.43056,101.586,101.98
342,07/08/2025,10:40,5.44444,101.637,101.969
343,07/08/2025,11:00,5.45833,101.653,101.972
344,07/08/2025,11:20,5.47222,101.411,101.961
345,07/08/2025,11:40,5.48611,101.3,101.956
346,07/08/2025,12:00,5.5,101.831,101.946
347,07/08/2025,12:20,5.51389,101.968,101.957
348,07/08/2025,12:40,5.52778,100.928,101.986
349,07/08/2025,13:00,5.54167,101.47,101.982
350,07/08/2025,13:20,5.55556,100.988,101.988
351,07/08/2025,13:40,5.56944,101.362,101.964
352,07/08/2025,14:00,5.58333,101.639,101.938
353,07/08/2025,14:20,5.59722,101.003,101.923
354,07/08/2025,14:40,5.61111,101.192,101.906
355,07/08/2025,15:00,5.625,100.959,101.9
356,07/08/2025,15:20,5.63889,101.92,101.867
357,07/08/2025,15:40,5.65278,101.749,101.861
358,07/08/2025,16:00,5.66667,101.615,101.855
359,07/08/2025,16:20,5.68056,101.252,101.849
360,07/08/2025,16:40,5.69444,101.627,101.83
361,07/08/2025,17:00,5.70833,100.608,101.848
362,07/08/2025,17:20,5.72222,101.115,101.845
363,07/08/2025,17:40,5.73611,100.837,101.854
364,07/08/2025,18:00,5.75,101.431,101.842
365,07/08/2025,18:20,5.76389,101.249,101.834
366,07/08/2025,18:40,5.77778,101.378,101.833
367,07/08/2025,19:00,5.79167,100.757,101.83
368,07/08/2025,19:20,5.80556,100.188,101.835
369,07/08/2025,19:40,5.81944,101.108,101.815
370,07/08/2025,20:00,5.83333,100.978,101.814
371,07/08/2025,20:20,5.84722,101.525,101.818
372,07/08/2025,20:40,5.86111,101.078,101.842
373,07/08/2025,21:00,5.875,101.275,101.859
374,07/08/2025,21:20,5.88889,101,101.868
375,07/08/2025,21:40,5.90278,101.589,101.877
376,07/08/2025,22:00,5.91667,102.148,101.887
377,07/08/2025,22:20,5.93056,101.589,101.906
378,07/08/2025,22:40,5.94444,101.332,101.916
379,07/08/2025,23:00,5.95833,101.567,101.916
380,07/08/2025,23:20,5.97222,101.804,101.904
381,07/08/2025,23:40,5.98611,102.115,101.9
382,07/09/2025,0:00,6,102.549,101.896
383,07/09/2025,0:20,6.01389,103.024,101.894
384,07/09/2025,0:40,6.02778,102.901,101.91
385,07/09/2025,1:00,6.04167,102.542,101.921
386,07/09/2025,1:20,6.05556,101.997,101.935
387,07/09/2025,1:40,6.06944,101.517,101.94
388,07/09/2025,2:00,6.08333,101.704,101.922
389,07/09/2025,2:20,6.09722,102.28,101.918
390,07/09/2025,2:40,6.11111,102.723,101.915
391,07/09/2025,3:00,6.125,101.999,101.934
392,07/09/2025,3:20,6.13889,102.643,101.919
393,07/09/2025,3:40,6.15278,102.053,101.931
394,07/09/2025,4:00,6.16667,101.965,101.947
395,07/09/2025,4:20,6.18056,102.437,101.962
396,07/09/2025,4:40,6.19444,102.765,101.973
397,07/09/2025,5:00,6.20833,102.605,102.007
398,07/09/2025,5:20,6.22222,102.698,102.034
399,07/09/2025,5:40,6.23611,102.963,102.054
400,07/09/2025,6:00,6.25,102.261,102.084
401,07/09/2025,6:20,6.26389,102.665,102.094
402,07/09/2025,6:40,6.27778,102.525,102.107
403,07/09/2025,7:00,6.29167,103.124,102.116
404,07/09/2025,7:20,6.30556,103.172,102.148
405,07/09/2025,7:40,6.31944,102.799,102.174
406,07/09/2025,8:00,6.33333,103.435,102.19
407,07/09/2025,8:20,6.34722,103.141,102.208
408,07/09/2025,8:40,6.36111,103.282,102.237
409,07/09/2025,9:00,6.375,102.945,102.258
410,07/09/2025,9:20,6.38889,102.825,102.283
411,07/09/2025,9:40,6.40278,102.918,102.297
412,07/09/2025,10:00,6.41667,102.404,102.324
413,07/09/2025,10:20,6.43056,102.027,102.353
414,07/09/2025,10:40,6.44444,101.885,102.381
415,07/09/2025,11:00,6.45833,100.839,102.407
416,07/09/2025,11:20,6.47222,101.365,102.401
417,07/09/2025,11:40,6.48611,101.976,102.398
418,07/09/2025,12:00,6.5,102.305,102.372
419,07/09/2025,12:20,6.51389,101.909,102.363
420,07/09/2025,12:40,6.52778,101.886,102.345
421,07/09/2025,13:00,6.54167,101.409,102.354
422,07/09/2025,13:20,6.55556,101.222,102.365
423,07/09/2025,13:40,6.56944,100.571,102.385
424,07/09/2025,14:00,6.58333,101.315,102.382
425,07/09/2025,14:20,6.59722,101.431,102.387
426,07/09/2025,14:40,6.61111,101.544,102.383
427,07/09/2025,15:00,6.625,101.527,102.384
428,07/09/2025,15:20,6.63889,101.971,102.369
429,07/09/2025,15:40,6.65278,102.66,102.355
430,07/09/2025,16:00,6.66667,102.741,102.354
431,07/09/2025,16:20,6.68056,102.791,102.354
432,07/09/2025,16:40,6.69444,102.829,102.347
433,07/09/2025,17:00,6.70833,103.076,102.334
434,07/09/2025,17:20,6.72222,102.458,102.339
435,07/09/2025,17:40,6.73611,102.853,102.338
436,07/09/2025,18:00,6.75,102.385,102.349
437,07/09/2025,18:20,6.76389,102.126,102.358
438,07/09/2025,18:40,6.77778,101.985,102.359
439,07/09/2025,19:00,6.79167,102.448,102.351
440,07/09/2025,19:20,6.80556,102.616,102.341
441,07/09/2025,19:40,6.81944,102.692,102.351
442,07/09/2025,20:00,6.83333,102.523,102.353
443,07/09/2025,20:20,6.84722,103.189,102.346
444,07/09/2025,20:40,6.86111,102.463,102.342
445,07/09/2025,21:00,6.875,102.625,102.327
446,07/09/2025,21:20,6.88889,102.65,102.317
447,07/09/2025,21:40,6.90278,103.519,102.302
448,07/09/2025,22:00,6.91667,103.214,102.312
449,07/09/2025,22:20,6.93056,103.186,102.338
450,07/09/2025,22:40,6.94444,102.362,102.364
451,07/09/2025,23:00,6.95833,101.918,102.399
452,07/09/2025,23:20,6.97222,102.489,102.398
453,07/09/2025,23:40,6.98611,101.053,102.423
454,07/10/2025,0:00,7,101.991,102.399
455,07/10/2025,0:20,7.01389,101.602,102.419
456,07/10/2025,0:40,7.02778,102.734,102.408
457,07/10/2025,1:00,7.04167,102.572,102.424
458,07/10/2025,1:20,7.05556,102.29,102.436
459,07/10/2025,1:40,7.06944,102.212,102.454
460,07/10/2025,2:00,7.08333,102.769,102.462
461,07/10/2025,2:20,7.09722,102.519,102.479
462,07/10/2025,2:40,7.11111,102.065,102.495
463,07/10/2025,3:00,7.125,101.994,102.399
464,07/10/2025,3:20,7.13889,101.791,102.235
465,07/10/2025,3:40,7.15278,102.006,102.001
466,07/10/2025,4:00,7.16667,102.439,101.792
467,07/10/2025,4:20,7.18056,102.351,101.641
468,07/10/2025,4:40,7.19444,101.942,101.58
469,07/10/2025,5:00,7.20833,102.439,101.57
470,07/10/2025,5:20,7.22222,103.28,101.635
471,07/10/2025,5:40,7.23611,102.515,101.766
472,07/10/2025,6:00,7.25,103.1,101.926
473,07/10/2025,6:20,7.26389,102.396,102.127
474,07/10/2025,6:40,7.27778,103.052,102.337
475,07/10/2025,7:00,7.29167,102.675,102.564
476,07/10/2025,7:20,7.30556,103.539,102.802
477,07/10/2025,7:40,7.31944,103.425,103.068
478,07/10/2025,8:00,7.33333,103.309,103.362
479,07/10/2025,8:20,7.34722,102.288,103.663
480,07/10/2025,8:40,7.36111,102.039,103.983
481,07/10/2025,9:00,7.375,102.139,104.305
482,07/10/2025,9:20,7.38889,102.729,104.63
483,07/10/2025,9:40,7.40278,102.82,104.952
484,07/10/2025,10:00,7.41667,103.835,105.272
485,07/10/2025,10:20,7.43056,102.854,105.639
486,07/10/2025,10:40,7.44444,102.829,106.005
487,07/10/2025,11:00,7.45833,101.899,106.396
488,07/10/2025,11:20,7.47222,102.287,106.759
489,07/10/2025,11:40,7.48611,101.523,107.178
490,07/10/2025,12:00,7.5,102.921,107.556
491,07/10/2025,12:20,7.51389,102.281,107.965
492,07/10/2025,12:40,7.52778,102.355,108.34
493,07/10/2025,13:00,7.54167,101.796,108.727
494,07/10/2025,13:20,7.55556,101.753,109.116
495,07/10/2025,13:40,7.56944,102.448,109.495
496,07/10/2025,14:00,7.58333,102.348,109.858
497,07/10/2025,14:20,7.59722,102.212,110.217
498,07/10/2025,15:40,7.65278,94.771,110.673
499,07/10/2025,16:00,7.66667,90.25,111.087
500,07/10/2025,16:20,7.68056,86.51,111.477
501,07/10/2025,16:40,7.69444,88.535,111.77
502,07/10/2025,17:00,7.70833,92.149,112.023
503,07/10/2025,17:20,7.72222,98.112,112.228
504,07/10/2025,17:40,7.73611,102.894,112.451
505,07/10/2025,18:00,7.75,107.86,112.655
506,07/10/2025,18:20,7.76389,111.222,112.871
507,07/10/2025,18:40,7.77778,114.186,113.088
508,07/10/2025,19:00,7.79167,115.52,113.317
509,07/10/2025,19:20,7.80556,117.336,113.524
510,07/10/2025,19:40,7.81944,117.926,113.729
511,07/10/2025,20:00,7.83333,120.16,113.895
512,07/10/2025,20:20,7.84722,121.18,114.056
513,07/10/2025,20:40,7.86111,123.039,114.185
514,07/10/2025,21:00,7.875,123.178,114.345
515,07/10/2025,21:20,7.88889,124.623,114.486
516,07/10/2025,21:40,7.90278,125.315,114.641
517,07/10/2025,22:00,7.91667,125.978,114.779
518,07/10/2025,22:20,7.93056,126.103,114.904
519,07/10/2025,22:40,7.94444,126.622,115.016
520,07/10/2025,23:00,7.95833,127.91,115.089
521,07/10/2025,23:20,7.97222,127.955,115.192
522,07/10/2025,23:40,7.98611,128.389,115.294
523,07/11/2025,0:00,8,128.283,115.427
524,07/11/2025,0:20,8.01389,129.591,115.522
525,07/11/2025,0:40,8.02778,129.854,115.649
526,07/11/2025,1:00,8.04167,129.607,115.76
527,07/11/2025,1:20,8.05556,129.069,115.884
528,07/11/2025,1:40,8.06944,129.095,115.995
529,07/11/2025,2:00,8.08333,129.465,116.111
530,07/11/2025,2:20,8.09722,129.425,116.232
531,07/11/2025,2:40,8.11111,128.131,116.378
532,07/11/2025,3:00,8.125,127.478,116.517
533,07/11/2025,3:20,8.13889,126.583,116.656
534,07/11/2025,3:40,8.15278,126.439,116.893
535,07/11/2025,4:00,8.16667,125.31,117.219
536,07/11/2025,4:20,8.18056,124.591,117.611
537,07/11/2025,4:40,8.19444,123.729,117.982
538,07/11/2025,5:00,8.20833,122.685,118.307
539,07/11/2025,5:20,8.22222,122.328,118.538
540,07/11/2025,5:40,8.23611,121.71,118.705
541,07/11/2025,6:00,8.25,121.719,118.797
542,07/11/2025,6:20,8.26389,120.67,118.862
543,07/11/2025,6:40,8.27778,120.495,118.877
544,07/11/2025,7:00,8.29167,118.654,118.918
545,07/11/2025,7:20,8.30556,118.005,118.92
546,07/11/2025,7:40,8.31944,116.532,118.944
547,07/11/2025,8:00,8.33333,115.84,118.923
548,07/11/2025,8:20,8.34722,114.278,118.922
549,07/11/2025,8:40,8.36111,114.714,118.877
550,07/11/2025,9:00,8.375,113.589,118.861
551,07/11/2025,9:20,8.38889,113.561,118.822
552,07/11/2025,9:40,8.40278,112.439,118.79
553,07/11/2025,10:00,8.41667,111.62,118.759
554,07/11/2025,10:20,8.43056,111.164,118.73
555,07/11/2025,10:40,8.44444,110.256,118.72
556,07/11/2025,11:00,8.45833,110.143,118.694
557,07/11/2025,11:20,8.47222,110.375,118.663
558,07/11/2025,11:40,8.48611,111.117,118.62
559,07/11/2025,12:00,8.5,110.195,118.602
560,07/11/2025,12:20,8.51389,110.678,118.551
561,07/11/2025,12:40,8.52778,110.501,118.504
562,07/11/2025,13:00,8.54167,110.381,118.452
563,07/11/2025,13:20,8.55556,110.164,118.414
564,07/11/2025,13:40,8.56944,110.251,118.37
565,07/11/2025,14:00,8.58333,110.224,118.339
566,07/11/2025,14:20,8.59722,111.361,118.289
567,07/11/2025,14:40,8.61111,111.425,118.257
568,07/11/2025,15:00,8.625,111.08,118.238
569,07/11/2025,15:20,8.63889,111.162,118.218
570,07/11/2025,15:40,8.65278,111.966,118.192
571,07/11/2025,16:00,8.66667,113.228,118.169
572,07/11/2025,16:20,8.68056,113.663,118.156
573,07/11/2025,16:40,8.69444,113.841,118.156
574,07/11/2025,17:00,8.70833,113.955,118.163
575,07/11/2025,17:20,8.72222,113.904,118.171
576,07/11/2025,17:40,8.73611,114.365,118.18
577,07/11/2025,18:00,8.75,114.706,118.193
578,07/11/2025,18:20,8.76389,115.061,118.221
579,07/11/2025,18:40,8.77778,116.516,118.228
580,07/11/2025,19:00,8.79167,116.825,118.268
581,07/11/2025,19:20,8.80556,118.179,118.281
582,07/11/2025,19:40,8.81944,118.016,118.327
583,07/11/2025,20:00,8.83333,119.527,118.347
584,07/11/2025,20:20,8.84722,120.282,118.379
585,07/11/2025,20:40,8.86111,120.963,118.404
586,07/11/2025,21:00,8.875,121.842,118.424
587,07/11/2025,21:20,8.88889,121.953,118.456
588,07/11/2025,21:40,8.90278,123.033,118.477
589,07/11/2025,22:00,8.91667,123.594,118.508
590,07/11/2025,22:20,8.93056,125.012,118.533
591,07/11/2025,22:40,8.94444,125.996,118.592
592,07/11/2025,23:00,8.95833,125.971,118.662
593,07/11/2025,23:20,8.97222,126.126,118.724
594,07/11/2025,23:40,8.98611,126.142,118.773
595,07/12/2025,0:00,9,126.508,118.828
596,07/12/2025,0:20,9.01389,126.388,118.883
597,07/12/2025,0:40,9.02778,125.822,118.942
598,07/12/2025,1:00,9.04167,126.21,118.99
599,07/12/2025,1:20,9.05556,126.078,119.05
600,07/12/2025,1:40,9.06944,127.312,119.102
601,07/12/2025,2:00,9.08333,127.037,119.179
602,07/12/2025,2:20,9.09722,125.956,119.26
603,07/12/2025,2:40,9.11111,125.811,119.32
604,07/12/2025,3:00,9.125,125.248,119.392
605,07/12/2025,3:20,9.13889,125.416,119.464
606,07/12/2025,3:40,9.15278,125.002,119.533
607,07/12/2025,4:00,9.16667,124.112,119.603
608,07/12/2025,4:20,9.18056,123.871,119.662
609,07/12/2025,4:40,9.19444,123.264,119.746
610,07/12/2025,5:00,9.20833,122.852,119.838
611,07/12/2025,5:20,9.22222,122.787,119.947
612,07/12/2025,5:40,9.23611,123.015,120.053
613,07/12/2025,6:00,9.25,122.957,120.148
614,07/12/2025,6:20,9.26389,122.429,120.256
615,07/12/2025,6:40,9.27778,121.768,120.347
616,07/12/2025,7:00,9.29167,120.3,120.465
617,07/12/2025,7:20,9.30556,119.603,120.552
618,07/12/2025,7:40,9.31944,118.73,120.663
619,07/12/2025,8:00,9.33333,117.275,120.767
620,07/12/2025,8:20,9.34722,117.157,120.864
621,07/12/2025,8:40,9.36111,115.84,120.943
622,07/12/2025,9:00,9.375,115.961,121.016
623,07/12/2025,9:20,9.38889,114.989,121.11
624,07/12/2025,9:40,9.40278,114.328,121.211
625,07/12/2025,10:00,9.41667,114.308,121.31
626,07/12/2025,10:20,9.43056,115.391,121.379
627,07/12/2025,10:40,9.44444,114.997,121.45
628,07/12/2025,11:00,9.45833,114.857,121.499
629,07/12/2025,11:20,9.47222,114.586,121.551
630,07/12/2025,11:40,9.48611,114.411,121.609
631,07/12/2025,12:00,9.5,114.399,121.654
632,07/12/2025,12:20,9.51389,114.056,121.721
633,07/12/2025,12:40,9.52778,114.118,121.772
634,07/12/2025,13:00,9.54167,114.231,121.833
635,07/12/2025,13:20,9.55556,115.172,121.883
636,07/12/2025,13:40,9.56944,115.305,121.922
637,07/12/2025,14:00,9.58333,115.935,121.951
638,07/12/2025,14:20,9.59722,115.493,121.998
639,07/12/2025,14:40,9.61111,115.556,122.043
640,07/12/2025,15:00,9.625,116.388,122.081
641,07/12/2025,15:20,9.63889,116.402,122.13
642,07/12/2025,15:40,9.65278,117.199,122.183
643,07/12/2025,16:00,9.66667,117.551,122.237
644,07/12/2025,16:20,9.68056,119.147,122.286
645,07/12/2025,16:40,9.69444,119.984,122.343
646,07/12/2025,17:00,9.70833,121.43,122.398
647,07/12/2025,17:20,9.72222,122.032,122.469
648,07/12/2025,17:40,9.73611,121.288,122.549
649,07/12/2025,18:00,9.75,122.122,122.602
650,07/12/2025,18:20,9.76389,122.224,122.666
651,07/12/2025,18:40,9.77778,123.612,122.72
652,07/12/2025,19:00,9.79167,123.598,122.802
653,07/12/2025,19:20,9.80556,124.901,122.87
654,07/12/2025,19:40,9.81944,125.339,122.942
655,07/12/2025,20:00,9.83333,126.915,123.014
656,07/12/2025,20:20,9.84722,125.176,123.123
657,07/12/2025,20:40,9.86111,127.112,123.195
658,07/12/2025,21:00,9.875,127.588,123.271
659,07/12/2025,21:20,9.88889,129.382,123.352
660,07/12/2025,21:40,9.90278,130.555,123.45
661,07/12/2025,22:00,9.91667,130.868,123.56
662,07/12/2025,22:20,9.93056,130.585,123.667
663,07/12/2025,22:40,9.94444,129.25,123.777
664,07/12/2025,23:00,9.95833,129.492,123.862
665,07/12/2025,23:20,9.97222,130.034,123.943
666,07/12/2025,23:40,9.98611,129.668,124.037
667,07/13/2025,0:00,10,130.765,124.1
668,07/13/2025,0:20,10.01389,129.441,124.204
669,07/13/2025,0:40,10.02778,130.608,124.278
670,07/13/2025,1:00,10.04167,130.525,124.365
671,07/13/2025,1:20,10.05556,130.129,124.439
672,07/13/2025,1:40,10.06944,129.718,124.507
673,07/13/2025,2:00,10.08333,128.762,124.583
674,07/13/2025,2:20,10.09722,129.075,124.665
675,07/13/2025,2:40,10.11111,128.694,124.751
676,07/13/2025,3:00,10.125,128.892,124.827
677,07/13/2025,3:20,10.13889,129.523,124.9
678,07/13/2025,3:40,10.15278,128.247,125.001
679,07/13/2025,4:00,10.16667,128.861,125.075
680,07/13/2025,4:20,10.18056,128.075,125.148
681,07/13/2025,4:40,10.19444,128.146,125.198
682,07/13/2025,5:00,10.20833,128.39,125.218
683,07/13/2025,5:20,10.22222,127.895,125.25
684,07/13/2025,5:40,10.23611,127.489,125.294
685,07/13/2025,6:00,10.25,127.034,125.354
686,07/13/2025,6:20,10.26389,126.876,125.422
687,07/13/2025,6:40,10.27778,126.055,125.476
688,07/13/2025,7:00,10.29167,125.683,125.538
689,07/13/2025,7:20,10.30556,124.163,125.588
690,07/13/2025,7:40,10.31944,123.926,125.631
691,07/13/2025,8:00,10.33333,123.063,125.661
692,07/13/2025,8:20,10.34722,122.772,125.73
693,07/13/2025,8:40,10.36111,121.772,125.782
694,07/13/2025,9:00,10.375,122.466,125.821
695,07/13/2025,9:20,10.38889,122.38,125.846
696,07/13/2025,9:40,10.40278,122.264,125.865
697,07/13/2025,10:00,10.41667,122.64,125.872
698,07/13/2025,10:20,10.43056,121.375,125.906
699,07/13/2025,10:40,10.44444,121.015,125.948
700,07/13/2025,11:00,10.45833,120.808,126.001
701,07/13/2025,11:20,10.47222,120.61,126.052
702,07/13/2025,11:40,10.48611,119.937,126.107
703,07/13/2025,12:00,10.5,120.027,126.137
704,07/13/2025,12:20,10.51389,120.4,126.179
705,07/13/2025,12:40,10.52778,120.286,126.226
706,07/13/2025,13:00,10.54167,119.924,126.275
707,07/13/2025,13:20,10.55556,119.641,126.334
708,07/13/2025,13:40,10.56944,120.352,126.369
709,07/13/2025,14:00,10.58333,121.516,126.412
710,07/13/2025,14:20,10.59722,121.226,126.473
711,07/13/2025,14:40,10.61111,121.897,126.529
712,07/13/2025,15:00,10.625,122.096,126.582
713,07/13/2025,15:20,10.63889,122.988,126.615
714,07/13/2025,15:40,10.65278,123.388,126.661
715,07/13/2025,16:00,10.66667,123.455,126.709
716,07/13/2025,16:20,10.68056,123.534,126.767
717,07/13/2025,16:40,10.69444,123.094,126.81
718,07/13/2025,17:00,10.70833,123.754,126.837
719,07/13/2025,17:20,10.72222,123.989,126.876
720,07/13/2025,17:40,10.73611,125.857,126.905
721,07/13/2025,18:00,10.75,126.821,126.961
722,07/13/2025,18:20,10.76389,126.576,127.008
723,07/13/2025,18:40,10.77778,127.551,127.049
724,07/13/2025,19:00,10.79167,126.895,127.107
725,07/13/2025,19:20,10.80556,128.131,127.17
726,07/13/2025,19:40,10.81944,128.184,127.257
727,07/13/2025,20:00,10.83333,129.696,127.324
728,07/13/2025,20:20,10.84722,129.725,127.4
729,07/13/2025,20:40,10.86111,131,127.482
730,07/13/2025,21:00,10.875,131.099,127.562
731,07/13/2025,21:20,10.88889,131.774,127.634
732,07/13/2025,21:40,10.90278,131.718,127.709
733,07/13/2025,22:00,10.91667,131.68,127.763
734,07/13/2025,22:20,10.93056,131.803,127.833
735,07/13/2025,22:40,10.94444,132.993,127.886
736,07/13/2025,23:00,10.95833,133.466,127.959
737,07/13/2025,23:20,10.97222,132.837,128.048
738,07/13/2025,23:40,10.98611,132.966,128.147
739,07/14/2025,0:00,11,132.727,128.244
740,07/14/2025,0:20,11.01389,133.764,128.318
741,07/14/2025,0:40,11.02778,133.637,128.402
742,07/14/2025,1:00,11.04167,133.951,128.49
743,07/14/2025,1:20,11.05556,132.858,128.602
744,07/14/2025,1:40,11.06944,132.951,128.694
745,07/14/2025,2:00,11.08333,133.037,128.778
746,07/14/2025,2:20,11.09722,133.288,128.876
747,07/14/2025,2:40,11.11111,132.844,128.954
748,07/14/2025,3:00,11.125,132.722,129.036
749,07/14/2025,3:20,11.13889,131.877,129.093
750,07/14/2025,3:40,11.15278,132.251,129.137
751,07/14/2025,4:00,11.16667,132.231,129.185
752,07/14/2025,4:20,11.18056,130.715,129.261
753,07/14/2025,4:40,11.19444,130.906,129.325
754,07/14/2025,5:00,11.20833,130.857,129.372
755,07/14/2025,5:20,11.22222,131.402,129.417
756,07/14/2025,5:40,11.23611,131.94,129.443
757,07/14/2025,6:00,11.25,129.885,129.504
758,07/14/2025,6:20,11.26389,129.898,129.527
759,07/14/2025,6:40,11.27778,129.129,129.555
760,07/14/2025,7:00,11.29167,129.766,129.569
761,07/14/2025,7:20,11.30556,130.09,129.581
762,07/14/2025,7:40,11.31944,129.283,129.614
763,07/14/2025,8:00,11.33333,128.141,129.636
764,07/14/2025,8:20,11.34722,128.731,129.639
765,07/14/2025,8:40,11.36111,128.188,129.641
766,07/14/2025,9:00,11.375,128.098,129.638
767,07/14/2025,9:20,11.38889,127.458,129.636
768,07/14/2025,9:40,11.40278,126.405,129.658
769,07/14/2025,10:00,11.41667,126.351,129.646
770,07/14/2025,10:20,11.43056,125.942,129.65
771,07/14/2025,10:40,11.44444,126.417,129.639
772,07/14/2025,11:00,11.45833,126.209,129.639
773,07/14/2025,11:20,11.47222,126.95,129.638
774,07/14/2025,11:40,11.48611,126.571,129.642
775,07/14/2025,12:00,11.5,126.63,129.65
776,07/14/2025,12:20,11.51389,126.052,129.652
777,07/14/2025,12:40,11.52778,126.376,129.635
778,07/14/2025,13:00,11.54167,126.392,129.609
779,07/14/2025,13:20,11.55556,126.881,129.596
780,07/14/2025,13:40,11.56944,127.477,129.589
781,07/14/2025,14:00,11.58333,128.341,129.581
782,07/14/2025,14:20,11.59722,126.919,129.603
783,07/14/2025,14:40,11.61111,127.763,129.601
784,07/14/2025,15:00,11.625,126.082,129.64
785,07/14/2025,15:20,11.63889,126.862,129.655
786,07/14/2025,15:40,11.65278,126.805,129.668
787,07/14/2025,16:00,11.66667,127.325,129.674
788,07/14/2025,16:20,11.68056,127.763,129.705
789,07/14/2025,16:40,11.69444,126.99,129.739
790,07/14/2025,17:00,11.70833,127.704,129.745
791,07/14/2025,17:20,11.72222,128.2,129.75
792,07/14/2025,17:40,11.73611,129.056,129.747
793,07/14/2025,18:00,11.75,128.176,129.791
794,07/14/2025,18:20,11.76389,128.732,129.808
795,07/14/2025,18:40,11.77778,128.507,129.844
796,07/14/2025,19:00,11.79167,129.29,129.856
797,07/14/2025,19:20,11.80556,129.731,129.859
798,07/14/2025,19:40,11.81944,130.063,129.887
799,07/14/2025,20:00,11.83333,130.524,129.927
800,07/14/2025,20:20,11.84722,130.604,129.965
801,07/14/2025,20:40,11.86111,130.82,129.992
802,07/14/2025,21:00,11.875,131.013,130.01
803,07/14/2025,21:20,11.88889,132.166,130.028
804,07/14/2025,21:40,11.90278,130.818,130.102
805,07/14/2025,22:00,11.91667,131.685,130.128
806,07/14/2025,22:20,11.93056,132.662,130.169
807,07/14/2025,22:40,11.94444,133.256,130.19
808,07/14/2025,23:00,11.95833,133.497,130.223
809,07/14/2025,23:20,11.97222,132.855,130.25
810,07/14/2025,23:40,11.98611,133.368,130.282
811,07/15/2025,0:00,12,133.329,130.312
812,07/15/2025,0:20,12.01389,132.746,130.354
813,07/15/2025,0:40,12.02778,132.181,130.382
814,07/15/2025,1:00,12.04167,132.416,130.391
815,07/15/2025,1:20,12.05556,133.058,130.387
816,07/15/2025,1:40,12.06944,133.369,130.37
817,07/15/2025,2:00,12.08333,133.378,130.356
818,07/15/2025,2:20,12.09722,133.571,130.362
819,07/15/2025,2:40,12.11111,133.794,130.359
820,07/15/2025,3:00,12.125,133.678,130.392
821,07/15/2025,3:20,12.13889,133.086,130.412
822,07/15/2025,3:40,12.15278,133.179,130.438
823,07/15/2025,4:00,12.16667,133.301,130.459
824,07/15/2025,4:20,12.18056,132.533,130.49
825,07/15/2025,4:40,12.19444,132.03,130.534
826,07/15/2025,5:00,12.20833,132.218,130.539
827,07/15/2025,5:20,12.22222,132.589,130.548
828,07/15/2025,5:40,12.23611,132.086,130.537
829,07/15/2025,6:00,12.25,131.633,130.546
830,07/15/2025,6:20,12.26389,131.425,130.547
831,07/15/2025,6:40,12.27778,131.378,130.554
832,07/15/2025,7:00,12.29167,130.732,130.566
833,07/15/2025,7:20,12.30556,131.591,130.54
834,07/15/2025,7:40,12.31944,131.395,130.526
835,07/15/2025,8:00,12.33333,131.465,130.516
836,07/15/2025,8:20,12.34722,130.299,130.52
837,07/15/2025,8:40,12.36111,129.577,130.515
838,07/15/2025,9:00,12.375,129.877,130.492
839,07/15/2025,9:20,12.38889,130.198,130.465
840,07/15/2025,9:40,12.40278,129.058,130.475
841,07/15/2025,10:00,12.41667,129.812,130.45
842,07/15/2025,10:20,12.43056,128.47,130.442
843,07/15/2025,10:40,12.44444,128.769,130.407
844,07/15/2025,11:00,12.45833,128.207,130.378
845,07/15/2025,11:20,12.47222,129.326,130.329
846,07/15/2025,11:40,12.48611,128.698,130.307
847,07/15/2025,12:00,12.5,128.347,130.28
848,07/15/2025,12:20,12.51389,127.828,130.272
849,07/15/2025,12:40,12.52778,127.219,130.265
850,07/15/2025,13:00,12.54167,127.272,130.245
851,07/15/2025,13:20,12.55556,126.546,130.226
852,07/15/2025,13:40,12.56944,127.407,130.177
853,07/15/2025,14:00,12.58333,127.499,130.14
854,07/15/2025,14:20,12.59722,127.785,130.106
855,07/15/2025,14:40,12.61111,128.305,130.065
856,07/15/2025,15:00,12.625,127.657,130.03
857,07/15/2025,15:20,12.63889,128.712,129.98
858,07/15/2025,15:40,12.65278,128.915,129.945
859,07/15/2025,16:00,12.66667,129.186,129.914
860,07/15/2025,16:20,12.68056,129.558,129.883
861,07/15/2025,16:40,12.69444,128.273,129.874
862,07/15/2025,17:00,12.70833,129.158,129.839
863,07/15/2025,17:20,12.72222,127.767,129.826
864,07/15/2025,17:40,12.73611,128.361,129.773
865,07/15/2025,18:00,12.75,128.605,129.745
866,07/15/2025,18:20,12.76389,128.941,129.726
867,07/15/2025,18:40,12.77778,129.466,129.714
868,07/15/2025,19:00,12.79167,128.77,129.723
869,07/15/2025,19:20,12.80556,128.887,129.686
870,07/15/2025,19:40,12.81944,129.903,129.646
871,07/15/2025,20:00,12.83333,129.761,129.604
872,07/15/2025,20:20,12.84722,129.715,129.579
873,07/15/2025,20:40,12.86111,129.736,129.557
874,07/15/2025,21:00,12.875,130.544,129.509
875,07/15/2025,21:20,12.88889,130.38,129.474
876,07/15/2025,21:40,12.90278,130.751,129.439
877,07/15/2025,22:00,12.91667,130.76,129.391
878,07/15/2025,22:20,12.93056,131.063,129.354
879,07/15/2025,22:40,12.94444,130.951,129.316
880,07/15/2025,23:00,12.95833,130.535,129.29
881,07/15/2025,23:20,12.97222,131.157,129.231
882,07/15/2025,23:40,12.98611,131.084,129.198
883,07/16/2025,0:00,13,131.71,129.16
884,07/16/2025,0:20,13.01389,131.077,129.136
885,07/16/2025,0:40,13.02778,131.035,129.14
886,07/16/2025,1:00,13.04167,131.033,129.12
887,07/16/2025,1:20,13.05556,130.775,129.106
888,07/16/2025,1:40,13.06944,130.884,129.053
889,07/16/2025,2:00,13.08333,131.511,128.994
890,07/16/2025,2:20,13.09722,131.441,128.938
891,07/16/2025,2:40,13.11111,130.552,128.879
892,07/16/2025,3:00,13.125,130.649,128.797
893,07/16/2025,3:20,13.13889,130.963,128.695
894,07/16/2025,3:40,13.15278,131.341,128.575
895,07/16/2025,4:00,13.16667,130.731,128.453
896,07/16/2025,4:20,13.18056,130.124,128.312
897,07/16/2025,4:40,13.19444,130.71,128.172
898,07/16/2025,5:00,13.20833,130.245,128.024
899,07/16/2025,5:20,13.22222,129.006,127.93
900,07/16/2025,5:40,13.23611,129.887,127.778
901,07/16/2025,6:00,13.25,130.434,127.642
902,07/16/2025,6:20,13.26389,131.095,127.473
903,07/16/2025,6:40,13.27778,130.624,127.309
904,07/16/2025,7:00,13.29167,129.15,127.167
905,07/16/2025,7:20,13.30556,129.59,126.997
906,07/16/2025,7:40,13.31944,128.404,126.84
907,07/16/2025,8:00,13.33333,128.503,126.671
908,07/16/2025,8:20,13.34722,128.07,126.508
909,07/16/2025,8:40,13.36111,127.307,126.345
910,07/16/2025,9:00,13.375,127.554,126.157
911,07/16/2025,9:20,13.38889,126.995,125.994
912,07/16/2025,9:40,13.40278,126.487,125.839
913,07/16/2025,10:00,13.41667,126.133,125.683
914,07/16/2025,10:20,13.43056,126.019,125.509
915,07/16/2025,10:40,13.44444,125.972,125.33
916,07/16/2025,11:00,13.45833,125.805,125.155
917,07/16/2025,11:20,13.47222,126.319,124.972
918,07/16/2025,11:40,13.48611,126.346,124.794
919,07/16/2025,12:00,13.5,125.517,124.616
920,07/16/2025,12:20,13.51389,127.398,124.415
921,07/16/2025,12:40,13.52778,125.897,124.262
922,07/16/2025,13:00,13.54167,125.282,124.097
923,07/16/2025,13:20,13.55556,123.852,123.946
924,07/16/2025,13:40,13.56944,123.969,123.773
925,07/16/2025,14:00,13.58333,123.788,123.594
926,07/16/2025,14:20,13.59722,123.285,123.421
927,07/16/2025,14:40,13.61111,122.053,123.272
928,07/16/2025,15:00,13.625,121.843,123.106
929,07/16/2025,15:20,13.63889,120.922,122.946
930,07/16/2025,15:40,13.65278,119.999,122.781
931,07/16/2025,16:00,13.66667,119.111,122.623
932,07/16/2025,16:20,13.68056,119.068,122.463
933,07/16/2025,16:40,13.69444,118.341,122.304
934,07/16/2025,17:00,13.70833,119.9,122.118
935,07/16/2025,17:20,13.72222,118.668,121.991
936,07/16/2025,17:40,13.73611,119.59,121.82
937,07/16/2025,18:00,13.75,117.757,121.68
938,07/16/2025,18:20,13.76389,117.535,121.508
939,07/16/2025,18:40,13.77778,117.376,121.342
940,07/16/2025,19:00,13.79167,117.41,121.195
941,07/16/2025,19:20,13.80556,117.701,121.037
942,07/16/2025,19:40,13.81944,118.073,120.895
943,07/16/2025,20:00,13.83333,117.849,120.76
944,07/16/2025,20:20,13.84722,117.541,120.633
945,07/16/2025,20:40,13.86111,117.663,120.51
946,07/16/2025,21:00,13.875,118.426,120.375
947,07/16/2025,21:20,13.88889,119.392,120.244
948,07/16/2025,21:40,13.90278,119.499,120.133
949,07/16/2025,22:00,13.91667,118.718,120.04
950,07/16/2025,22:20,13.93056,118.363,119.943
951,07/16/2025,22:40,13.94444,118.147,119.844
952,07/16/2025,23:00,13.95833,118.879,119.734
953,07/16/2025,23:20,13.97222,118.607,119.631
954,07/16/2025,23:40,13.98611,118.474,119.526
955,07/17/2025,0:00,14,118.84,119.425
