recording_uid,recording_id,animal_id,sex,tissue,batch,sample_code,scn_region,level,method,forskolin_time_days,sampling_interval_minutes,event_exclusion_hours,edge_exclusion_hours,n_pre_estimates,n_post_estimates,period_boundary_fraction_stable,pre_period_hours,post_period_hours,period_change_hours_post_minus_pre,phase_shift_angle_radians,phase_shift_hours
250625 to 250728::1B-L1m2_Raw.csv,1B-L1m2,20250703_m2,F,DRG,250625 to 250728,L1m2,,L1,CWT_pyBOAT,7.715275,20.00159999999994,32.0,32.0,314,261,0.10260869565217391,24.39635239132719,24.424640685947146,0.028288294619954968,3.1295106574196154,12.165353971491838
250625 to 250728::1C-SCN_Raw.csv,1C-SCN,20250626_M1,M,SCN,250625 to 250728,SCN,whole_or_unspecified,,CWT_pyBOAT,7.720135,20.00159999999994,32.0,32.0,318,261,0.0,24.788944723618012,25.814456899883957,1.025512176265945,0.177239473943132,0.7281880984530247
250625 to 250728::1D-L2m2_Raw.csv,1D-L2m2,20250703_m2,F,DRG,250625 to 250728,L2m2,,L2,CWT_pyBOAT,7.716665,20.00159999999994,32.0,32.0,315,261,0.0,24.617985030045258,24.993850370734712,0.37586534068945454,1.9869640733546134,7.903934121551975
250625 to 250728::2C-L3m2_Raw.csv,2C-L3m2,20250703_m2,F,DRG,250625 to 250728,L3m2,,L3,CWT_pyBOAT,7.722225,20.00159999999994,32.0,32.0,315,260,0.08695652173913043,26.130793829286212,24.54271356783912,-1.588080261447093,-2.815229092757349,-10.996549977992933
250625 to 250728::2D-L4m2_Raw.csv,2D-L4m2,20250703_m2,F,DRG,250625 to 250728,L4m2,,L4,CWT_pyBOAT,7.71875,20.00159999999994,32.0,32.0,315,261,0.14930555555555555,25.394806198826224,24.61306532663309,-0.7817408721931329,2.522102862096375,9.879810871459323
250625 to 250728::3A-L5m2_Raw.csv,3A-L5m2,20250703_m2,F,DRG,250625 to 250728,L5m2,,L5,CWT_pyBOAT,7.725695,20.00159999999994,32.0,32.0,315,260,0.0,23.98432723055831,23.95308711389106,-0.031240116667252238,0.9701514445976613,3.698461994995056
250625 to 250728::3B-T10m2_Raw.csv,3B-T10m2,20250703_m2,F,DRG,250625 to 250728,T10m2,,T10,CWT_pyBOAT,7.71875,20.00159999999994,32.0,32.0,315,261,0.13368055555555555,25.217204905647037,23.839195979899422,-1.378008925747615,2.648290652093074,10.047948099643396
250625 to 250728::4B-T12m2_Raw.csv,4B-T12m2,20250703_m2,F,DRG,250625 to 250728,T12m2,,T12,CWT_pyBOAT,7.720135,20.00159999999994,32.0,32.0,315,261,0.18229166666666666,24.3965983764978,24.501388059176925,0.10478968267912592,2.8730546708282603,11.203525594694359
250625 to 250728::4C-T5m1_Raw.csv,4C-T5m1,20250703_m1,F,DRG,250625 to 250728,T5m1,,T5,CWT_pyBOAT,7.725695,20.00159999999994,32.0,32.0,315,260,0.11304347826086956,26.888920125100945,25.316582914572784,-1.5723372105281612,-3.057413678421625,-12.31911253762704
250625 to 250728::4D-T7m1_Raw.csv,4D-T7m1,20250703_m1,F,DRG,250625 to 250728,T7m1,,T7,CWT_pyBOAT,7.722225,20.00159999999994,32.0,32.0,315,260,0.059130434782608696,25.25705450328558,24.296482412060225,-0.9605720912253553,2.278079681865705,8.809118340099891
250625 to 250728::5A-T10m1_Raw.csv,5A-T10m1,20250703_m1,F,DRG,250625 to 250728,T10m1,,T10,CWT_pyBOAT,7.715275,20.00159999999994,32.0,32.0,314,261,0.02434782608695652,23.276381909547666,24.567312084899946,1.2909301753522797,-2.3706389009803317,-9.269219810282989
250625 to 250728::5B-T12m2_Raw.csv,5B-T12m2,20250703_m2,F,DRG,250625 to 250728,T12m2,,T12,CWT_pyBOAT,7.722225,20.00159999999994,32.0,32.0,315,260,0.0,23.967600238956948,23.630846540394206,-0.33675369856274173,0.3562208945673788,1.3397346859060377
250625 to 250728::5C-T12_Raw.csv,5C-T12,20250626_M1,M,DRG,250625 to 250728,T12,,T12,CWT_pyBOAT,7.727085,20.00159999999994,32.0,32.0,319,260,0.0,26.623256140843996,25.310433285307575,-1.312822855536421,-1.696486560033712,-6.833923845615292
250625 to 250728::5D-T10_Raw.csv,5D-T10,20250626_M1,M,DRG,250625 to 250728,T10,,T10,CWT_pyBOAT,7.723615,20.00159999999994,32.0,32.0,318,260,0.0,24.841585550128183,25.175879396984847,0.33429384685666363,-2.656047159251969,-10.642424134399407
250625 to 250728::6A-T7_Raw.csv,6A-T7,20250626_M1,M,DRG,250625 to 250728,T7,,T7,CWT_pyBOAT,7.730555,20.00159999999994,32.0,32.0,319,260,0.0,24.032048353656318,25.246231155778815,1.2141828021224974,1.3008219050094354,5.226783693430562
250625 to 250728::6B-T5_Raw.csv,6B-T5,20250626_M1,M,DRG,250625 to 250728,T5,,T5,CWT_pyBOAT,7.723615,20.00159999999994,32.0,32.0,318,260,0.0,24.044101627016122,25.029764205643524,0.9856625786274016,1.4308120363538777,5.69979813449271
250625 to 250728::6C-SCNmm1_Raw.csv,6C-SCNmm1,20250703_m1,F,SCN,250625 to 250728,SCNmm1,medial,,CWT_pyBOAT,7.715275,20.00159999999994,32.0,32.0,314,261,0.0,24.324770706680177,24.513687317707344,0.1889166110271674,-0.6520007970580579,-2.5437644902361893
250625 to 250728::7A-SCNmm2_Raw.csv,7A-SCNmm2,20250703_m2,F,SCN,250625 to 250728,SCNmm2,medial,,CWT_pyBOAT,7.71875,20.00159999999994,32.0,32.0,315,261,0.0,24.614049267315522,27.174754893347774,2.5607056260322523,1.156860657094299,5.003418372266109
250625 to 250728::7B-SCNcm2_Raw.csv,7B-SCNcm2,20250703_m2,F,SCN,250625 to 250728,SCNcm2,caudal,,CWT_pyBOAT,7.725695,20.00159999999994,32.0,32.0,315,260,0.0,24.894472361808965,25.809537196471787,0.9150648346628216,-0.821532112758355,-3.3746201306691437
250625 to 250728::7C-L1_Raw.csv,7C-L1,20250626_M1,M,DRG,250625 to 250728,L1,,L1,CWT_pyBOAT,7.730555,20.00159999999994,32.0,32.0,319,260,0.12607944732297063,24.219981024001047,24.466212179779944,0.2462311557788972,2.0640423070532776,8.037212745373614
250625 to 250728::7D-L2_Raw.csv,7D-L2,20250626_M1,M,DRG,250625 to 250728,L2,,L2,CWT_pyBOAT,7.727085,20.00159999999994,32.0,32.0,319,260,0.0,24.737533822960884,25.281407035175796,0.5438732122149119,-2.7661581523398198,-11.130082395160844
250625 to 250728::8A-L3_Raw.csv,8A-L3,20250626_M1,M,DRG,250625 to 250728,L3,,L3,CWT_pyBOAT,7.720135,20.00159999999994,32.0,32.0,318,261,0.0,23.55237727097016,23.751625259162875,0.19924798819271317,0.22616517849780138,0.8549470218892469
250625 to 250728::8B-L2m1_Raw.csv,8B-L2m1,20250703_m1,F,DRG,250625 to 250728,L2m1,,L2,CWT_pyBOAT,7.727085,20.00159999999994,32.0,32.0,315,260,0.21739130434782608,25.270829672839643,25.542397301191194,0.27156762835155135,-1.8134318666070826,-7.371961027886799
250625 to 250728::8C-L3m1_Raw.csv,8C-L3m1,20250703_m1,F,DRG,250625 to 250728,L3m1,,L3,CWT_pyBOAT,7.71875,20.00159999999994,32.0,32.0,315,261,0.0,23.786063183048036,23.781143479635872,-0.004919703412163301,0.4634086659634775,1.7539492210092038
250625 to 250728::8D-L4-1m1_Raw.csv,8D-L4-1m1,20250703_m1,F,DRG,250625 to 250728,L4-1m1,,L4,CWT_pyBOAT,7.715275,20.00159999999994,32.0,32.0,314,261,0.11652173913043479,24.817724988579183,25.534525775731726,0.7168007871525433,0.6907597285411597,2.8072102334968676
250728::6A-SCNrM1_Raw.csv,6A-SCNrM1,20250728_M1,F,SCN,250728,SCNrM1,rostral,,CWT_pyBOAT,7.716665,20.00159999999994,32.0,32.0,317,261,0.0,25.035175879396906,25.598973890431097,0.5637980110341907,-0.3488547840348133,-1.4213052888723148
250728::6B-SCNrM2_Raw.csv,6B-SCNrM2,20250728_M2,F,SCN,250728,SCNrM2,rostral,,CWT_pyBOAT,7.723615,20.00159999999994,32.0,32.0,317,260,0.0,24.853146853146775,24.610359489756398,-0.2427873633903772,-0.9541775580817813,-3.737380257529204
250728::7A-SCNcM1_Raw.csv,7A-SCNcM1,20250728_M1,F,SCN,250728,SCNcM1,caudal,,CWT_pyBOAT,7.71875,20.00159999999994,32.0,32.0,317,261,0.0,24.753768844221028,24.963840179920503,0.21007133569947456,-0.7542399125673072,-2.996684597720286
250728::7B-SCNcM2_Raw.csv,7B-SCNcM2,20250728_M2,F,SCN,250728,SCNcM2,caudal,,CWT_pyBOAT,7.725695,20.00159999999994,32.0,32.0,317,260,0.0,24.963840179920503,25.33650771339206,0.37266753347155657,-0.7007859411887978,-2.825870563466926
250811::1A-1FSCN_Raw.csv,1A-1FSCN,20250811_1F,F,SCN,250811,1FSCN,whole_or_unspecified,,CWT_pyBOAT,7.680555,20.00159999999994,32.0,32.0,310,171,0.0,25.190638507221344,24.887584777031936,-0.30305373018940784,0.9353727255037327,3.7049946589188196
250811::1B-2MSCN_Raw.csv,1B-2MSCN,20250811_2M,M,SCN,250811,2MSCN,whole_or_unspecified,,CWT_pyBOAT,7.6875,20.00159999999994,32.0,32.0,311,171,0.0,24.971711705379967,25.100115964437496,0.12840425905752895,0.28035915747481255,1.1199808728016964
250811::1C-3FSCN_Raw.csv,1C-3FSCN,20250811_3F,F,SCN,250811,3FSCN,whole_or_unspecified,,CWT_pyBOAT,7.692365,20.00159999999994,32.0,32.0,311,171,0.0,24.29033278279502,25.738693467336603,1.4483606845415835,-0.19858983929483287,-0.8135114196770012
250811::1D-4FSCN_Raw.csv,1D-4FSCN,20250811_4F,F,SCN,250811,4FSCN,whole_or_unspecified,,CWT_pyBOAT,7.688885,20.00159999999994,32.0,32.0,311,171,0.0,24.337069965210596,25.198510032680808,0.8614400674702125,-0.6324457055336623,-2.536402903445416
250811::2C-2ML1_Raw.csv,2C-2ML1,20250811_2M,M,DRG,250811,2ML1,,L1,CWT_pyBOAT,7.680555,20.00159999999994,32.0,32.0,310,171,0.24740124740124741,24.923252626770136,26.611940822996015,1.688688196225879,2.870273778877859,12.156820500266607
250811::2D-1FL2_Raw.csv,2D-1FL2,20250811_1F,F,DRG,250811,1FL2,,L2,CWT_pyBOAT,7.690975,20.00159999999994,32.0,32.0,311,171,0.06639004149377593,25.25410268123828,25.246231155778815,-0.007871525459464124,-2.571744484355243,-10.333430028148605
250811::3A-1FL4_Raw.csv,3A-1FL4,20250811_1F,F,DRG,250811,1FL4,,L4,CWT_pyBOAT,7.684025,20.00159999999994,32.0,32.0,311,171,0.42323651452282157,28.865164985767912,26.512562814070264,-2.3526021716976473,-0.17868802370645653,-0.7539929543739778
250811::3D-1FT10_Raw.csv,3D-1FT10,20250811_1F,F,DRG,250811,1FT10,,T10,CWT_pyBOAT,7.692365,20.00159999999994,32.0,32.0,311,171,0.17634854771784234,26.400885546614106,26.54158906420205,0.1407035175879443,-3.098140283518404,-13.087241939917789
250811::4A-2MT10_Raw.csv,4A-2MT10,20250811_2M,M,DRG,250811,2MT10,,T10,CWT_pyBOAT,7.685415,20.00159999999994,32.0,32.0,311,171,0.0,26.53568542010745,24.232280282531462,-2.303405137575986,-2.007763538138562,-7.743315916789351
250811::4C-2MT5_Raw.csv,4C-2MT5,20250811_2M,M,DRG,250811,2MT5,,T5,CWT_pyBOAT,7.684025,20.00159999999994,32.0,32.0,311,171,0.2157676348547718,26.76494359911437,26.284288575745784,-0.48065502336858756,2.7946781473965103,11.690905696918508
250811::4D-1FL4_Raw.csv,4D-1FL4,20250811_1F,F,DRG,250811,1FL4,,L4,CWT_pyBOAT,7.680555,20.00159999999994,32.0,32.0,310,171,0.18295218295218296,24.4590786098323,25.10552763819088,0.6464490283585782,2.3117851065418122,9.237127674640561
250811::5A-2ML2_Raw.csv,5A-2ML2,20250811_2M,M,DRG,250811,2ML2,,L2,CWT_pyBOAT,7.6875,20.00159999999994,32.0,32.0,311,171,0.2053941908713693,23.705380047088518,25.380047088589727,1.674667041501209,2.7295913548044552,11.025801998611088
250811::5C-1FT7_Raw.csv,5C-1FT7,20250811_1F,F,DRG,250811,1FT7,,T7,CWT_pyBOAT,7.685415,20.00159999999994,32.0,32.0,311,171,0.13692946058091288,27.6982113364022,25.884808658677926,-1.813402677724273,-2.5727964703468444,-10.599137395574278
250811::6A-1FL1_Raw.csv,6A-1FL1,20250811_1F,F,DRG,250811,1FL1,,L1,CWT_pyBOAT,7.688885,20.00159999999994,32.0,32.0,311,171,0.22614107883817428,25.12815827388684,24.186035070457102,-0.9421232034297375,1.8314332619129772,7.049785568350876
250811::6B-2ML3_Raw.csv,6B-2ML3,20250811_2M,M,DRG,250811,2ML3,,L3,CWT_pyBOAT,7.681945,20.00159999999994,32.0,32.0,310,171,0.14345114345114346,24.762870295533535,26.16080402010042,1.3979337245668866,-3.1004740532530377,-12.909199730887519
250811::7C-1FT12_Raw.csv,7C-1FT12,20250811_1F,F,DRG,250811,1FT12,,T12,CWT_pyBOAT,7.688885,20.00159999999994,32.0,32.0,311,171,0.14107883817427386,24.17275187124426,24.63028428857567,0.4575324173314108,2.218568462088932,8.696858243617081
250811::7D-2MT12_Raw.csv,7D-2MT12,20250811_2M,M,DRG,250811,2MT12,,T12,CWT_pyBOAT,7.685415,20.00159999999994,32.0,32.0,311,171,0.17634854771784234,24.68341708542706,25.738693467336603,1.0552763819095432,2.4485400687583834,10.030298199266849
250811::8A-1FT5_Raw.csv,8A-1FT5,20250811_1F,F,DRG,250811,1FT5,,T5,CWT_pyBOAT,7.692365,20.00159999999994,32.0,32.0,311,171,0.0,26.049126752644263,25.668341708542634,-0.3807850441016285,-2.2312555531132503,-9.115222164616199
250811::8C-2ML4_Raw.csv,8C-2ML4,20250811_2M,M,DRG,250811,2ML4,,L4,CWT_pyBOAT,7.690975,20.00159999999994,32.0,32.0,311,171,0.15975103734439833,24.179147485680076,24.965808061285372,0.7866605756052962,2.401973834299689,9.544079122866735
250811::8D-2MT7_Raw.csv,8D-2MT7,20250811_2M,M,DRG,250811,2MT7,,T7,CWT_pyBOAT,7.6875,20.00159999999994,32.0,32.0,311,171,0.024896265560165973,25.80904522613057,26.224268194117357,0.4152229679867858,-1.570888547537841,-6.556451952264913
251003::2A- M1SCn_Raw.csv,2A- M1SCn,20251003_M1,M,SCN,251003,M1SCn,whole_or_unspecified,,CWT_pyBOAT,7.709725,20.00159999999994,32.0,32.0,313,261,0.0,24.63028428857567,23.936114137119088,-0.6941701514565821,-2.270424445241936,-8.649297450915205
251003::2B- 1MT7_Raw.csv,2B- 1MT7,20251003_M1,M,DRG,251003,1MT7,,T7,CWT_pyBOAT,7.716665,20.00159999999994,32.0,32.0,313,261,0.0,24.072881891977293,24.395122465474152,0.32224057349685964,0.09147803885552719,0.3551730295511089
251003::2C- M1L1_Raw.csv,2C- M1L1,20251003_M1,M,DRG,251003,M1L1,,L1,CWT_pyBOAT,7.722225,20.00159999999994,32.0,32.0,314,260,0.13066202090592335,24.718592964824047,26.841199002002938,2.1226060371788904,2.5582996032850716,10.92882437830623
251003::2D- M1L4_Raw.csv,2D- M1L4,20251003_M1,M,DRG,251003,M1L4,,L4,CWT_pyBOAT,7.71875,20.00159999999994,32.0,32.0,314,261,0.0,23.402818287240322,23.698492462311485,0.2956741750711629,-1.1232306426967327,-4.2365252046552415
251003::4A- M2SCN_Raw.csv,4A- M2SCN,20251003_M2,M,SCN,251003,M2SCN,whole_or_unspecified,,CWT_pyBOAT,7.713195,20.00159999999994,32.0,32.0,313,261,0.4372822299651568,31.9999999999999,21.296201286150968,-10.703798713848933,0.07081073675466598,0.24000560693711742
251003::4B-M3SCN_Raw.csv,4B-M3SCN,20251003_M3,M,SCN,251003,M3SCN,whole_or_unspecified,,CWT_pyBOAT,7.720135,20.00159999999994,32.0,32.0,314,261,0.0,24.941701514565757,24.26130653266324,-0.6803949819025163,-0.7207871256138603,-2.78318027312246
