recording_uid,recording_id,animal_id,sex,tissue,batch,sample_code,scn_region,level,method,forskolin_time_days,sampling_interval_minutes,event_exclusion_hours,n_pre_estimates,n_post_estimates,period_boundary_fraction_stable,pre_amplitude_counts,post_amplitude_counts,amplitude_ratio_post_over_pre,amplitude_log_ratio_post_over_pre,pre_envelope_log_rate_per_day,post_envelope_log_rate_per_day,envelope_log_rate_change_post_minus_pre_per_day,amplitude_correction_factor
250625 to 250728::1B-L1m2_Raw.csv,1B-L1m2,20250703_m2,F,DRG,250625 to 250728,L1m2,,L1,STFT,7.715275,20.00159999999994,30.0,19,15,0.029411764705882353,1.9946501176137583,5.013216221597288,2.513331123753525,0.9216090142082088,-0.3389535047845838,-0.3836781427392469,-0.04472463795466308,1.018727798664016
250625 to 250728::1C-SCN_Raw.csv,1C-SCN,20250626_M1,M,SCN,250625 to 250728,SCN,whole_or_unspecified,,STFT,7.720135,20.00159999999994,30.0,19,15,0.029411764705882353,12.907307772857232,4.663528493528032,0.36130915723067847,-1.0180212959222752,-0.26856770222118237,-0.39164062833532265,-0.12307292611414028,1.018727798664016
250625 to 250728::1D-L2m2_Raw.csv,1D-L2m2,20250703_m2,F,DRG,250625 to 250728,L2m2,,L2,STFT,7.716665,20.00159999999994,30.0,19,15,0.17647058823529413,0.7330501730257644,1.35058938688121,1.8424242113012108,0.611082210613206,-0.2701505039125526,-0.35750678597543706,-0.08735628206288448,1.018727798664016
250625 to 250728::2C-L3m2_Raw.csv,2C-L3m2,20250703_m2,F,DRG,250625 to 250728,L3m2,,L3,STFT,7.722225,20.00159999999994,30.0,19,15,0.14705882352941177,3.2282209762631764,13.26542036352488,4.109204562223077,1.4132294726054073,-0.19021805972780134,-0.4655894655335009,-0.2753714058056995,1.018727798664016
250625 to 250728::2D-L4m2_Raw.csv,2D-L4m2,20250703_m2,F,DRG,250625 to 250728,L4m2,,L4,STFT,7.71875,20.00159999999994,30.0,19,15,0.08823529411764706,2.5846183387602806,8.140409895561257,3.1495597525883947,1.1472626819870022,-0.05926711290659474,-0.1425669669576607,-0.08329985405106595,1.018727798664016
250625 to 250728::3A-L5m2_Raw.csv,3A-L5m2,20250703_m2,F,DRG,250625 to 250728,L5m2,,L5,STFT,7.725695,20.00159999999994,30.0,19,15,0.0,1.8953855782870959,1.933286631586119,1.019996487117558,0.019799183287854977,-0.20902167233477542,-0.4490718185866761,-0.2400501462519007,1.018727798664016
250625 to 250728::3B-T10m2_Raw.csv,3B-T10m2,20250703_m2,F,DRG,250625 to 250728,T10m2,,T10,STFT,7.71875,20.00159999999994,30.0,19,15,0.11764705882352941,6.69954590763852,19.49875850419211,2.9104597196595825,1.0683110479704525,-0.23315321591280622,-0.4368660959966774,-0.2037128800838712,1.018727798664016
250625 to 250728::4B-T12m2_Raw.csv,4B-T12m2,20250703_m2,F,DRG,250625 to 250728,T12m2,,T12,STFT,7.720135,20.00159999999994,30.0,19,15,0.08823529411764706,3.654660673671993,20.18849183119886,5.524040022822317,1.709109480781899,0.164130605844982,-0.3279626752841731,-0.4920932811291551,1.018727798664016
250625 to 250728::4C-T5m1_Raw.csv,4C-T5m1,20250703_m1,F,DRG,250625 to 250728,T5m1,,T5,STFT,7.725695,20.00159999999994,30.0,19,15,0.17647058823529413,1.1984778579721098,5.034885217781494,4.201066531425783,1.4353384291067781,-0.44062679701333257,-0.32591656903337846,0.11471022797995412,1.018727798664016
250625 to 250728::4D-T7m1_Raw.csv,4D-T7m1,20250703_m1,F,DRG,250625 to 250728,T7m1,,T7,STFT,7.722225,20.00159999999994,30.0,19,15,0.17647058823529413,2.144154736744278,2.3998955345802044,1.1192734803385729,0.11267979655509473,-0.34569783338023885,-0.37675716124033015,-0.0310593278600913,1.018727798664016
250625 to 250728::5A-T10m1_Raw.csv,5A-T10m1,20250703_m1,F,DRG,250625 to 250728,T10m1,,T10,STFT,7.715275,20.00159999999994,30.0,19,15,0.3235294117647059,0.7083395535011592,0.4759504296855705,0.6719241179361751,-0.3976098645727357,-0.3591016856781634,-0.5363083741970229,-0.1772066885188595,1.018727798664016
250625 to 250728::5B-T12m2_Raw.csv,5B-T12m2,20250703_m2,F,DRG,250625 to 250728,T12m2,,T12,STFT,7.722225,20.00159999999994,30.0,19,15,0.029411764705882353,1.9039006160215302,2.157558428044094,1.1332305950678336,0.12507248743418353,-0.16106469292761091,-0.7154352892612655,-0.5543705963336546,1.018727798664016
250625 to 250728::5C-T12_Raw.csv,5C-T12,20250626_M1,M,DRG,250625 to 250728,T12,,T12,STFT,7.727085,20.00159999999994,30.0,19,15,0.2647058823529412,2.627048633130499,10.922642702352219,4.157761894699433,1.424976923414103,-0.3894323974691649,-0.3249423566043292,0.06449004086483573,1.018727798664016
250625 to 250728::5D-T10_Raw.csv,5D-T10,20250626_M1,M,DRG,250625 to 250728,T10,,T10,STFT,7.723615,20.00159999999994,30.0,19,15,0.058823529411764705,2.8972795047568143,6.0562234781973725,2.090313850718972,0.7373142225107835,-0.4624266274129234,-0.5425086453940482,-0.0800820179811248,1.018727798664016
250625 to 250728::6A-T7_Raw.csv,6A-T7,20250626_M1,M,DRG,250625 to 250728,T7,,T7,STFT,7.730555,20.00159999999994,30.0,19,15,0.08823529411764706,1.08335850838072,1.3634807059320277,1.2585683274597643,0.2299748268963624,-0.44419852667023185,-0.3466500116072186,0.09754851506301326,1.018727798664016
250625 to 250728::6B-T5_Raw.csv,6B-T5,20250626_M1,M,DRG,250625 to 250728,T5,,T5,STFT,7.723615,20.00159999999994,30.0,19,15,0.08823529411764706,1.1815937941443433,3.4601452136664403,2.928371180361624,1.0744463573137115,-0.31660700041543,-0.4841395444565691,-0.1675325440411391,1.018727798664016
250625 to 250728::6C-SCNmm1_Raw.csv,6C-SCNmm1,20250703_m1,F,SCN,250625 to 250728,SCNmm1,medial,,STFT,7.715275,20.00159999999994,30.0,19,15,0.058823529411764705,17.55889600892925,6.387710251693571,0.36378769191669114,-1.0111848454751275,-0.24910887163121684,-0.5163865778281272,-0.2672777061969104,1.018727798664016
250625 to 250728::7A-SCNmm2_Raw.csv,7A-SCNmm2,20250703_m2,F,SCN,250625 to 250728,SCNmm2,medial,,STFT,7.71875,20.00159999999994,30.0,19,15,0.08823529411764706,5.088086129641692,1.4205973906212956,0.27920073568434967,-1.2758242731247922,-0.3327295567627984,-0.666336577470734,-0.33360702070793563,1.018727798664016
250625 to 250728::7B-SCNcm2_Raw.csv,7B-SCNcm2,20250703_m2,F,SCN,250625 to 250728,SCNcm2,caudal,,STFT,7.725695,20.00159999999994,30.0,19,15,0.058823529411764705,11.436733187498826,2.3319790806073573,0.20390255174933858,-1.5901130867701851,-0.3322257462551137,-0.4529597475079205,-0.12073400125280681,1.018727798664016
250625 to 250728::7C-L1_Raw.csv,7C-L1,20250626_M1,M,DRG,250625 to 250728,L1,,L1,STFT,7.730555,20.00159999999994,30.0,19,15,0.08823529411764706,0.9724942766534933,2.559483690995679,2.631875325583681,0.9676966436419291,-0.3675990654350405,-0.36632318889490884,0.0012758765401316707,1.018727798664016
250625 to 250728::7D-L2_Raw.csv,7D-L2,20250626_M1,M,DRG,250625 to 250728,L2,,L2,STFT,7.727085,20.00159999999994,30.0,19,15,0.20588235294117646,2.5475562118463233,9.0413679777671,3.5490357134119654,1.266675936564409,-0.36834036131409037,-0.2994234870549079,0.06891687425918247,1.018727798664016
250625 to 250728::8A-L3_Raw.csv,8A-L3,20250626_M1,M,DRG,250625 to 250728,L3,,L3,STFT,7.720135,20.00159999999994,30.0,19,15,0.08823529411764706,3.1554196236155554,4.696821877052701,1.4884935879529613,0.39776459374050666,-0.3993371957057122,-0.16244902705984587,0.23688816864586631,1.018727798664016
250625 to 250728::8B-L2m1_Raw.csv,8B-L2m1,20250703_m1,F,DRG,250625 to 250728,L2m1,,L2,STFT,7.727085,20.00159999999994,30.0,19,15,0.17647058823529413,1.5898904336689395,5.764956544434756,3.6260086999398755,1.2881325116513132,-0.09756583817768652,-0.6077728524234902,-0.5102070142458037,1.018727798664016
250625 to 250728::8C-L3m1_Raw.csv,8C-L3m1,20250703_m1,F,DRG,250625 to 250728,L3m1,,L3,STFT,7.71875,20.00159999999994,30.0,19,15,0.11764705882352941,31.629614897360117,14.381030931604105,0.4546698079717809,-0.788183820241863,-0.4443835404564523,-0.48599463964139694,-0.041611099184944655,1.018727798664016
250625 to 250728::8D-L4-1m1_Raw.csv,8D-L4-1m1,20250703_m1,F,DRG,250625 to 250728,L4-1m1,,L4,STFT,7.715275,20.00159999999994,30.0,19,15,0.058823529411764705,4.556642138476713,6.013408532160894,1.319701734174626,0.27740575210709106,-0.31504075420254973,-0.26243774059045283,0.052603013612096905,1.018727798664016
250728::6A-SCNrM1_Raw.csv,6A-SCNrM1,20250728_M1,F,SCN,250728,SCNrM1,rostral,,STFT,7.716665,20.00159999999994,30.0,19,15,0.08823529411764706,15.773821893548817,3.0972489673176917,0.19635374281640683,-1.627837436176939,-0.3221965120845937,-0.26428975871332067,0.057906753371273045,1.018727798664016
250728::6B-SCNrM2_Raw.csv,6B-SCNrM2,20250728_M2,F,SCN,250728,SCNrM2,rostral,,STFT,7.723615,20.00159999999994,30.0,19,15,0.058823529411764705,23.717089913525886,5.645486073523704,0.23803451832022932,-1.4353395808682685,-0.3569199693589005,-0.31854488429484523,0.03837508506405529,1.018727798664016
250728::7A-SCNcM1_Raw.csv,7A-SCNcM1,20250728_M1,F,SCN,250728,SCNcM1,caudal,,STFT,7.71875,20.00159999999994,30.0,19,15,0.0,3.8991807426535323,1.9708078429836908,0.5054415204262845,-0.6823229338087083,-0.28670132082751354,-0.049245520494637984,0.23745580033287556,1.018727798664016
250728::7B-SCNcM2_Raw.csv,7B-SCNcM2,20250728_M2,F,SCN,250728,SCNcM2,caudal,,STFT,7.725695,20.00159999999994,30.0,19,15,0.058823529411764705,9.226161660484816,1.4482068037491125,0.15696742123560536,-1.851717003220073,-0.3912505487105156,-0.28130550248054753,0.10994504622996809,1.018727798664016
250811::1A-1FSCN_Raw.csv,1A-1FSCN,20250811_1F,F,SCN,250811,1FSCN,whole_or_unspecified,,STFT,7.680555,20.00159999999994,30.0,18,11,0.0,4.033495917045797,1.892891788189183,0.4692930963905797,-0.7565277667298119,-0.34507887471797416,-0.4939056531791986,-0.14882677846122444,1.018727798664016
250811::1B-2MSCN_Raw.csv,1B-2MSCN,20250811_2M,M,SCN,250811,2MSCN,whole_or_unspecified,,STFT,7.6875,20.00159999999994,30.0,18,11,0.034482758620689655,2.0660719240368595,2.847223704462633,1.3780854728907481,0.32069519743911123,-0.3372724382308298,-0.4981322668888807,-0.16085982865805087,1.018727798664016
250811::1C-3FSCN_Raw.csv,1C-3FSCN,20250811_3F,F,SCN,250811,3FSCN,whole_or_unspecified,,STFT,7.692365,20.00159999999994,30.0,18,11,0.034482758620689655,25.870383258768534,8.334300247972548,0.32215604092945593,-1.1327192516581805,-0.1924820234404753,-0.28894794736271895,-0.09646592392224365,1.018727798664016
250811::1D-4FSCN_Raw.csv,1D-4FSCN,20250811_4F,F,SCN,250811,4FSCN,whole_or_unspecified,,STFT,7.688885,20.00159999999994,30.0,18,11,0.0,13.783337504581958,6.896736327024854,0.5003676594824867,-0.6924121318095074,-0.21580206168825447,-0.2729702291564112,-0.057168167468156755,1.018727798664016
250811::2C-2ML1_Raw.csv,2C-2ML1,20250811_2M,M,DRG,250811,2ML1,,L1,STFT,7.680555,20.00159999999994,30.0,18,11,0.06896551724137931,2.0947066641242253,25.57716138133419,12.210378579202033,2.5022862933095995,0.12111304652830177,-0.4150438579177083,-0.53615690444601,1.018727798664016
250811::2D-1FL2_Raw.csv,2D-1FL2,20250811_1F,F,DRG,250811,1FL2,,L2,STFT,7.690975,20.00159999999994,30.0,18,11,0.06896551724137931,4.183272068828126,16.083955701184934,3.8448265942431488,1.3467285029141263,-0.38292218345575535,-0.3891139713986487,-0.006191787942893323,1.018727798664016
250811::3A-1FL4_Raw.csv,3A-1FL4,20250811_1F,F,DRG,250811,1FL4,,L4,STFT,7.684025,20.00159999999994,30.0,18,11,0.4827586206896552,0.44429703159507616,0.3441958784133103,0.7746976773119741,-0.2552824195261671,0.0017333974248073538,-0.3623687329176216,-0.364102130342429,1.018727798664016
250811::3D-1FT10_Raw.csv,3D-1FT10,20250811_1F,F,DRG,250811,1FT10,,T10,STFT,7.692365,20.00159999999994,30.0,18,11,0.10344827586206896,2.97604978734035,20.210032660939227,6.790891989411448,1.9155823010444046,-0.5062577111876627,-0.42004888909454674,0.08620882209311598,1.018727798664016
250811::4A-2MT10_Raw.csv,4A-2MT10,20250811_2M,M,DRG,250811,2MT10,,T10,STFT,7.685415,20.00159999999994,30.0,18,11,0.10344827586206896,0.9361639734976677,2.4797187445897424,2.6488081306152935,0.9741097767928864,-0.4538191615544826,-0.5642885210596293,-0.11046935950514675,1.018727798664016
250811::4C-2MT5_Raw.csv,4C-2MT5,20250811_2M,M,DRG,250811,2MT5,,T5,STFT,7.684025,20.00159999999994,30.0,18,11,0.20689655172413793,1.438877605255564,6.950029943153484,4.830174517810405,1.5748825990635782,-0.2677705531138076,-0.7017379981609898,-0.4339674450471822,1.018727798664016
250811::4D-1FL4_Raw.csv,4D-1FL4,20250811_1F,F,DRG,250811,1FL4,,L4,STFT,7.680555,20.00159999999994,30.0,18,11,0.13793103448275862,2.9321816641925436,16.768383236756684,5.718739545209699,1.7437484218799706,-0.2245762566486509,-0.5875040079288,-0.3629277512801491,1.018727798664016
250811::5A-2ML2_Raw.csv,5A-2ML2,20250811_2M,M,DRG,250811,2ML2,,L2,STFT,7.6875,20.00159999999994,30.0,18,11,0.3448275862068966,0.8301076204673035,5.343565934089102,6.437196578295447,1.8620931314103693,-0.12195626598650629,-0.37378789935646956,-0.2518316333699633,1.018727798664016
250811::5C-1FT7_Raw.csv,5C-1FT7,20250811_1F,F,DRG,250811,1FT7,,T7,STFT,7.685415,20.00159999999994,30.0,18,11,0.1724137931034483,0.9899283551962095,4.978486737031182,5.029138432997423,1.6152486837541824,-0.5225452267619614,-0.5411603387769607,-0.018615112014999324,1.018727798664016
250811::6A-1FL1_Raw.csv,6A-1FL1,20250811_1F,F,DRG,250811,1FL1,,L1,STFT,7.688885,20.00159999999994,30.0,18,11,0.06896551724137931,2.4311596003557963,14.811853951943604,6.0925057942620935,1.8070594575651255,-0.2049633700463994,-0.5486655158604065,-0.34370214581400704,1.018727798664016
250811::6B-2ML3_Raw.csv,6B-2ML3,20250811_2M,M,DRG,250811,2ML3,,L3,STFT,7.681945,20.00159999999994,30.0,18,11,0.06896551724137931,3.889395119262902,18.828860994187345,4.841076932743128,1.5771372027426906,-0.32522250788127455,-0.1444075951389579,0.18081491274231665,1.018727798664016
250811::7C-1FT12_Raw.csv,7C-1FT12,20250811_1F,F,DRG,250811,1FT12,,T12,STFT,7.688885,20.00159999999994,30.0,18,11,0.10344827586206896,3.1715269465170186,26.611913051562478,8.390883476739106,2.127145816096136,-0.27568948061174453,0.03149505728403254,0.30718453789577704,1.018727798664016
250811::7D-2MT12_Raw.csv,7D-2MT12,20250811_2M,M,DRG,250811,2MT12,,T12,STFT,7.685415,20.00159999999994,30.0,18,11,0.06896551724137931,5.227994923100154,12.661649773259672,2.4218940453276927,0.8845498974058955,-0.3525017887341232,-0.4667326493840379,-0.11423086064991472,1.018727798664016
250811::8A-1FT5_Raw.csv,8A-1FT5,20250811_1F,F,DRG,250811,1FT5,,T5,STFT,7.692365,20.00159999999994,30.0,18,11,0.13793103448275862,0.7624184559511766,3.3121238472788064,4.344233565472485,1.4688493485601815,-0.26389694560954496,-0.6141652399335892,-0.3502682943240442,1.018727798664016
250811::8C-2ML4_Raw.csv,8C-2ML4,20250811_2M,M,DRG,250811,2ML4,,L4,STFT,7.690975,20.00159999999994,30.0,18,11,0.10344827586206896,11.05958992297646,37.839003219597714,3.4213748866932785,1.2300424839416813,-0.3178093487017302,-0.5380152011881627,-0.22020585248643249,1.018727798664016
250811::8D-2MT7_Raw.csv,8D-2MT7,20250811_2M,M,DRG,250811,2MT7,,T7,STFT,7.6875,20.00159999999994,30.0,18,11,0.20689655172413793,3.066598736405955,7.604865595195594,2.479902409438959,0.9082192083699407,-0.28201624367021827,-0.522362746561031,-0.24034650289081272,1.018727798664016
251003::2A- M1SCn_Raw.csv,2A- M1SCn,20251003_M1,M,SCN,251003,M1SCn,whole_or_unspecified,,STFT,7.709725,20.00159999999994,30.0,19,15,0.058823529411764705,6.909787722722581,1.694434381334203,0.24522234970578305,-1.4055899301922274,-0.35848329411410873,0.06264304198715631,0.42112633610126504,1.018727798664016
251003::2B- 1MT7_Raw.csv,2B- 1MT7,20251003_M1,M,DRG,251003,1MT7,,T7,STFT,7.716665,20.00159999999994,30.0,19,15,0.08823529411764706,0.7288095454768696,1.4958398596091431,2.0524427388370654,0.7190306637029394,-0.17995530767104906,-0.4027478828511575,-0.22279257518010842,1.018727798664016
251003::2C- M1L1_Raw.csv,2C- M1L1,20251003_M1,M,DRG,251003,M1L1,,L1,STFT,7.722225,20.00159999999994,30.0,19,15,0.4117647058823529,6.0820975284585455,6.672165557262643,1.0970171928422932,0.0925948537703642,-0.004714795641117758,-0.10553149023684902,-0.10081669459573125,1.018727798664016
251003::2D- M1L4_Raw.csv,2D- M1L4,20251003_M1,M,DRG,251003,M1L4,,L4,STFT,7.71875,20.00159999999994,30.0,19,15,0.08823529411764706,30.230965254182575,22.626799183025998,0.7484643309526973,-0.28973173029575633,-0.5297897525699929,-0.582657888621321,-0.05286813605132801,1.018727798664016
251003::4A- M2SCN_Raw.csv,4A- M2SCN,20251003_M2,M,SCN,251003,M2SCN,whole_or_unspecified,,STFT,7.713195,20.00159999999994,30.0,19,15,0.6470588235294118,0.31943599106781295,0.3076192318139172,0.9630074268888906,-0.037694154971912024,-0.14064425803919284,-0.19796293862026312,-0.057318680581070286,1.018727798664016
251003::4B-M3SCN_Raw.csv,4B-M3SCN,20251003_M3,M,SCN,251003,M3SCN,whole_or_unspecified,,STFT,7.720135,20.00159999999994,30.0,19,15,0.058823529411764705,1.6844170937937033,0.8318144556451535,0.4938292651564773,-0.705565438625718,-0.35205766591791876,-0.16153314720545692,0.19052451871246184,1.018727798664016
