method,scenario_family,scenario_level_number,scenario_level,added_component,target_status,method_applicable,primary_metric_name,primary_metric_unit,n_anchors_total,n_anchors_valid,median_processing_success_fraction,median_valid_fraction,median_primary_error,q25_primary_error,q75_primary_error,median_primary_error_deterioration,median_trajectory_pearson,median_trajectory_pearson_deterioration,median_target_segment_shape_nrmse,median_target_segment_shape_nrmse_deterioration,median_envelope_log_rate_error_per_day,median_envelope_log_rate_absolute_error_per_day,q25_envelope_log_rate_absolute_error_per_day,q75_envelope_log_rate_absolute_error_per_day,median_envelope_log_rate_absolute_error_deterioration,median_phase_equivalent_absolute_error_hours,median_phase_equivalent_absolute_error_hours_deterioration,median_ratio_log_error,median_ratio_log_error_deterioration
CWT_pyBOAT,phase_shift_hours,0,S0_target_only,target_only,difficult,True,circular_absolute_error_radians,radians,11,11,1.0,1.0,0.11819712569396401,0.07913201497053501,0.15336200534543498,0.0,,,,,,,,,,0.45147976352276264,0.0,0.005477780876592,0.0
CWT_pyBOAT,phase_shift_hours,0,S0_target_only,target_only,eligible,True,circular_absolute_error_radians,radians,41,41,1.0,1.0,0.10719239896632105,0.07221066509732443,0.13452087753982234,0.0,,,,,,,,,,0.4094448037768456,0.0,0.00440533298208135,0.0
CWT_pyBOAT,phase_shift_hours,0,S0_target_only,target_only,ineligible,True,circular_absolute_error_radians,radians,1,1,1.0,1.0,0.060746659276013304,0.060746659276013304,0.060746659276013304,0.0,,,,,,,,,,0.2320351464023197,0.0,0.01006986547469,0.0
CWT_pyBOAT,phase_shift_hours,1,S1_pre_amplitude,pre_amplitude,difficult,True,circular_absolute_error_radians,radians,11,11,1.0,1.0,0.1413721535498207,0.08889328552001796,0.20853414160903982,-0.00045257574972978887,,,,,,,,,,0.5400018492720097,-0.0017287120246324006,0.01119756100454385,0.004428659824409471
CWT_pyBOAT,phase_shift_hours,1,S1_pre_amplitude,pre_amplitude,eligible,True,circular_absolute_error_radians,radians,41,41,1.0,1.0,0.10401159757717893,0.07794316622424002,0.16070203967506425,0.00018600491624098936,,,,,,,,,,0.3972950374390327,0.0007104864446195319,0.009715275373811949,0.0012816142935683002
CWT_pyBOAT,phase_shift_hours,1,S1_pre_amplitude,pre_amplitude,ineligible,True,circular_absolute_error_radians,radians,1,1,1.0,1.0,0.11112121577225587,0.11112121577225587,0.11112121577225587,0.02860611251537981,,,,,,,,,,0.4244517785408545,0.10926730102717509,0.007435412039604,-0.0030386425002617494
CWT_pyBOAT,phase_shift_hours,2,S2_post_amplitude,post_amplitude,difficult,True,circular_absolute_error_radians,radians,11,11,1.0,1.0,0.12455809601634704,0.07974467313604694,0.1495009345484808,-0.0004919898634909714,,,,,,,,,,0.47577688039479715,-0.0018792628494166685,0.0115749033228878,0.0011343614944605
CWT_pyBOAT,phase_shift_hours,2,S2_post_amplitude,post_amplitude,eligible,True,circular_absolute_error_radians,radians,41,41,1.0,1.0,0.10596744341425435,0.07992930739324122,0.15163098338487258,0.00021213690054366907,,,,,,,,,,0.40476581822854296,0.0008103032720092329,0.00920778513668465,5.361055124940284e-05
CWT_pyBOAT,phase_shift_hours,2,S2_post_amplitude,post_amplitude,ineligible,True,circular_absolute_error_radians,radians,1,1,1.0,1.0,0.05999216919436279,0.05999216919436279,0.05999216919436279,3.4848469905313095e-05,,,,,,,,,,0.229153206578116,0.00013311134987087359,0.00939560584629245,-0.0003290132486479516
CWT_pyBOAT,phase_shift_hours,3,S3_pre_period,pre_period,difficult,True,circular_absolute_error_radians,radians,11,11,1.0,1.0,0.15734895981054065,0.13018308916438093,0.23881863692412786,0.0259641669523063,,,,,,,,,,0.6010287538611726,0.09917581232934666,0.0241151302216011,0.005181867991561052
CWT_pyBOAT,phase_shift_hours,3,S3_pre_period,pre_period,eligible,True,circular_absolute_error_radians,radians,41,41,1.0,1.0,0.1142541544763569,0.08699293841700295,0.15582178727506468,0.0003349130256076194,,,,,,,,,,0.43641872288873285,0.0012792735247515452,0.0051811037100739,0.00024615058991
CWT_pyBOAT,phase_shift_hours,3,S3_pre_period,pre_period,ineligible,True,circular_absolute_error_radians,radians,1,1,1.0,1.0,0.14522980765615268,0.14522980765615268,0.14522980765615268,0.08533029230375933,,,,,,,,,,0.5547370025462852,0.32593770757487067,0.03089919884947095,0.020263003012834648
CWT_pyBOAT,phase_shift_hours,4,S4_post_period,post_period,difficult,True,circular_absolute_error_radians,radians,11,11,1.0,1.0,0.13366671300572452,0.08360994254259158,0.2252585987753688,0.0022120324624523846,,,,,,,,,,0.6171052881916586,0.050958950789299795,0.01475851565104305,0.0084072292700737
CWT_pyBOAT,phase_shift_hours,4,S4_post_period,post_period,eligible,True,circular_absolute_error_radians,radians,41,41,1.0,1.0,0.12688580592590726,0.08942969615892538,0.1656010666850578,0.005589593758461353,,,,,,,,,,0.5032880595438245,0.054925382477355844,0.008340630688446201,0.0021051364170679
CWT_pyBOAT,phase_shift_hours,4,S4_post_period,post_period,ineligible,True,circular_absolute_error_radians,radians,1,1,1.0,1.0,0.10350021377633278,0.10350021377633278,0.10350021377633278,0.010518172506938539,,,,,,,,,,0.4562550438455172,0.08241910364556666,0.02521690932623805,0.015752145631686598
CWT_pyBOAT,phase_shift_hours,5,S5_pre_envelope,pre_envelope,difficult,True,circular_absolute_error_radians,radians,11,11,1.0,1.0,0.36981152873293666,0.11094035938695923,0.9981076738576566,0.2259046813404415,,,,,,,,,,1.4125759874452166,0.8628923208703372,0.20930975520121095,0.19359145767031805
CWT_pyBOAT,phase_shift_hours,5,S5_pre_envelope,pre_envelope,eligible,True,circular_absolute_error_radians,radians,41,41,1.0,1.0,0.2164458247842067,0.12431735046119652,0.39010724145883624,0.06562331466756177,,,,,,,,,,0.8267621502242104,0.25066259787401607,0.09165119627724665,0.0814874476722757
CWT_pyBOAT,phase_shift_hours,5,S5_pre_envelope,pre_envelope,ineligible,True,circular_absolute_error_radians,radians,1,1,1.0,1.0,0.9561609217006262,0.9561609217006262,0.9561609217006262,0.8762934257900412,,,,,,,,,,3.652265689918977,3.3471943275219846,0.14203686236340102,0.13200216788206515
CWT_pyBOAT,phase_shift_hours,6,S6_post_envelope,post_envelope,difficult,True,circular_absolute_error_radians,radians,11,11,1.0,1.0,0.13980714346262735,0.08304059400624908,0.17614562863084016,-0.013530386613201273,,,,,,,,,,0.5340239510792377,-0.05168226987444938,0.09442669866066315,0.09413408666857687
CWT_pyBOAT,phase_shift_hours,6,S6_post_envelope,post_envelope,eligible,True,circular_absolute_error_radians,radians,41,41,1.0,1.0,0.10506297451762592,0.0645761447507438,0.1544211801124371,-0.003386195321798624,,,,,,,,,,0.4013110015300321,-0.012934313369733608,0.12397968976348955,0.11292826895152455
CWT_pyBOAT,phase_shift_hours,6,S6_post_envelope,post_envelope,ineligible,True,circular_absolute_error_radians,radians,1,1,1.0,1.0,0.9940892002431843,0.9940892002431843,0.9940892002431843,0.9606942801679952,,,,,,,,,,3.797141042231322,3.669581843732319,0.8719449830633641,0.8606780372504244
CWT_pyBOAT,phase_shift_hours,7,S7_linear_drift,linear_drift,difficult,True,circular_absolute_error_radians,radians,11,11,1.0,1.0,0.11788945837655973,0.07847772556413313,0.15370036171539359,1.3634965171149815e-05,,,,,,,,,,0.4503045609373375,5.2081730540998183e-05,0.0054821550476240495,1.2346877403500434e-06
CWT_pyBOAT,phase_shift_hours,7,S7_linear_drift,linear_drift,eligible,True,circular_absolute_error_radians,radians,41,41,1.0,1.0,0.11016086401013525,0.07208088348087704,0.13459692416460634,1.2252998981665542e-05,,,,,,,,,,0.42078350501969036,4.680300853515673e-05,0.0044675445554705,1.1868155515500382e-06
CWT_pyBOAT,phase_shift_hours,7,S7_linear_drift,linear_drift,ineligible,True,circular_absolute_error_radians,radians,1,1,1.0,1.0,0.05978186214777281,0.05978186214777281,0.05978186214777281,-0.0009724609877679313,,,,,,,,,,0.22834989283335155,-0.003714527356015046,0.009920707234207151,-0.00014662101594465054
CWT_pyBOAT,phase_shift_hours,8,S8_baseline_step,baseline_step,difficult,True,circular_absolute_error_radians,radians,11,11,1.0,1.0,0.11054520922877886,0.08756967496331647,0.3378422321285167,0.01784169613811315,,,,,,,,,,0.42225159561331116,0.06815025920458287,0.0187883125170272,0.004579604858263273
CWT_pyBOAT,phase_shift_hours,8,S8_baseline_step,baseline_step,eligible,True,circular_absolute_error_radians,radians,41,41,1.0,1.0,0.14246600823296496,0.08758955248426559,0.19437431960693474,0.027286581582465885,,,,,,,,,,0.5441800663883287,0.10422706413431322,0.0077773007220208,0.0009438565203213499
CWT_pyBOAT,phase_shift_hours,8,S8_baseline_step,baseline_step,ineligible,True,circular_absolute_error_radians,radians,1,1,1.0,1.0,0.06058412549156933,0.06058412549156933,0.06058412549156933,0.00045340888089695497,,,,,,,,,,0.23141431307719112,0.001731894351276353,0.008943543177729999,-0.0007454990733989503
CWT_pyBOAT,phase_shift_hours,9,S9_acute_treatment_transient,acute_treatment_transient,difficult,True,circular_absolute_error_radians,radians,11,11,1.0,1.0,0.12668634685072844,0.08042101425417447,0.22087854914927618,0.006207702921663838,,,,,,,,,,0.4839061997651472,0.02371167852549122,0.0048204087479369,-0.00011438176995805065
CWT_pyBOAT,phase_shift_hours,9,S9_acute_treatment_transient,acute_treatment_transient,eligible,True,circular_absolute_error_radians,radians,41,41,1.0,1.0,0.12471860336358653,0.06408340269685953,0.16146795169482897,0.0061016107366285155,,,,,,,,,,0.4763899732999748,0.02330643622936822,0.0058757930509337995,-0.00011732530787989968
CWT_pyBOAT,phase_shift_hours,9,S9_acute_treatment_transient,acute_treatment_transient,ineligible,True,circular_absolute_error_radians,radians,1,1,1.0,1.0,0.16171188375060597,0.16171188375060597,0.16171188375060597,0.12237800091480788,,,,,,,,,,0.6176938957346613,0.46744953051110794,0.00932643389984555,-0.00039301806166015026
CWT_pyBOAT,post_amplitude_trajectory,0,S0_target_only,target_only,difficult,True,target_segment_calibrated_absolute_nrmse,NRMSE,10,10,1.0,1.0,1.473991841687668,0.34174831536923067,2.1980132737541265,0.0,0.9972035446308043,0.0,0.10980322489260172,0.0,0.043782786118931605,0.043782786118931605,0.030814898660714962,0.08798235541966673,0.0,,,0.9041449343008895,0.0
CWT_pyBOAT,post_amplitude_trajectory,0,S0_target_only,target_only,eligible,True,target_segment_calibrated_absolute_nrmse,NRMSE,42,42,1.0,1.0,0.08862162381292957,0.05071490147272961,0.1432285990054866,0.0,0.9965245418762281,0.0,0.04072681420078963,0.0,0.009079133296980513,0.02306716917993519,0.009399847934956705,0.04213676815367905,0.0,,,0.0958903258733448,0.0
CWT_pyBOAT,post_amplitude_trajectory,0,S0_target_only,target_only,ineligible,True,target_segment_calibrated_absolute_nrmse,NRMSE,1,1,1.0,1.0,1.532618559212259,1.532618559212259,1.532618559212259,0.0,0.9947184424486062,0.0,0.1543904773882215,0.0,0.08391151324280077,0.08391151324280077,0.08391151324280077,0.08391151324280077,0.0,,,0.9209040326583742,0.0
CWT_pyBOAT,post_amplitude_trajectory,1,S1_post_period,post_period,difficult,True,target_segment_calibrated_absolute_nrmse,NRMSE,10,10,1.0,1.0,1.4547553081703046,0.35939315991198834,2.6210287570312465,0.10049124302594023,0.9892425098206685,0.003941247882244647,0.23066624336542269,0.04256050956773547,0.18005325218656554,0.18005325218656554,0.05389281961859457,0.21774394150044743,0.05178072741567086,,,0.9193985966595151,0.10697287004076199
CWT_pyBOAT,post_amplitude_trajectory,1,S1_post_period,post_period,eligible,True,target_segment_calibrated_absolute_nrmse,NRMSE,42,42,1.0,1.0,0.09145169402525288,0.0567505466052478,0.15565061327061136,0.0035835896073830985,0.996348781835618,0.00039930067054716467,0.04639046129168298,0.0031584836446672503,0.014345384892414575,0.02448114551664035,0.010082828385715857,0.0474742039350978,0.0021402603921350377,,,0.1045419961839491,0.003477463200192375
CWT_pyBOAT,post_amplitude_trajectory,1,S1_post_period,post_period,ineligible,True,target_segment_calibrated_absolute_nrmse,NRMSE,1,1,1.0,1.0,1.747541530612679,1.747541530612679,1.747541530612679,0.21492297140042005,0.9879596222189457,0.00668640066033338,0.24268578933508939,0.08172022396280594,0.1845919870350088,0.1845919870350088,0.1845919870350088,0.1845919870350088,0.08997846595152503,,,1.154053171747617,0.23481510079290824
CWT_pyBOAT,post_amplitude_trajectory,2,S2_linear_drift,linear_drift,difficult,True,target_segment_calibrated_absolute_nrmse,NRMSE,10,10,1.0,1.0,1.4750458647013243,0.3417409877773393,2.19805074036179,1.4711682840094081e-05,0.9972241880862358,-3.1448532407940544e-06,0.10984847275051213,-2.67792968709768e-06,0.0652652154243743,0.0652652154243743,0.030674368449111283,0.09066309402459125,2.2238553832376606e-05,,,0.9054653537945772,4.9560048686170255e-05
CWT_pyBOAT,post_amplitude_trajectory,2,S2_linear_drift,linear_drift,eligible,True,target_segment_calibrated_absolute_nrmse,NRMSE,42,42,1.0,1.0,0.08844886162394158,0.05066784117484009,0.1431907692516709,-1.2194413908660912e-05,0.9965204536855312,1.1451572569293189e-05,0.04061802232388297,-9.884678053722479e-06,0.00894167033300565,0.022738632210573373,0.008607160917106726,0.042863971586375,-0.00011093863828235545,,,0.09557476167314488,-2.3063542086121033e-05
CWT_pyBOAT,post_amplitude_trajectory,2,S2_linear_drift,linear_drift,ineligible,True,target_segment_calibrated_absolute_nrmse,NRMSE,1,1,1.0,1.0,1.532399289301352,1.532399289301352,1.532399289301352,-0.00022706295712104918,0.9946737265607912,4.337931854886401e-05,0.15418487312517154,-0.0002053787786664013,0.0751924259531418,0.0751924259531418,0.0751924259531418,0.0751924259531418,-0.00862301632685225,,,0.9203985905176589,-0.0006070516024094808
CWT_pyBOAT,post_amplitude_trajectory,3,S3_baseline_step,baseline_step,difficult,True,target_segment_calibrated_absolute_nrmse,NRMSE,10,10,1.0,1.0,1.432697345834872,0.38253283439039043,2.218337897292167,0.008390510280985152,0.9971729140271869,-0.00012237034883552655,0.10921603079707125,0.00011492601498022323,0.043236060430965506,0.043236060430965506,0.03918404018534044,0.09911003274983571,0.000554303108816212,,,0.9040449726696258,-0.001083445941442029
CWT_pyBOAT,post_amplitude_trajectory,3,S3_baseline_step,baseline_step,eligible,True,target_segment_calibrated_absolute_nrmse,NRMSE,42,42,1.0,1.0,0.11800603584037894,0.06984652695961287,0.18023280397342747,0.013366855199381227,0.9986392766475003,-0.0010679357092286956,0.03270842112034315,-0.0035106091181177253,-0.009888328900849203,0.023617164493811266,0.013285247119311228,0.03768156227344971,4.327094112416274e-05,,,0.10004262222867122,0.0028352573744968475
CWT_pyBOAT,post_amplitude_trajectory,3,S3_baseline_step,baseline_step,ineligible,True,target_segment_calibrated_absolute_nrmse,NRMSE,1,1,1.0,1.0,1.4080614349258198,1.4080614349258198,1.4080614349258198,-0.07289765263512782,0.9933418954787604,0.0009585382135968157,0.1709281284193408,0.013271115351104645,0.09712404155039944,0.09712404155039944,0.09712404155039944,0.09712404155039944,0.009522865756345644,,,0.9189217660040803,-0.001642039359303793
CWT_pyBOAT,post_amplitude_trajectory,4,S4_acute_treatment_transient,acute_treatment_transient,difficult,True,target_segment_calibrated_absolute_nrmse,NRMSE,10,10,1.0,1.0,1.5693644986945348,0.30579216720044,2.270155756967391,-0.019877167317991024,0.9971134975866945,0.0002577054563260017,0.11062373614591213,0.007983669007696426,0.040590098389102824,0.05156316016812851,0.02808632367717001,0.16851690835679534,0.010926067347645355,,,0.9857566238631094,-0.0006107154512967651
CWT_pyBOAT,post_amplitude_trajectory,4,S4_acute_treatment_transient,acute_treatment_transient,eligible,True,target_segment_calibrated_absolute_nrmse,NRMSE,42,42,1.0,1.0,0.08911037225314047,0.05357251449763005,0.16699502380714626,0.009436131361748824,0.9972642189738653,-0.00017548521768148695,0.039918972383860975,0.0004114892521496754,0.007790687414649944,0.02011989835677484,0.01164091180342431,0.04272997562997882,0.0006245614226346452,,,0.09545083400895815,0.0011544730951179027
CWT_pyBOAT,post_amplitude_trajectory,4,S4_acute_treatment_transient,acute_treatment_transient,ineligible,True,target_segment_calibrated_absolute_nrmse,NRMSE,1,1,1.0,1.0,1.4471082140989977,1.4471082140989977,1.4471082140989977,-0.07882298865536141,0.9954601043866524,-0.0006265185666023965,0.14335467736394097,-0.00641813419665084,0.09320961560858743,0.09320961560858743,0.09320961560858743,0.09320961560858743,0.009683792034362981,,,0.9015801030708464,-0.022282662577381984
CWT_pyBOAT,post_period_hours,0,S0_target_only,target_only,difficult,True,absolute_error_hours,hours,3,3,1.0,1.0,0.043458974037386966,0.03126457875662503,0.1119115420049317,0.0,,,,,,,,,,,,0.0008253977607345,0.0
CWT_pyBOAT,post_period_hours,0,S0_target_only,target_only,eligible,True,absolute_error_hours,hours,49,49,1.0,1.0,0.02778599630609513,0.019056933032624457,0.0609796630731978,0.0,,,,,,,,,,,,0.00275386071615215,0.0
CWT_pyBOAT,post_period_hours,0,S0_target_only,target_only,ineligible,True,absolute_error_hours,hours,1,1,1.0,1.0,0.02769192842863788,0.02769192842863788,0.02769192842863788,0.0,,,,,,,,,,,,0.00501142710362625,0.0
CWT_pyBOAT,post_period_hours,1,S1_post_amplitude,post_amplitude,difficult,True,absolute_error_hours,hours,3,3,1.0,1.0,0.043458974037386966,0.03126457875662503,0.1176594382473235,0.0,,,,,,,,,,,,0.0016806236757398,0.0007723351945942
CWT_pyBOAT,post_period_hours,1,S1_post_amplitude,post_amplitude,eligible,True,absolute_error_hours,hours,49,49,1.0,1.0,0.02756605364328557,0.01959555361532317,0.05950531705965645,0.0,,,,,,,,,,,,0.0119255552187644,0.01068804091005865
CWT_pyBOAT,post_period_hours,1,S1_post_amplitude,post_amplitude,ineligible,True,absolute_error_hours,hours,1,1,1.0,1.0,0.02769192842863788,0.02769192842863788,0.02769192842863788,0.0,,,,,,,,,,,,0.011211977708572199,0.00618337414034135
CWT_pyBOAT,post_period_hours,2,S2_post_envelope,post_envelope,difficult,True,absolute_error_hours,hours,3,3,1.0,1.0,0.0904535835112199,0.06864017347249529,0.8997007552430238,0.04686801458504952,,,,,,,,,,,,0.09830288999634909,0.09721038378456726
CWT_pyBOAT,post_period_hours,2,S2_post_envelope,post_envelope,eligible,True,absolute_error_hours,hours,49,49,1.0,1.0,0.11604960004038745,0.05867744368914174,0.31308475675069936,0.06554096962824474,,,,,,,,,,,,0.1193535187143953,0.11824617338902085
CWT_pyBOAT,post_period_hours,2,S2_post_envelope,post_envelope,ineligible,True,absolute_error_hours,hours,1,1,1.0,1.0,1.4541759764616078,1.4541759764616078,1.4541759764616078,1.4425166248571735,,,,,,,,,,,,1.1703405908596325,1.1656070493265838
CWT_pyBOAT,post_period_hours,3,S3_linear_drift,linear_drift,difficult,True,absolute_error_hours,hours,3,3,1.0,1.0,0.043458974037386966,0.03126457875662503,0.1119115420049317,0.0,,,,,,,,,,,,0.0008264101489237001,5.154813129050473e-06
CWT_pyBOAT,post_period_hours,3,S3_linear_drift,linear_drift,eligible,True,absolute_error_hours,hours,49,49,1.0,1.0,0.02778599630609513,0.019056933032624457,0.05950531705965645,0.0,,,,,,,,,,,,0.0027527400000254996,7.562074139994728e-08
CWT_pyBOAT,post_period_hours,3,S3_linear_drift,linear_drift,ineligible,True,absolute_error_hours,hours,1,1,1.0,1.0,0.02769192842863788,0.02769192842863788,0.02769192842863788,0.0,,,,,,,,,,,,0.0050024833774695,-9.07471427854991e-06
CWT_pyBOAT,post_period_hours,4,S4_baseline_step,baseline_step,difficult,True,absolute_error_hours,hours,3,3,1.0,1.0,0.028910834811222585,0.022478744065256073,0.09465828068682747,-0.0034437923885182187,,,,,,,,,,,,0.00128548343349185,0.0001151829810594
CWT_pyBOAT,post_period_hours,4,S4_baseline_step,baseline_step,eligible,True,absolute_error_hours,hours,49,49,1.0,1.0,0.040079868273990016,0.020506880219452128,0.07411677760514124,0.0,,,,,,,,,,,,0.0019014608717766,1.0342416690500047e-05
CWT_pyBOAT,post_period_hours,4,S4_baseline_step,baseline_step,ineligible,True,absolute_error_hours,hours,1,1,1.0,1.0,0.02769192842863788,0.02769192842863788,0.02769192842863788,0.0,,,,,,,,,,,,0.0087843478483487,0.0040638669274519
CWT_pyBOAT,post_period_hours,5,S5_acute_treatment_transient,acute_treatment_transient,difficult,True,absolute_error_hours,hours,3,3,1.0,1.0,0.02010303993140994,0.019586611703636514,0.10207944535294722,0.0,,,,,,,,,,,,0.0046400356246033,-7.99410347976006e-05
CWT_pyBOAT,post_period_hours,5,S5_acute_treatment_transient,acute_treatment_transient,eligible,True,absolute_error_hours,hours,49,49,1.0,1.0,0.02961578156643263,0.020449911590214143,0.08637839704510952,0.0,,,,,,,,,,,,0.0038227614610188004,5.552281866774998e-05
CWT_pyBOAT,post_period_hours,5,S5_acute_treatment_transient,acute_treatment_transient,ineligible,True,absolute_error_hours,hours,1,1,1.0,1.0,0.07659020816424267,0.07659020816424267,0.07659020816424267,0.055831789809301924,,,,,,,,,,,,0.0034772075496652,-0.0019036663482196999
CWT_pyBOAT,pre_amplitude_trajectory,0,S0_target_only,target_only,difficult,True,target_segment_calibrated_absolute_nrmse,NRMSE,11,11,1.0,1.0,0.35165850642747576,0.29251531073140535,0.8024371486180252,0.0,0.9466713877436749,0.0,0.2874272454102606,0.0,0.32421672074675034,0.32421672074675034,0.16831236578019884,0.4664270206563751,0.0,,,0.3745041424108003,0.0
CWT_pyBOAT,pre_amplitude_trajectory,0,S0_target_only,target_only,eligible,True,target_segment_calibrated_absolute_nrmse,NRMSE,41,41,1.0,1.0,0.13742012200198145,0.1187030669688649,0.16750097268398306,0.0,0.9776431532203029,0.0,0.13428880272784183,0.0,0.10921232645440011,0.10921232645440011,0.09046625597539334,0.13979232913861145,0.0,,,0.09120143958252765,0.0
CWT_pyBOAT,pre_amplitude_trajectory,0,S0_target_only,target_only,ineligible,True,target_segment_calibrated_absolute_nrmse,NRMSE,1,1,1.0,1.0,0.2512943208178909,0.2512943208178909,0.2512943208178909,0.0,0.9420471388674914,0.0,0.22832039658347408,0.0,0.20522853411123543,0.20522853411123543,0.20522853411123543,0.20522853411123543,0.0,,,0.2209427983363128,0.0
CWT_pyBOAT,pre_amplitude_trajectory,1,S1_pre_period,pre_period,difficult,True,target_segment_calibrated_absolute_nrmse,NRMSE,11,11,1.0,1.0,0.4489597402247848,0.3749556528903549,0.7937611255116703,0.06125883699910731,0.8406686263554137,0.019596965516998965,0.40231936889991154,0.06766096020524129,0.3903806963543991,0.3903806963543991,0.22420457807720146,0.5334035481944206,0.0513490414689477,,,0.48755408773617637,0.08817065771220366
CWT_pyBOAT,pre_amplitude_trajectory,1,S1_pre_period,pre_period,eligible,True,target_segment_calibrated_absolute_nrmse,NRMSE,41,41,1.0,1.0,0.15180242605872835,0.126272310875527,0.1998957007109305,0.0235369263191798,0.9673429531353409,0.009055926771346146,0.14921826371871325,0.022430692205388666,0.12427450778454088,0.12427450778454088,0.10151432922285254,0.1676435642898019,0.01949171724126844,,,0.0992699415953246,0.004398790055010253
CWT_pyBOAT,pre_amplitude_trajectory,1,S1_pre_period,pre_period,ineligible,True,target_segment_calibrated_absolute_nrmse,NRMSE,1,1,1.0,1.0,0.3960257455970258,0.3960257455970258,0.3960257455970258,0.08699956901390982,0.8860389756727454,0.052669828405983,0.3582369057911336,0.0825041527118737,0.3112144153813491,0.3112144153813491,0.3112144153813491,0.3112144153813491,0.06739517222475672,,,0.33345882346906913,0.08385748639627745
CWT_pyBOAT,pre_amplitude_trajectory,2,S2_linear_drift,linear_drift,difficult,True,target_segment_calibrated_absolute_nrmse,NRMSE,11,11,1.0,1.0,0.34870344506277307,0.29254192188162753,0.8025527153504914,3.372512721475096e-05,0.9466720492595733,0.0005492687468800495,0.2873342192292868,0.0002235540374526529,0.32763186701228153,0.32763186701228153,0.16856274686236827,0.46700311917536097,0.00028885974213675725,,,0.37445907067256334,2.1888442848099626e-05
CWT_pyBOAT,pre_amplitude_trajectory,2,S2_linear_drift,linear_drift,eligible,True,target_segment_calibrated_absolute_nrmse,NRMSE,41,41,1.0,1.0,0.13744532200675313,0.1188303432080917,0.1676853085677522,8.654972965119884e-05,0.9772641124881245,8.562858054372846e-05,0.13597914805783023,0.00029436776764479866,0.10921351280909544,0.10921351280909544,0.0906645787330333,0.13940279760290414,0.00013121517038648667,,,0.09120004512539695,1.5851117904905343e-05
CWT_pyBOAT,pre_amplitude_trajectory,2,S2_linear_drift,linear_drift,ineligible,True,target_segment_calibrated_absolute_nrmse,NRMSE,1,1,1.0,1.0,0.2515410615369836,0.2515410615369836,0.2515410615369836,0.0002220394690277544,0.9417004546548452,0.0003029967285119728,0.2290386253764148,0.0007531492752523017,0.2056481531826005,0.2056481531826005,0.2056481531826005,0.2056481531826005,0.00045879190425150707,,,0.22093031467420948,-2.5299470938600077e-05
CWT_pyBOAT,pre_period_hours,0,S0_target_only,target_only,difficult,True,absolute_error_hours,hours,10,10,1.0,1.0,0.05064235111304427,0.0302670988340199,0.1374396527078856,0.0,,,,,,,,,,,,0.00743640008218145,0.0
CWT_pyBOAT,pre_period_hours,0,S0_target_only,target_only,eligible,True,absolute_error_hours,hours,42,42,1.0,1.0,0.018669408216751116,0.015412838144356567,0.02210320858639525,0.0,,,,,,,,,,,,0.000927176411750975,0.0
CWT_pyBOAT,pre_period_hours,0,S0_target_only,target_only,ineligible,True,absolute_error_hours,hours,1,1,1.0,1.0,0.050086358535713416,0.050086358535713416,0.050086358535713416,0.0,,,,,,,,,,,,0.00913390337920655,0.0
CWT_pyBOAT,pre_period_hours,1,S1_pre_amplitude,pre_amplitude,difficult,True,absolute_error_hours,hours,10,10,1.0,1.0,0.03825535378072242,0.02486854864867949,0.15417997006079043,0.0001229925853039049,,,,,,,,,,,,0.013933037105738526,0.0076333362712222505
CWT_pyBOAT,pre_period_hours,1,S1_pre_amplitude,pre_amplitude,eligible,True,absolute_error_hours,hours,42,42,1.0,1.0,0.018161860731772173,0.014637202704812058,0.022388941488299174,0.0,,,,,,,,,,,,0.012349791063607299,0.010945919234002024
CWT_pyBOAT,pre_period_hours,1,S1_pre_amplitude,pre_amplitude,ineligible,True,absolute_error_hours,hours,1,1,1.0,1.0,0.051804325620311786,0.051804325620311786,0.051804325620311786,0.0,,,,,,,,,,,,0.0112820746288883,0.0022768978964062
CWT_pyBOAT,pre_period_hours,2,S2_pre_envelope,pre_envelope,difficult,True,absolute_error_hours,hours,10,10,1.0,1.0,0.193922212020043,0.10749050918784464,0.30435871470776554,0.12022525213479796,,,,,,,,,,,,0.31098043861234503,0.3060257984472021
CWT_pyBOAT,pre_period_hours,2,S2_pre_envelope,pre_envelope,eligible,True,absolute_error_hours,hours,42,42,1.0,1.0,0.05593417829202885,0.0438119374935928,0.07773756071142834,0.03351586119406402,,,,,,,,,,,,0.09492492541831694,0.09098116295603452
CWT_pyBOAT,pre_period_hours,2,S2_pre_envelope,pre_envelope,ineligible,True,absolute_error_hours,hours,1,1,1.0,1.0,0.06947836613600344,0.06947836613600344,0.06947836613600344,0.019186843307446466,,,,,,,,,,,,0.19833283524535406,0.18715428662917816
CWT_pyBOAT,pre_period_hours,3,S3_linear_drift,linear_drift,difficult,True,absolute_error_hours,hours,10,10,1.0,1.0,0.05064235111304427,0.0302670988340199,0.13286998349114398,0.0,,,,,,,,,,,,0.007542362867206875,-7.024898183499614e-06
CWT_pyBOAT,pre_period_hours,3,S3_linear_drift,linear_drift,eligible,True,absolute_error_hours,hours,42,42,1.0,1.0,0.018669408216751116,0.015412838144356567,0.02210320858639525,0.0,,,,,,,,,,,,0.000884117641707425,8.73826922749991e-08
CWT_pyBOAT,pre_period_hours,3,S3_linear_drift,linear_drift,ineligible,True,absolute_error_hours,hours,1,1,1.0,1.0,0.050086358535713416,0.050086358535713416,0.050086358535713416,0.0,,,,,,,,,,,,0.0090898704715485,4.272164694879956e-05
Hilbert,phase_shift_hours,0,S0_target_only,target_only,difficult,True,circular_absolute_error_radians,radians,11,11,1.0,1.0,0.23949066021344656,0.18604766547479978,0.33441488694980026,0.0,,,,,,,,,,0.9147869375354767,0.0,0.0254555766890594,0.0
Hilbert,phase_shift_hours,0,S0_target_only,target_only,eligible,True,circular_absolute_error_radians,radians,41,41,1.0,1.0,0.2145459701805812,0.1310095955297823,0.32138876246553316,0.0,,,,,,,,,,0.819505240192461,0.0,0.026523787643879353,0.0
Hilbert,phase_shift_hours,0,S0_target_only,target_only,ineligible,True,circular_absolute_error_radians,radians,1,1,1.0,1.0,0.3021299844038692,0.3021299844038692,0.3021299844038692,0.0,,,,,,,,,,1.1540515313796726,0.0,0.029152005145262748,0.0
Hilbert,phase_shift_hours,1,S1_pre_amplitude,pre_amplitude,difficult,True,circular_absolute_error_radians,radians,11,11,1.0,1.0,0.24166850356695413,0.15658780590314736,0.4611398328934825,0.00026246312551236883,,,,,,,,,,0.9231056863752503,0.0010025352913113905,0.02545658957519345,0.0007022704201166997
Hilbert,phase_shift_hours,1,S1_pre_amplitude,pre_amplitude,eligible,True,circular_absolute_error_radians,radians,41,41,1.0,1.0,0.211071589828693,0.11636223275251534,0.33576621473218005,0.0005805139675132409,,,,,,,,,,0.8062340848200362,0.0022174000191269028,0.027629035299257948,0.00029925582251494993
Hilbert,phase_shift_hours,1,S1_pre_amplitude,pre_amplitude,ineligible,True,circular_absolute_error_radians,radians,1,1,1.0,1.0,0.3130824506727592,0.3130824506727592,0.3130824506727592,0.012740749770195237,,,,,,,,,,1.1958868708774588,0.04866607931096412,0.0188949127646275,-0.011854283085839499
Hilbert,phase_shift_hours,2,S2_post_amplitude,post_amplitude,difficult,True,circular_absolute_error_radians,radians,11,11,1.0,1.0,0.23958416420751227,0.17565702090884583,0.35081301104251994,-0.0003307615377607931,,,,,,,,,,0.9151440964839822,-0.001263416009263274,0.02632891701988145,0.00020114819566949965
Hilbert,phase_shift_hours,2,S2_post_amplitude,post_amplitude,eligible,True,circular_absolute_error_radians,radians,41,41,1.0,1.0,0.20307657142177638,0.11692789027780726,0.3348557165321082,-0.0007460889718977626,,,,,,,,,,0.775695364030321,-0.0028498499487331075,0.0273195414940764,-0.00014730738900994942
Hilbert,phase_shift_hours,2,S2_post_amplitude,post_amplitude,ineligible,True,circular_absolute_error_radians,radians,1,1,1.0,1.0,0.30110106418250715,0.30110106418250715,0.30110106418250715,-0.00031496951965337416,,,,,,,,,,1.1501213456370252,-0.0012030949434267413,0.0274371184614704,-0.0023403581102644493
Hilbert,phase_shift_hours,3,S3_pre_period,pre_period,difficult,True,circular_absolute_error_radians,radians,11,11,1.0,1.0,0.10323980668270183,0.06276411956335148,0.2295543209854587,-0.0954047802811866,,,,,,,,,,0.3943470133776885,-0.3644194170323287,0.2622704239101882,0.2425356314173255
Hilbert,phase_shift_hours,3,S3_pre_period,pre_period,eligible,True,circular_absolute_error_radians,radians,41,41,1.0,1.0,0.19893951993738135,0.10492593976201436,0.3438851341345419,0.013470203005326198,,,,,,,,,,0.7598929913847098,0.051452385425975244,0.0281862006474903,0.0020416424887829514
Hilbert,phase_shift_hours,3,S3_pre_period,pre_period,ineligible,True,circular_absolute_error_radians,radians,1,1,1.0,1.0,0.14240641029375478,0.14240641029375478,0.14240641029375478,-0.16259281193302044,,,,,,,,,,0.5439524190293674,-0.6210587935284266,0.28475755572613665,0.25844851543736636
Hilbert,phase_shift_hours,4,S4_post_period,post_period,difficult,True,circular_absolute_error_radians,radians,11,11,1.0,1.0,0.2793732495320569,0.26999647578495045,0.29929997748570925,0.012908781597900543,,,,,,,,,,1.185062260372145,0.05670063161301697,0.0229217190338454,0.0029394957389219985
Hilbert,phase_shift_hours,4,S4_post_period,post_period,eligible,True,circular_absolute_error_radians,radians,41,41,1.0,1.0,0.21777021043579947,0.122315927714445,0.3176966904229068,-0.0010598376877624105,,,,,,,,,,0.9232524589592966,0.020851778971426205,0.025546795334587348,-0.0028109000770490996
Hilbert,phase_shift_hours,4,S4_post_period,post_period,ineligible,True,circular_absolute_error_radians,radians,1,1,1.0,1.0,0.23947900269647882,0.23947900269647882,0.23947900269647882,-0.08112784414115737,,,,,,,,,,1.053512451875942,-0.1776551859733193,0.13077496811682526,0.0979128734581553
Hilbert,phase_shift_hours,5,S5_pre_envelope,pre_envelope,difficult,True,circular_absolute_error_radians,radians,11,11,1.0,1.0,0.9583099702970428,0.36884897495195024,1.529767177905709,0.7220948954248776,,,,,,,,,,3.6604744508885223,2.758199327719068,0.1107455191456837,0.09512276912414289
Hilbert,phase_shift_hours,5,S5_pre_envelope,pre_envelope,eligible,True,circular_absolute_error_radians,radians,41,41,1.0,1.0,0.2667778064926387,0.15926871976863355,0.4172510427117795,0.03248841022870863,,,,,,,,,,1.019016158652398,0.12409658594631057,0.0964315479625803,0.0591424096370807
Hilbert,phase_shift_hours,5,S5_pre_envelope,pre_envelope,ineligible,True,circular_absolute_error_radians,radians,1,1,1.0,1.0,0.5837422682448907,0.5837422682448907,0.5837422682448907,0.2886391222805038,,,,,,,,,,2.2297312195883876,1.1025202339355569,0.08849843672057185,0.05910969885014851
Hilbert,phase_shift_hours,6,S6_post_envelope,post_envelope,difficult,True,circular_absolute_error_radians,radians,11,11,1.0,1.0,0.2339218846030331,0.19964028938945522,0.49229983561694235,0.022767536864634508,,,,,,,,,,0.8935157815666714,0.08696558481680484,0.06165192206576035,0.0268744938184615
Hilbert,phase_shift_hours,6,S6_post_envelope,post_envelope,eligible,True,circular_absolute_error_radians,radians,41,41,1.0,1.0,0.3263459630591903,0.14527923094369166,0.5310707198528792,0.0021472347051127993,,,,,,,,,,1.246549756294925,0.008201832415132004,0.045363486601911904,0.0178492980296292
Hilbert,phase_shift_hours,6,S6_post_envelope,post_envelope,ineligible,True,circular_absolute_error_radians,radians,1,1,1.0,1.0,1.0012162765291013,1.0012162765291013,1.0012162765291013,0.7116997529398861,,,,,,,,,,3.824364468328043,2.7184928082639246,0.4198636441542678,0.3939735004600212
Hilbert,phase_shift_hours,7,S7_linear_drift,linear_drift,difficult,True,circular_absolute_error_radians,radians,11,11,1.0,1.0,0.23958926783440226,0.18585040440918266,0.33443058112064494,-1.685010090213268e-05,,,,,,,,,,0.9151635909027159,-6.436264440423667e-05,0.025454920234347297,-1.068576587649056e-06
Hilbert,phase_shift_hours,7,S7_linear_drift,linear_drift,eligible,True,circular_absolute_error_radians,radians,41,41,1.0,1.0,0.21425733288951765,0.13061226425303452,0.32136253398395276,-2.5915931093800637e-05,,,,,,,,,,0.818402726953259,-9.899156492176875e-05,0.0265228138405475,1.7844971138998578e-06
Hilbert,phase_shift_hours,7,S7_linear_drift,linear_drift,ineligible,True,circular_absolute_error_radians,radians,1,1,1.0,1.0,0.30210103482225414,0.30210103482225414,0.30210103482225414,-3.050077648936167e-05,,,,,,,,,,1.1539409521233253,-0.00011650438431409782,0.02918811124410025,3.6106098837499975e-05
Hilbert,phase_shift_hours,8,S8_baseline_step,baseline_step,difficult,True,circular_absolute_error_radians,radians,11,11,1.0,1.0,0.22086850441547234,0.19095312358856975,0.2792708977385867,0.003122578529804798,,,,,,,,,,0.8436555420248768,0.011927371397065345,0.02631380431941105,0.0004642511470924499
Hilbert,phase_shift_hours,8,S8_baseline_step,baseline_step,eligible,True,circular_absolute_error_radians,radians,41,41,1.0,1.0,0.19805791100142356,0.11038259719270438,0.290872583894185,-0.0108124630826405,,,,,,,,,,0.7565254933039497,-0.04130056671842075,0.028993047773311402,-0.0005030904052828503
Hilbert,phase_shift_hours,8,S8_baseline_step,baseline_step,ineligible,True,circular_absolute_error_radians,radians,1,1,1.0,1.0,0.29971878055875933,0.29971878055875933,0.29971878055875933,-0.001828681669287624,,,,,,,,,,1.1448414111216385,-0.006985049448207881,0.026457867629847198,-0.003896997141825398
Hilbert,phase_shift_hours,9,S9_acute_treatment_transient,acute_treatment_transient,difficult,True,circular_absolute_error_radians,radians,11,11,1.0,1.0,0.25408908212179604,0.17988834149248256,0.2898466869261742,-0.003508292177074379,,,,,,,,,,0.9705488017287929,-0.013400689003008337,0.02470241053811065,-0.0010284710260889509
Hilbert,phase_shift_hours,9,S9_acute_treatment_transient,acute_treatment_transient,eligible,True,circular_absolute_error_radians,radians,41,41,1.0,1.0,0.21996054408893162,0.12350504164450604,0.32371467999713044,-0.0025237156843436193,,,,,,,,,,0.84018738904647,-0.009639883826923934,0.02456901636809885,7.171289710630386e-05
Hilbert,phase_shift_hours,9,S9_acute_treatment_transient,acute_treatment_transient,ineligible,True,circular_absolute_error_radians,radians,1,1,1.0,1.0,0.31314852408576566,0.31314852408576566,0.31314852408576566,0.009427434382229372,,,,,,,,,,1.196139252724345,0.03601014678255099,0.033520124399515946,0.002126166159657099
Hilbert,post_amplitude_trajectory,0,S0_target_only,target_only,difficult,True,target_segment_calibrated_absolute_nrmse,NRMSE,10,10,1.0,1.0,0.4501467015474815,0.3607207596060028,0.593985880930382,0.0,0.9621192879351096,0.0,0.3080542580012652,0.0,0.4975428733418219,0.5276765513712597,0.34282613528752215,0.8878600575137059,0.0,,,0.1541514999398796,0.0
Hilbert,post_amplitude_trajectory,0,S0_target_only,target_only,eligible,True,target_segment_calibrated_absolute_nrmse,NRMSE,42,42,1.0,1.0,0.11415247174094842,0.08641646024398734,0.13849792253953142,0.0,0.993661833065512,0.0,0.06307099027999341,0.0,-0.0619513815456936,0.06711660868991257,0.04169597588437819,0.10301296851184036,0.0,,,0.0476929242320369,0.0
Hilbert,post_amplitude_trajectory,0,S0_target_only,target_only,ineligible,True,target_segment_calibrated_absolute_nrmse,NRMSE,1,1,1.0,1.0,0.49236434875238355,0.49236434875238355,0.49236434875238355,0.0,0.9770285981055278,0.0,0.30586412328495305,0.0,0.3729863760425734,0.3729863760425734,0.3729863760425734,0.3729863760425734,0.0,,,0.41862210611289474,0.0
Hilbert,post_amplitude_trajectory,1,S1_post_period,post_period,difficult,True,target_segment_calibrated_absolute_nrmse,NRMSE,10,10,1.0,1.0,0.6364833344018384,0.3160498560576878,1.4032315840390324,0.14515501672053008,0.9888888314156442,-0.013726497638203855,0.275146760114289,-0.01627176533244937,0.45348363937034036,0.45348363937034036,0.06572345361335835,0.6701740202639409,-0.21082663677316782,,,0.4889910839281304,0.33453591086715373
Hilbert,post_amplitude_trajectory,1,S1_post_period,post_period,eligible,True,target_segment_calibrated_absolute_nrmse,NRMSE,42,42,1.0,1.0,0.10676236587712104,0.08518515369034645,0.1315442683471758,-0.00030979737141673125,0.9951655038450112,-8.340796643974135e-05,0.054185054560931895,-0.001106201780585278,-0.053252891607905646,0.06402293722315927,0.050416187484337814,0.08358056712162029,3.1409871783155685e-05,,,0.05314417177818337,0.004893400979078101
Hilbert,post_amplitude_trajectory,1,S1_post_period,post_period,ineligible,True,target_segment_calibrated_absolute_nrmse,NRMSE,1,1,1.0,1.0,0.8965900882546631,0.8965900882546631,0.8965900882546631,0.42426946800031873,0.9858407038921027,-0.008121091824485727,0.3171963236059411,0.018296773551902207,0.4686142310653548,0.4686142310653548,0.4686142310653548,0.4686142310653548,0.08302372453066392,,,0.9380843717574443,0.4975004881800451
Hilbert,post_amplitude_trajectory,2,S2_linear_drift,linear_drift,difficult,True,target_segment_calibrated_absolute_nrmse,NRMSE,10,10,1.0,1.0,0.4503587093199323,0.3607256167424217,0.5940468433748768,1.505058024195427e-05,0.9621058880606947,3.6101074318839466e-06,0.3081821252605519,1.2863080960788531e-05,0.4986758785250602,0.5277902390835059,0.3444080406729538,0.8881585217616047,0.00014217548461334384,,,0.15441582409329446,2.7713946293958514e-05
Hilbert,post_amplitude_trajectory,2,S2_linear_drift,linear_drift,eligible,True,target_segment_calibrated_absolute_nrmse,NRMSE,42,42,1.0,1.0,0.11415922622042755,0.08641203444001325,0.1385024241368402,1.8615946727057464e-06,0.9936587882563828,5.44759994419719e-07,0.06309028334960931,3.576542775499819e-06,-0.06194021054806845,0.06713771535459842,0.04170057085747689,0.10302655209627926,1.4816845314236105e-05,,,0.0477051308502531,2.4447381682774286e-05
Hilbert,post_amplitude_trajectory,2,S2_linear_drift,linear_drift,ineligible,True,target_segment_calibrated_absolute_nrmse,NRMSE,1,1,1.0,1.0,0.49246968927539125,0.49246968927539125,0.49246968927539125,6.7135886763936e-05,0.9770049287251793,2.6725988789499944e-05,0.3058979938402163,5.902742902894054e-05,0.37329056320558873,0.37329056320558873,0.37329056320558873,0.37329056320558873,-3.060224567186243e-05,,,0.41645486331155457,-0.0022919394777353164
Hilbert,post_amplitude_trajectory,3,S3_baseline_step,baseline_step,difficult,True,target_segment_calibrated_absolute_nrmse,NRMSE,10,10,1.0,1.0,0.47300918423544674,0.4158039594205418,0.5789664678924272,0.01768535047003989,0.9591689640843157,0.0009580910032020995,0.3194953015562416,0.005104466318723775,0.5053106513766396,0.5523849310905677,0.33922446623435176,0.8704877369551851,0.026147246786134365,,,0.13778009567534727,-0.004528211702855377
Hilbert,post_amplitude_trajectory,3,S3_baseline_step,baseline_step,eligible,True,target_segment_calibrated_absolute_nrmse,NRMSE,42,42,1.0,1.0,0.12413229105994229,0.09508245182680883,0.15791312344438974,0.011804901660066074,0.9940647160511658,0.0003766421330667069,0.07867239109609142,0.012103296427948124,-0.06260387126001571,0.0717372480980742,0.03962766716112327,0.12806080456842867,0.009280805538680478,,,0.037502012802112655,-0.008482535557051352
Hilbert,post_amplitude_trajectory,3,S3_baseline_step,baseline_step,ineligible,True,target_segment_calibrated_absolute_nrmse,NRMSE,1,1,1.0,1.0,0.3799600094023323,0.3799600094023323,0.3799600094023323,-0.05522164746077174,0.9858408780245629,-0.005276340909011579,0.2384387078738181,-0.044319038390056256,0.2565410167879617,0.2565410167879617,0.2565410167879617,0.2565410167879617,-0.05545874839069642,,,0.3651086803581905,-0.05519864112556658
Hilbert,post_amplitude_trajectory,4,S4_acute_treatment_transient,acute_treatment_transient,difficult,True,target_segment_calibrated_absolute_nrmse,NRMSE,10,10,1.0,1.0,0.5145965758222718,0.33643492214009707,0.6112440349490875,-0.002208762548581336,0.9693328399545411,0.0019201846196715833,0.3543955890978302,0.01226900448502861,0.35001580602587795,0.4207743627431497,0.19053985813758212,0.8759664344887963,-0.03828162813065089,,,0.29684248455516293,0.06260524515230764
Hilbert,post_amplitude_trajectory,4,S4_acute_treatment_transient,acute_treatment_transient,eligible,True,target_segment_calibrated_absolute_nrmse,NRMSE,42,42,1.0,1.0,0.12006011769630805,0.09677813948366468,0.14934789757420186,0.007449881745411967,0.991423635967698,0.0008410046235913515,0.06827236695217423,0.0058563009764659255,-0.06674726501254358,0.07425456726996872,0.04551918334385892,0.10998157600133443,-0.0022802458565963496,,,0.050272519920956896,0.006728203724460424
Hilbert,post_amplitude_trajectory,4,S4_acute_treatment_transient,acute_treatment_transient,ineligible,True,target_segment_calibrated_absolute_nrmse,NRMSE,1,1,1.0,1.0,0.5459979612092332,0.5459979612092332,0.5459979612092332,0.026781211220029716,0.9567906318843689,0.021427243167678134,0.40378213440451116,0.09777871768067914,0.5797715665575381,0.5797715665575381,0.5797715665575381,0.5797715665575381,0.1829876620359226,,,0.28567034146685705,-0.09892656836094552
Hilbert,post_period_hours,0,S0_target_only,target_only,difficult,True,absolute_error_hours,hours,3,3,1.0,1.0,0.16217995621904713,0.11027516213257194,0.26835899793683016,0.0,,,,,,,,,,,,0.0228527654522825,0.0
Hilbert,post_period_hours,0,S0_target_only,target_only,eligible,True,absolute_error_hours,hours,49,49,1.0,1.0,0.20193839121440327,0.1262284585801421,0.30864600532396835,0.0,,,,,,,,,,,,0.0259580963166102,0.0
Hilbert,post_period_hours,0,S0_target_only,target_only,ineligible,True,absolute_error_hours,hours,1,1,1.0,1.0,0.07755540938646988,0.07755540938646988,0.07755540938646988,0.0,,,,,,,,,,,,0.07079546129155775,0.0
Hilbert,post_period_hours,1,S1_post_amplitude,post_amplitude,difficult,True,absolute_error_hours,hours,3,3,1.0,1.0,0.17115216060536653,0.0918527402957352,0.30860786392512907,0.0018298545251678178,,,,,,,,,,,,0.022359502186138448,-0.005153330108786797
Hilbert,post_period_hours,1,S1_post_amplitude,post_amplitude,eligible,True,absolute_error_hours,hours,49,49,1.0,1.0,0.2072889042861874,0.14666167598514868,0.2696804914824842,0.013495565921823882,,,,,,,,,,,,0.026065255213685398,0.003003827108562949
Hilbert,post_period_hours,1,S1_post_amplitude,post_amplitude,ineligible,True,absolute_error_hours,hours,1,1,1.0,1.0,0.07093295362601282,0.07093295362601282,0.07093295362601282,-0.0011987063485960903,,,,,,,,,,,,0.06997210033192461,-0.0007887355521816013
Hilbert,post_period_hours,2,S2_post_envelope,post_envelope,difficult,True,absolute_error_hours,hours,3,3,1.0,1.0,0.24602402541364654,0.16211540095439148,1.0783578269228098,0.0847529774484812,,,,,,,,,,,,0.027344940813092952,0.0053684832498323495
Hilbert,post_period_hours,2,S2_post_envelope,post_envelope,eligible,True,absolute_error_hours,hours,49,49,1.0,1.0,0.32121389591700833,0.12327708302668405,0.49033863682315726,0.04761229846522497,,,,,,,,,,,,0.0415420042302118,0.013380935153858598
Hilbert,post_period_hours,2,S2_post_envelope,post_envelope,ineligible,True,absolute_error_hours,hours,1,1,1.0,1.0,1.5045639826324724,1.5045639826324724,1.5045639826324724,1.430403919751157,,,,,,,,,,,,0.8910833946152222,0.8234502804472397
Hilbert,post_period_hours,3,S3_linear_drift,linear_drift,difficult,True,absolute_error_hours,hours,3,3,1.0,1.0,0.16252625509030416,0.1103222250112319,0.2684261265946857,-2.0034378300337607e-05,,,,,,,,,,,,0.0228775654708997,3.9007002558821835e-06
Hilbert,post_period_hours,3,S3_linear_drift,linear_drift,eligible,True,absolute_error_hours,hours,49,49,1.0,1.0,0.20176868660908376,0.1262875077459249,0.3085256985783893,1.5562635685029136e-05,,,,,,,,,,,,0.02594698377570265,9.99823439401526e-07
Hilbert,post_period_hours,3,S3_linear_drift,linear_drift,ineligible,True,absolute_error_hours,hours,1,1,1.0,1.0,0.07762611904954397,0.07762611904954397,0.07762611904954397,6.872830995874324e-05,,,,,,,,,,,,0.07077501811646231,-1.8076245532246127e-05
Hilbert,post_period_hours,4,S4_baseline_step,baseline_step,difficult,True,absolute_error_hours,hours,3,3,1.0,1.0,0.17620716027363237,0.12313364890173961,0.27616597126553977,0.012521073302222518,,,,,,,,,,,,0.03003295873294525,0.0009642379080748442
Hilbert,post_period_hours,4,S4_baseline_step,baseline_step,eligible,True,absolute_error_hours,hours,49,49,1.0,1.0,0.24837254964161737,0.12338148212785427,0.3392523482420273,0.019951603797823125,,,,,,,,,,,,0.029058933897589997,0.0016067993535426994
Hilbert,post_period_hours,4,S4_baseline_step,baseline_step,ineligible,True,absolute_error_hours,hours,1,1,1.0,1.0,0.010007922880179265,0.010007922880179265,0.010007922880179265,-0.05078182701131695,,,,,,,,,,,,0.07372043270577605,0.0008847276341122506
Hilbert,post_period_hours,5,S5_acute_treatment_transient,acute_treatment_transient,difficult,True,absolute_error_hours,hours,3,3,1.0,1.0,0.1788391762155772,0.12208378870213643,0.2796844686874902,0.0019215178951768053,,,,,,,,,,,,0.0288395286215182,0.00014783328223264003
Hilbert,post_period_hours,5,S5_acute_treatment_transient,acute_treatment_transient,eligible,True,absolute_error_hours,hours,49,49,1.0,1.0,0.2541281133359501,0.11674588327691282,0.3049828825357679,0.003490673237992681,,,,,,,,,,,,0.0223678051461687,-0.0005406695330142652
Hilbert,post_period_hours,5,S5_acute_treatment_transient,acute_treatment_transient,ineligible,True,absolute_error_hours,hours,1,1,1.0,1.0,0.1137305262568642,0.1137305262568642,0.1137305262568642,0.028052030952723683,,,,,,,,,,,,0.07699457137275756,0.00470052299953445
Hilbert,pre_amplitude_trajectory,0,S0_target_only,target_only,difficult,True,target_segment_calibrated_absolute_nrmse,NRMSE,11,11,1.0,1.0,0.42888785300820653,0.25434521875420774,0.6036321603433772,0.0,0.9758003896492407,0.0,0.19283840743891345,0.0,0.009545922398555451,0.159753748317187,0.07773094531084435,0.22921401218260634,0.0,,,0.0523704895870758,0.0
Hilbert,pre_amplitude_trajectory,0,S0_target_only,target_only,eligible,True,target_segment_calibrated_absolute_nrmse,NRMSE,41,41,1.0,1.0,0.1977180889340599,0.1622476618333962,0.24710006434357068,0.0,0.992153644274688,0.0,0.13383596325662578,0.0,-0.13959143847931563,0.14789684074645093,0.11263342152993322,0.18182458170485089,0.0,,,0.04651614308798925,0.0
Hilbert,pre_amplitude_trajectory,0,S0_target_only,target_only,ineligible,True,target_segment_calibrated_absolute_nrmse,NRMSE,1,1,1.0,1.0,0.260002183661168,0.260002183661168,0.260002183661168,0.0,0.9817885954104146,0.0,0.16403828967123607,0.0,-0.16242527519669264,0.16242527519669264,0.16242527519669264,0.16242527519669264,0.0,,,0.01759647338167565,0.0
Hilbert,pre_amplitude_trajectory,1,S1_pre_period,pre_period,difficult,True,target_segment_calibrated_absolute_nrmse,NRMSE,11,11,1.0,1.0,0.4784475494559891,0.21773040937772017,0.7772289261471563,-0.024220415174076897,0.9623998319604835,0.002975660756930676,0.37053342345181206,0.19394405631089912,0.4544223294944582,0.4544223294944582,0.2050744226309557,0.567901324503405,0.18425174891633617,,,0.27065543150975824,0.06917317003265791
Hilbert,pre_amplitude_trajectory,1,S1_pre_period,pre_period,eligible,True,target_segment_calibrated_absolute_nrmse,NRMSE,41,41,1.0,1.0,0.16441729292469331,0.12559564772511506,0.23058297554023785,-0.004346634988116244,0.9948149778390409,0.0005563212435235054,0.10972239505254144,-0.001909341536007303,-0.08354774915832038,0.10336825453676404,0.08187398012971875,0.1650308806735077,-0.004144985959209563,,,0.058589453890163554,0.0034694328541379996
Hilbert,pre_amplitude_trajectory,1,S1_pre_period,pre_period,ineligible,True,target_segment_calibrated_absolute_nrmse,NRMSE,1,1,1.0,1.0,0.3666587489277029,0.3666587489277029,0.3666587489277029,0.10483960580421045,0.9523818550571894,0.030320193158130893,0.3657321678642853,0.20848171312175562,0.32365642489160773,0.32365642489160773,0.32365642489160773,0.32365642489160773,0.1612311496949151,,,0.07782344924713219,0.06022697586545655
Hilbert,pre_amplitude_trajectory,2,S2_linear_drift,linear_drift,difficult,True,target_segment_calibrated_absolute_nrmse,NRMSE,11,11,1.0,1.0,0.4288986444035615,0.25426992568386386,0.6024258053744653,-0.00014247566538311274,0.9757778022859405,1.3382104641079806e-07,0.19280192832065884,-3.64791182545926e-05,0.009989190651348623,0.15931010764340045,0.07812268194964805,0.2295683905962434,1.6303637993542175e-06,,,0.05261721565299035,5.546319126041588e-05
Hilbert,pre_amplitude_trajectory,2,S2_linear_drift,linear_drift,eligible,True,target_segment_calibrated_absolute_nrmse,NRMSE,41,41,1.0,1.0,0.1976939101949992,0.16225493446744693,0.24762490397340955,-0.00015767336806439547,0.9923239635137631,-2.2004654154361702e-07,0.13369185875542114,-4.28188044762981e-05,-0.1394838954913836,0.14788638210203373,0.11261956154698374,0.18122499154691218,-4.02963305584092e-05,,,0.0465945906106878,-2.25186006205004e-05
Hilbert,pre_amplitude_trajectory,2,S2_linear_drift,linear_drift,ineligible,True,target_segment_calibrated_absolute_nrmse,NRMSE,1,1,1.0,1.0,0.2593929961813888,0.2593929961813888,0.2593929961813888,-0.0006269202316396272,0.9818288423538378,-4.6280776710205807e-05,0.16378686830028416,-0.0002139063110273426,-0.16227721299629233,0.16227721299629233,0.16227721299629233,0.16227721299629233,-0.0001535734523930854,,,0.0177394659367601,0.00014620146702204895
Hilbert,pre_period_hours,0,S0_target_only,target_only,difficult,True,absolute_error_hours,hours,10,10,1.0,1.0,0.22817121730024414,0.08764522800888752,0.24032060237100916,0.0,,,,,,,,,,,,0.24311363917147882,0.0
Hilbert,pre_period_hours,0,S0_target_only,target_only,eligible,True,absolute_error_hours,hours,42,42,1.0,1.0,0.032663394197050444,0.015632183450537074,0.05690761145518586,0.0,,,,,,,,,,,,0.021049499103401675,0.0
Hilbert,pre_period_hours,0,S0_target_only,target_only,ineligible,True,absolute_error_hours,hours,1,1,1.0,1.0,0.21366228438719226,0.21366228438719226,0.21366228438719226,0.0,,,,,,,,,,,,0.1959594479156774,0.0
Hilbert,pre_period_hours,1,S1_pre_amplitude,pre_amplitude,difficult,True,absolute_error_hours,hours,10,10,1.0,1.0,0.24725778043679103,0.14614635253102337,0.2635698795727164,0.010968387674519242,,,,,,,,,,,,0.24203723448910242,0.0012259704412825242
Hilbert,pre_period_hours,1,S1_pre_amplitude,pre_amplitude,eligible,True,absolute_error_hours,hours,42,42,1.0,1.0,0.025207558059031854,0.0110223172505437,0.05243713626443869,-0.006584864574347371,,,,,,,,,,,,0.03251235239405315,0.008601131259488125
Hilbert,pre_period_hours,1,S1_pre_amplitude,pre_amplitude,ineligible,True,absolute_error_hours,hours,1,1,1.0,1.0,0.2183592560203511,0.2183592560203511,0.2183592560203511,0.015388623818664016,,,,,,,,,,,,0.18999555523962475,-0.0027777057933244947
Hilbert,pre_period_hours,2,S2_pre_envelope,pre_envelope,difficult,True,absolute_error_hours,hours,10,10,1.0,1.0,0.14545824099819082,0.08209717540724837,0.2682617679647623,0.012529171946991546,,,,,,,,,,,,0.10420306642070032,0.0083620512796031
Hilbert,pre_period_hours,2,S2_pre_envelope,pre_envelope,eligible,True,absolute_error_hours,hours,42,42,1.0,1.0,0.07201327067915386,0.04036166774624972,0.12091073824886633,0.03716461692588702,,,,,,,,,,,,0.054889054688321046,0.0213797381175186
Hilbert,pre_period_hours,2,S2_pre_envelope,pre_envelope,ineligible,True,absolute_error_hours,hours,1,1,1.0,1.0,0.3098418360173216,0.3098418360173216,0.3098418360173216,0.09936383914295988,,,,,,,,,,,,0.0329175127693459,-0.13698455390172615
Hilbert,pre_period_hours,3,S3_linear_drift,linear_drift,difficult,True,absolute_error_hours,hours,10,10,1.0,1.0,0.22846878574883345,0.08783705063384284,0.24038731599368202,-1.5830525880389246e-05,,,,,,,,,,,,0.2430197701718843,4.05676589555759e-06
Hilbert,pre_period_hours,3,S3_linear_drift,linear_drift,eligible,True,absolute_error_hours,hours,42,42,1.0,1.0,0.03253363245781404,0.015191484090952834,0.05549729787713309,3.5092569152794795e-06,,,,,,,,,,,,0.021053000432524227,3.754166532923646e-06
Hilbert,pre_period_hours,3,S3_linear_drift,linear_drift,ineligible,True,absolute_error_hours,hours,1,1,1.0,1.0,0.21420856320672854,0.21420856320672854,0.21420856320672854,0.00023366991375972646,,,,,,,,,,,,0.1959577365106148,-3.151939617890287e-05
STFT,post_amplitude_trajectory,0,S0_target_only,target_only,difficult,True,target_segment_calibrated_absolute_nrmse,NRMSE,10,10,1.0,1.0,0.4653715812775822,0.17903181077316604,0.637175872696329,0.0,0.9994497945625778,0.0,0.041713222082835545,0.0,0.011017956121210037,0.011017956121210037,0.0029479849803762115,0.019795801915571704,0.0,,,0.30299203619275633,0.0
STFT,post_amplitude_trajectory,0,S0_target_only,target_only,eligible,True,target_segment_calibrated_absolute_nrmse,NRMSE,42,42,1.0,1.0,0.050580665249367496,0.03688132122595472,0.06756544832116823,0.0,0.9999550143376295,0.0,0.0058212833046787,0.0,0.0029394114700619367,0.0037572123053441486,0.0017938442974741176,0.006481171801920559,0.0,,,0.02852559713420395,0.0
STFT,post_amplitude_trajectory,0,S0_target_only,target_only,ineligible,True,target_segment_calibrated_absolute_nrmse,NRMSE,1,1,1.0,1.0,0.4924381182115903,0.4924381182115903,0.4924381182115903,0.0,0.9993225716348502,0.0,0.052913002496970604,0.0,0.01844839633963702,0.01844839633963702,0.01844839633963702,0.01844839633963702,0.0,,,0.31927219052171263,0.0
STFT,post_amplitude_trajectory,1,S1_post_period,post_period,difficult,True,target_segment_calibrated_absolute_nrmse,NRMSE,10,10,1.0,1.0,0.10218119674479732,0.06064632609274832,0.5514051071507997,-0.08825296042680811,0.9992486368194915,0.0003312166006003703,0.04767643869377825,0.00759251841166555,-0.004501973287778294,0.008757919883319754,0.0036807882019976867,0.018156215403179063,0.00017564069130235338,,,0.058265116165143176,0.010246519223178175
STFT,post_amplitude_trajectory,1,S1_post_period,post_period,eligible,True,target_segment_calibrated_absolute_nrmse,NRMSE,42,42,1.0,1.0,0.026278334756377975,0.014142110689920401,0.0500269791242818,-0.023866292227795877,0.9999341622427675,1.6846601570918995e-05,0.0051454647110735,-3.648377904737497e-05,-0.0004043844303463634,0.0017499097729206936,0.0007244171634206778,0.0038027984627643507,-0.0013487749812857164,,,0.03581870635084755,0.0005484378998305266
STFT,post_amplitude_trajectory,1,S1_post_period,post_period,ineligible,True,target_segment_calibrated_absolute_nrmse,NRMSE,1,1,1.0,1.0,0.16201688114787455,0.16201688114787455,0.16201688114787455,-0.31182558494037904,0.9974557481058695,0.001860008693290005,0.10255108372703056,0.048027126001349604,-0.027804629411637194,0.027804629411637194,0.027804629411637194,0.027804629411637194,0.007868175335119076,,,0.222950618580174,-0.09269255855301184
STFT,post_amplitude_trajectory,2,S2_linear_drift,linear_drift,difficult,True,target_segment_calibrated_absolute_nrmse,NRMSE,10,10,1.0,1.0,0.46494635530613776,0.17877387905389908,0.6377441877562042,2.4088619800261696e-06,0.9994322114781242,1.9154536982923798e-06,0.04218582746208613,2.8600341407550062e-05,0.028505533883496942,0.0356783849200524,0.016040893458221267,0.04595338013784325,0.003325667967613341,,,0.30324304872185487,2.092748504155771e-07
STFT,post_amplitude_trajectory,2,S2_linear_drift,linear_drift,eligible,True,target_segment_calibrated_absolute_nrmse,NRMSE,42,42,1.0,1.0,0.05038069066346433,0.03690706280554139,0.06712071654390572,4.73775525515821e-05,0.9999364530540558,4.0174076358368005e-06,0.006451199150572475,0.0001673575505922,0.0033004976226609153,0.004435545555218378,0.0024875992489132234,0.006509031731097424,0.0001808923364682441,,,0.028561410758568224,0.0
STFT,post_amplitude_trajectory,2,S2_linear_drift,linear_drift,ineligible,True,target_segment_calibrated_absolute_nrmse,NRMSE,1,1,1.0,1.0,0.4935481419246851,0.4935481419246851,0.4935481419246851,0.0012933128057260324,0.9993723140085192,-5.03682673836936e-05,0.0585946524313631,0.00498859522178275,0.163171772534758,0.163171772534758,0.163171772534758,0.163171772534758,0.14488387070246145,,,0.3192854897382553,2.6056055804440925e-05
STFT,post_amplitude_trajectory,3,S3_baseline_step,baseline_step,difficult,True,target_segment_calibrated_absolute_nrmse,NRMSE,10,10,1.0,1.0,0.47658235926072556,0.16529907067091237,0.6137290791617444,0.00211779419019565,0.9995740017925403,0.00020025306761708994,0.03755838460041212,0.006454215349115774,0.011666434552410232,0.011666434552410232,0.006002678207437141,0.017201949723460702,0.005055032028425194,,,0.3045517048007086,0.00016323659335951406
STFT,post_amplitude_trajectory,3,S3_baseline_step,baseline_step,eligible,True,target_segment_calibrated_absolute_nrmse,NRMSE,42,42,1.0,1.0,0.05594105075261468,0.04365694460320602,0.08204089289934441,0.0041011757355345485,0.9989017842802497,0.0010501035946460235,0.0188882894963653,0.013179889923449125,0.003995997786628923,0.007502493561416426,0.004312233088170497,0.012500137970917292,0.004505170792637556,,,0.028846631153331324,6.464111967600418e-06
STFT,post_amplitude_trajectory,3,S3_baseline_step,baseline_step,ineligible,True,target_segment_calibrated_absolute_nrmse,NRMSE,1,1,1.0,1.0,0.46285109844005706,0.46285109844005706,0.46285109844005706,-0.017685332368195222,0.9994878581279008,-9.610356937472808e-05,0.045853960468846655,-0.0044424863410851,0.026620781252567394,0.026620781252567394,0.026620781252567394,0.026620781252567394,0.00460929007752342,,,0.3192602584343922,-1.0924152819280497e-05
STFT,post_amplitude_trajectory,4,S4_acute_treatment_transient,acute_treatment_transient,difficult,True,target_segment_calibrated_absolute_nrmse,NRMSE,10,10,1.0,1.0,0.4687814514325763,0.15309900591411424,0.6464224252851036,-0.0063046271132751845,0.9995531236291615,0.0001121119664194703,0.0418490663502428,0.003547799018705922,0.009645604105293415,0.011050969790974141,0.006027266265040521,0.05063105066363266,0.004926019510536908,,,0.3345973439716429,-8.025730637190292e-05
STFT,post_amplitude_trajectory,4,S4_acute_treatment_transient,acute_treatment_transient,eligible,True,target_segment_calibrated_absolute_nrmse,NRMSE,42,42,1.0,1.0,0.051189643559116926,0.031753767838553215,0.06789423833563545,-0.002013103569197999,0.9997977450863658,0.0001393839503729677,0.010350566065896225,0.004836083825958249,0.004037696119404785,0.005995497910454964,0.0031648923796150086,0.010813860709621835,0.002487926307878467,,,0.02825154120357535,-2.574828793434989e-05
STFT,post_amplitude_trajectory,4,S4_acute_treatment_transient,acute_treatment_transient,ineligible,True,target_segment_calibrated_absolute_nrmse,NRMSE,1,1,1.0,1.0,0.6397928556348742,0.6397928556348742,0.6397928556348742,0.15470769715943128,0.999107861818527,0.00036467631686820656,0.0536761412678644,0.004837174246143702,-0.005871431376236136,0.013220549792668956,0.013220549792668956,0.013220549792668956,-0.007588225092034384,,,0.3199995332241071,0.0007024283440289214
STFT,post_period_hours,0,S0_target_only,target_only,difficult,True,absolute_error_hours,hours,3,3,1.0,1.0,0.08047218926332533,0.06762650261962921,0.17351261340059043,0.0,,,,,,,,,,,,0.0474813974935237,0.0
STFT,post_period_hours,0,S0_target_only,target_only,eligible,True,absolute_error_hours,hours,49,49,1.0,1.0,0.11003701412006706,0.09058171147210281,0.139412339770562,0.0,,,,,,,,,,,,0.04968322876772255,0.0
STFT,post_period_hours,0,S0_target_only,target_only,ineligible,True,absolute_error_hours,hours,1,1,1.0,1.0,0.13888132919132623,0.13888132919132623,0.13888132919132623,0.0,,,,,,,,,,,,0.12385900689856724,0.0
STFT,post_period_hours,1,S1_post_amplitude,post_amplitude,difficult,True,absolute_error_hours,hours,3,3,1.0,1.0,0.08047218926332533,0.06762650261962921,0.17351261340059043,0.0,,,,,,,,,,,,0.047492785687283795,0.0006065811102885
STFT,post_period_hours,1,S1_post_amplitude,post_amplitude,eligible,True,absolute_error_hours,hours,49,49,1.0,1.0,0.11424294866994522,0.09134707961973199,0.1687089561195858,0.0,,,,,,,,,,,,0.0507748294012429,0.0001750128272547495
STFT,post_period_hours,1,S1_post_amplitude,post_amplitude,ineligible,True,absolute_error_hours,hours,1,1,1.0,1.0,0.13888132919132623,0.13888132919132623,0.13888132919132623,0.0,,,,,,,,,,,,0.12395751887679925,6.306357635574994e-05
STFT,post_period_hours,2,S2_post_envelope,post_envelope,difficult,True,absolute_error_hours,hours,3,3,1.0,1.0,0.08047218926332533,0.06762650261962921,0.2141201651121447,0.0,,,,,,,,,,,,0.037551867901058356,0.012953964649207748
STFT,post_period_hours,2,S2_post_envelope,post_envelope,eligible,True,absolute_error_hours,hours,49,49,1.0,1.0,0.11424294866994522,0.09058171147210281,0.1453686286728022,0.0,,,,,,,,,,,,0.03829615389986895,-0.009735844539124
STFT,post_period_hours,2,S2_post_envelope,post_envelope,ineligible,True,absolute_error_hours,hours,1,1,1.0,1.0,0.16054332063751708,0.16054332063751708,0.16054332063751708,0.0,,,,,,,,,,,,0.22292083143176766,0.0990618245332004
STFT,post_period_hours,3,S3_linear_drift,linear_drift,difficult,True,absolute_error_hours,hours,3,3,1.0,1.0,0.08047218926332533,0.06762650261962921,0.17351261340059043,0.0,,,,,,,,,,,,0.0475086317427649,0.0
STFT,post_period_hours,3,S3_linear_drift,linear_drift,eligible,True,absolute_error_hours,hours,49,49,1.0,1.0,0.11003701412006706,0.09058171147210281,0.139412339770562,0.0,,,,,,,,,,,,0.0506810779582278,0.0
STFT,post_period_hours,3,S3_linear_drift,linear_drift,ineligible,True,absolute_error_hours,hours,1,1,1.0,1.0,0.13888132919132623,0.13888132919132623,0.13888132919132623,0.0,,,,,,,,,,,,0.1235304317332392,-0.00011341482064165104
STFT,post_period_hours,4,S4_baseline_step,baseline_step,difficult,True,absolute_error_hours,hours,3,3,1.0,1.0,0.08047218926332533,0.06762650261962921,0.17351261340059043,0.0,,,,,,,,,,,,0.0479702286037256,0.0005293433358555533
STFT,post_period_hours,4,S4_baseline_step,baseline_step,eligible,True,absolute_error_hours,hours,49,49,1.0,1.0,0.11424294866994522,0.09134707961973199,0.1453686286728022,0.0,,,,,,,,,,,,0.051860655010026846,4.443690225255058e-05
STFT,post_period_hours,4,S4_baseline_step,baseline_step,ineligible,True,absolute_error_hours,hours,1,1,1.0,1.0,0.13888132919132623,0.13888132919132623,0.13888132919132623,0.0,,,,,,,,,,,,0.12389239646488559,-5.2556032940492825e-06
STFT,post_period_hours,5,S5_acute_treatment_transient,acute_treatment_transient,difficult,True,absolute_error_hours,hours,3,3,1.0,1.0,0.08047218926332533,0.06762650261962921,0.17351261340059043,0.0,,,,,,,,,,,,0.0491313288315372,-5.904372516474243e-05
STFT,post_period_hours,5,S5_acute_treatment_transient,acute_treatment_transient,eligible,True,absolute_error_hours,hours,49,49,1.0,1.0,0.11424294866994522,0.09134707961973199,0.1687089561195858,0.0,,,,,,,,,,,,0.0530442120183221,0.001202174786480159
STFT,post_period_hours,5,S5_acute_treatment_transient,acute_treatment_transient,ineligible,True,absolute_error_hours,hours,1,1,1.0,1.0,0.13888132919132623,0.13888132919132623,0.13888132919132623,0.0,,,,,,,,,,,,0.12084677749237116,-0.002785004205831894
STFT,pre_amplitude_trajectory,0,S0_target_only,target_only,difficult,True,target_segment_calibrated_absolute_nrmse,NRMSE,11,11,1.0,1.0,0.14443697743767275,0.07643661046316078,0.2775999024872717,0.0,0.994359173490633,0.0,0.08674497308153556,0.0,0.14013192960295917,0.14013192960295917,0.04141720066473382,0.21210925427150318,0.0,,,0.10384046817086225,0.0
STFT,pre_amplitude_trajectory,0,S0_target_only,target_only,eligible,True,target_segment_calibrated_absolute_nrmse,NRMSE,41,41,1.0,1.0,0.050177399494095554,0.03992303476245945,0.0614888006962903,0.0,0.9990250957027482,0.0,0.022747364596222598,0.0,0.022615575435408902,0.022615575435408902,0.01369021960160327,0.038773555088114725,0.0,,,0.02250482089656285,0.0
STFT,pre_amplitude_trajectory,0,S0_target_only,target_only,ineligible,True,target_segment_calibrated_absolute_nrmse,NRMSE,1,1,1.0,1.0,0.1154475783489405,0.1154475783489405,0.1154475783489405,0.0,0.9924962844572016,0.0,0.0901074610952663,0.0,0.10104329440685308,0.10104329440685308,0.10104329440685308,0.10104329440685308,0.0,,,0.03820015552134575,0.0
STFT,pre_amplitude_trajectory,1,S1_pre_period,pre_period,difficult,True,target_segment_calibrated_absolute_nrmse,NRMSE,11,11,1.0,1.0,0.1151359770803971,0.06436406362012947,0.162885166384654,-0.020827370984966606,0.9838408616796368,0.0009765224005153783,0.08821300118929476,-0.0023979126090442476,0.056611450369463606,0.05662225074882343,0.023462498901353657,0.14200642125958107,-0.019163320502629397,,,0.15619931455449085,-0.0035617928986773004
STFT,pre_amplitude_trajectory,1,S1_pre_period,pre_period,eligible,True,target_segment_calibrated_absolute_nrmse,NRMSE,41,41,1.0,1.0,0.03948182071117045,0.02896912213805615,0.06880235434749629,-0.00854678256605825,0.9990623477695839,7.294317577982712e-05,0.02212079223163185,-8.035236034724998e-05,0.014400934926922904,0.019453035358903414,0.010776057083032753,0.026425817632841603,-0.0013803926817933013,,,0.03224731122604155,0.012158542102057747
STFT,pre_amplitude_trajectory,1,S1_pre_period,pre_period,ineligible,True,target_segment_calibrated_absolute_nrmse,NRMSE,1,1,1.0,1.0,0.12222366515755115,0.12222366515755115,0.12222366515755115,0.0082147138451956,0.9978702724128673,-0.005651118433026181,0.07017668492163985,-0.035056797137154,-0.03034016305163656,0.03034016305163656,0.03034016305163656,0.03034016305163656,-0.05094857629421158,,,0.15787796714260066,0.11893416424371775
STFT,pre_amplitude_trajectory,2,S2_linear_drift,linear_drift,difficult,True,target_segment_calibrated_absolute_nrmse,NRMSE,11,11,1.0,1.0,0.1366440744259659,0.07641732918938032,0.2755128681680288,-0.00037768928746075014,0.99227732696557,0.0001445190007356434,0.08673480577077494,0.00014318161335970248,0.1439013443274353,0.1439013443274353,0.04262965510878896,0.21601859648892488,3.932130418798918e-05,,,0.1040063460128289,0.0
STFT,pre_amplitude_trajectory,2,S2_linear_drift,linear_drift,eligible,True,target_segment_calibrated_absolute_nrmse,NRMSE,41,41,1.0,1.0,0.049098495344003804,0.03970873393991055,0.0617662115916363,-0.00032284786374460125,0.9990302627154573,1.2107984500020486e-06,0.024375237698669,0.00033783105305870004,0.023299707235415523,0.023299707235415523,0.013717315934039007,0.03918457465350844,0.0002372171302181536,,,0.02280375605974925,0.0
STFT,pre_amplitude_trajectory,2,S2_linear_drift,linear_drift,ineligible,True,target_segment_calibrated_absolute_nrmse,NRMSE,1,1,1.0,1.0,0.1146444776789476,0.1146444776789476,0.1146444776789476,-0.0008159396713111958,0.9925025850532527,-7.700730371706932e-07,0.09069833799640065,0.0006197273996395511,0.10172984997705584,0.10172984997705584,0.10172984997705584,0.10172984997705584,0.000712346299104577,,,0.037340220256665196,-0.000859935264680551
STFT,pre_period_hours,0,S0_target_only,target_only,difficult,True,absolute_error_hours,hours,10,10,1.0,1.0,0.16165841614175225,0.09593668424058777,0.3079055760618883,0.0,,,,,,,,,,,,0.13789810551631732,0.0
STFT,pre_period_hours,0,S0_target_only,target_only,eligible,True,absolute_error_hours,hours,42,42,1.0,1.0,0.11643777489507201,0.08423472173115831,0.15129058214112856,0.0,,,,,,,,,,,,0.037942085359275,0.0
STFT,pre_period_hours,0,S0_target_only,target_only,ineligible,True,absolute_error_hours,hours,1,1,1.0,1.0,0.07752639332526101,0.07752639332526101,0.07752639332526101,0.0,,,,,,,,,,,,0.1395116439202051,0.0
STFT,pre_period_hours,1,S1_pre_amplitude,pre_amplitude,difficult,True,absolute_error_hours,hours,10,10,1.0,1.0,0.19153547537328652,0.14373588463874354,0.31919493790293796,0.0,,,,,,,,,,,,0.13797495941650492,-9.351178310586586e-05
STFT,pre_period_hours,1,S1_pre_amplitude,pre_amplitude,eligible,True,absolute_error_hours,hours,42,42,1.0,1.0,0.11643777489507201,0.08423472173115831,0.14793726201498325,0.0,,,,,,,,,,,,0.034752103184584424,-0.0008233992231314992
STFT,pre_period_hours,1,S1_pre_amplitude,pre_amplitude,ineligible,True,absolute_error_hours,hours,1,1,1.0,1.0,0.07752639332526101,0.07752639332526101,0.07752639332526101,0.0,,,,,,,,,,,,0.14029448769288325,0.0006720773882189501
STFT,pre_period_hours,2,S2_pre_envelope,pre_envelope,difficult,True,absolute_error_hours,hours,10,10,1.0,1.0,0.23096394214067395,0.14373588463874354,0.3433556758425369,0.0,,,,,,,,,,,,0.15746516338194474,0.01923186598225645
STFT,pre_period_hours,2,S2_pre_envelope,pre_envelope,eligible,True,absolute_error_hours,hours,42,42,1.0,1.0,0.11643777489507201,0.09220898559322066,0.14305535149153226,0.0,,,,,,,,,,,,0.03347248397766633,-0.0032972671939121502
STFT,pre_period_hours,2,S2_pre_envelope,pre_envelope,ineligible,True,absolute_error_hours,hours,1,1,1.0,1.0,0.13177191526350107,0.13177191526350107,0.13177191526350107,0.0,,,,,,,,,,,,0.15789550737340002,0.018204000717465488
STFT,pre_period_hours,3,S3_linear_drift,linear_drift,difficult,True,absolute_error_hours,hours,10,10,1.0,1.0,0.16165841614175225,0.09593668424058777,0.3079055760618883,0.0,,,,,,,,,,,,0.1375795069822182,-1.8696847421048601e-06
STFT,pre_period_hours,3,S3_linear_drift,linear_drift,eligible,True,absolute_error_hours,hours,42,42,1.0,1.0,0.11340641679722019,0.08423472173115831,0.15129058214112856,0.0,,,,,,,,,,,,0.038133473464731255,0.0
STFT,pre_period_hours,3,S3_linear_drift,linear_drift,ineligible,True,absolute_error_hours,hours,1,1,1.0,1.0,0.07752639332526101,0.07752639332526101,0.07752639332526101,0.0,,,,,,,,,,,,0.13967975190605364,5.870704561994344e-05
